merchant_id,merchant_type,observed_days,active_days,active_day_ratio,finalized_payments,avg_txn_value_eur,cv_txn_value,verified_sales_eur,exception_rate,critical_unresolved_ratio,retry_success_rate,capture_quality,finality,capture_quality_trend,revenue_trend_slope_pct,business_age_months,existing_debt_to_sales,estimated_margin_pct,loan_amount_eur,loan_term_months,duration_months,event_observed,default_flag
m_00000,grocer,63,53,0.846540765,71,14.22,0.369,1009.68,0.0936,0.0806,0.7635,100,98.25,2.179,-1.44,52,0.287,33.03,400,6,6.1,0,0
m_00001,kiosk,316,280,0.886604612,601,45.2,0.317,27167.77,0.0741,0.0711,0.9676,96.16,100,-1.513,0.842,26,0.336,23.89,10800,9,10,0,0
m_00002,kiosk,272,137,0.50465911,136,18.68,0.363,2541.11,0.1487,0.035,0.8326,96.79,89.17,-1.709,1.29,65,0.26,17.24,800,24,6.8,1,1
m_00003,kiosk,192,135,0.704179899,263,19.12,0.481,5027.49,0.0393,0.0656,0.9356,98.47,100,-1.703,0.228,48,0.396,33.77,1500,12,12.7,0,0
m_00004,grocer,190,162,0.855096042,214,12.28,0.245,2628.64,0.078,0.0033,0.7283,95.15,90.75,-1.129,2.091,90,0.131,32.29,1100,12,12.4,0,0
m_00005,grocer,347,244,0.704271844,561,28.39,0.27,15929.19,0.0845,0.1108,0.4215,97.13,99.58,0.065,3.035,28,0.276,20.76,7600,18,20.7,0,0
m_00006,takeaway,61,38,0.638590091,92,27.21,0.449,2503.5,0.1284,0.1072,0.9368,100,87.29,-0.393,1.794,29,0.115,10.95,500,18,17.9,0,0
m_00007,grocer,288,225,0.784481443,599,21.66,0.123,12975.68,0.1633,0.0344,0.9412,97.37,97.16,0.788,1.042,16,0.277,36.8,2600,9,9.9,0,0
m_00008,kiosk,104,69,0.66927365,205,72.3,0.499,14821.32,0.2423,0.0506,0.4359,100,97.44,-1.635,-0.133,105,0.436,20.79,2500,18,6.1,1,1
m_00009,grocer,64,39,0.617586266,70,7.52,0.109,526.19,0.0427,0.0114,0.7929,94.27,94.21,-1.308,0.45,67,0.379,30.29,100,24,6.2,0,0
m_00010,grocer,224,100,0.447123342,227,36.53,0.313,8291.68,0.0655,0.0781,0.7482,98.01,90.43,0.23,-2.433,19,0.218,26.31,3600,12,5.5,0,0
m_00011,cafe_bakery,390,356,0.912975195,299,9.7,0.11,2900.85,0.1487,0.026,0.4154,98.73,94.88,-1.446,-2.079,52,0.016,32.74,1000,9,10.2,0,0
m_00012,takeaway,302,244,0.810362127,681,13.48,0.192,9182.26,0.0924,0.0568,0.7738,97.95,96.96,-2.043,2.817,79,0.358,30.04,2700,24,13.7,0,0
m_00013,grocer,311,284,0.91453198,611,28.99,0.545,17712.53,0.0948,0.0297,0.9257,96.14,91.4,-2.295,3.807,29,0.147,40.85,5700,9,10,0,0
m_00014,kiosk,295,192,0.654038819,331,5.49,0.507,1818.26,0.1226,0.0794,0.8609,92.62,95.17,-0.073,-2.432,27,0.637,34.33,800,18,9.1,0,0
m_00015,takeaway,320,184,0.577923025,323,22.4,0.523,7236.49,0.0859,0.0906,0.9375,100,95.75,-0.103,1.393,13,0.571,8.08,3200,6,2.7,1,1
m_00016,grocer,219,104,0.478360388,256,10.13,0.133,2592.86,0.0177,0.0372,0.9391,92.77,97.81,-0.174,-2.749,62,0.053,24.23,1100,24,26.6,0,0
m_00017,kiosk,77,26,0.34665648,68,13.49,0.192,917.5,0.0751,0.0587,0.913,92.99,89.63,1.825,3.596,25,0.369,29.25,200,6,7.1,0,0
m_00018,kiosk,340,179,0.527286234,461,9.13,0.401,4208.2,0.1204,0.0345,0.3741,98.74,93.62,0.453,0.267,17,0.349,23.82,1600,24,2,0,0
m_00019,grocer,196,165,0.843542149,317,6.94,0.457,2200.1,0.034,0.0171,0.6677,95.89,96.7,0.001,5.339,50,0.307,39.71,600,12,14.2,0,0
m_00020,takeaway,215,133,0.622556826,214,19.55,0.23,4182.92,0.0715,0.1049,0.7863,97.43,94.41,2.022,-0.973,14,0.086,32.46,1300,12,12.8,0,0
m_00021,kiosk,167,155,0.932978429,446,18.23,0.263,8130.61,0.053,0.0516,0.864,93.15,91.61,1.463,-0.719,44,0.121,8.91,1600,24,18.5,0,0
m_00022,takeaway,97,86,0.89409326,188,26.03,0.18,4893.98,0.1604,0.0254,0.9011,97.87,99.74,-1.095,1.099,18,0.085,24.23,1600,9,11.1,0,0
m_00023,kiosk,372,303,0.815771452,604,10.98,0.599,6632.68,0.0655,0.0498,0.9911,99.51,99.88,1.252,2.107,53,0.177,28.18,3200,6,8.4,0,0
m_00024,cafe_bakery,319,157,0.49308829,332,15.76,0.279,5233.08,0.0154,0.0177,0.6591,92.32,99.01,2.659,1.922,20,0.061,19.96,2000,18,3.4,0,0
m_00025,kiosk,268,202,0.756099295,441,22.03,0.355,9716.5,0.1335,0.0938,0.6957,97.76,94.54,2.665,2.248,26,0.127,34.76,1600,6,7,0,0
m_00026,grocer,178,134,0.758357666,317,36.08,0.363,11438.14,0.0839,0.0572,0.7284,99.71,95.18,1.465,-0.152,39,0.255,33.5,5100,6,6.4,0,0
m_00027,takeaway,334,246,0.736973052,496,24.97,0.516,12384.3,0.0514,0.0513,0.6925,93,100,0.582,2.271,28,0.377,31.83,4700,12,12.1,0,0
m_00028,cafe_bakery,231,202,0.875434368,550,27.69,0.207,15229.13,0.0985,0.0291,0.8566,97.43,99.21,0.435,4.747,107,0.057,35.26,4600,18,18.3,0,0
m_00029,takeaway,194,180,0.92893063,484,12.81,0.525,6198.28,0.0948,0.018,0.7584,97.15,100,2.186,1.902,22,0.278,41.35,1900,12,13.4,0,0
m_00030,kiosk,196,139,0.710268049,246,19.77,0.158,4863.46,0.1208,0.0391,0.7668,98.07,96.34,-2.007,-1.336,17,0.106,36.26,2000,24,21.9,0,0
m_00031,grocer,114,106,0.934413885,124,33.14,0.525,4109.01,0.0802,0.0368,0.9367,96.18,98.44,1.901,1.154,82,0.066,36.05,1000,9,11.8,0,1
m_00032,kiosk,64,50,0.786942163,103,15.28,0.093,1574.24,0.1112,0.0526,0.8406,92.63,98.66,0.196,-3.615,32,0.482,27.81,500,6,2.7,0,0
m_00033,takeaway,235,143,0.61227317,309,19.84,0.334,6130.4,0.122,0.0319,0.7253,95.81,100,-1.384,1.705,51,0.137,22.2,2600,6,7.5,0,0
m_00034,cafe_bakery,358,183,0.512007906,357,4.91,0.594,1753.67,0.0288,0.0449,0.7873,95.33,86.88,-1.773,-3.035,24,0.157,48.46,800,6,6.8,0,0
m_00035,grocer,53,27,0.510434056,74,23.28,0.455,1722.95,0.0337,0.0157,0.6772,96.8,96.49,-2.558,1.737,30,0.322,32.14,800,24,25.4,0,0
m_00036,kiosk,347,201,0.580192865,201,18,0.413,3618.05,0.053,0.004,0.7299,100,99.81,0.847,0.219,44,0.141,18.35,1300,9,11.9,0,0
m_00037,kiosk,336,208,0.619965704,297,22.39,0.193,6650.7,0.0132,0.0273,0.8534,92.54,100,2.884,2.31,42,0.043,27.22,3000,18,19.7,0,0
m_00038,grocer,132,101,0.765443989,273,13,0.24,3549.09,0.1932,0.067,0.7361,99.88,94.19,-0.749,0.397,67,0.286,24.5,1400,18,9.2,1,1
m_00039,kiosk,263,218,0.830378723,624,4.05,0.552,2527.85,0.0361,0.011,0.4119,100,97.56,-1.281,3.127,16,0.225,36.28,1100,24,24.1,0,0
m_00040,kiosk,91,57,0.634921519,99,23.92,0.421,2368.53,0.1405,0.0615,0.6519,100,98.94,1.813,1.445,41,0.095,24.87,600,12,12.1,0,1
m_00041,cafe_bakery,310,292,0.941960142,357,9.89,0.484,3532.47,0.0295,0.0111,0.7348,100,100,0.17,2.503,10,0.309,12.59,600,18,20.6,0,0
m_00042,cafe_bakery,289,246,0.854009982,424,5.33,0.361,2260.41,0.0414,0.0538,0.5282,97.58,97.42,1.882,-0.468,34,0.169,33.85,1100,9,10.7,0,0
m_00043,kiosk,161,105,0.656094926,189,17.27,0.308,3263.34,0.1539,0.0078,0.9021,97.22,97.03,-1.464,-0.573,61,0.194,22.66,1300,12,11.7,1,1
m_00044,takeaway,55,26,0.474251788,50,38.73,0.465,1936.66,0.1811,0.0425,0.9088,91.58,94.92,0.979,-2.488,130,0.087,4.93,900,6,3.9,1,1
m_00045,takeaway,389,346,0.890726563,485,8.93,0.389,4330.16,0.0271,0.1336,0.7706,96.35,100,2.723,-1.975,46,0.364,37.06,1600,12,14.1,0,0
m_00046,takeaway,194,103,0.531089398,153,10.16,0.325,1554.86,0.1425,0.0218,0.9105,100,100,-1.575,0.494,63,0.447,14.88,400,9,0.3,0,0
m_00047,kiosk,360,263,0.732086828,589,24.62,0.138,14501.49,0.0221,0.0605,0.7488,92.74,100,-0.481,0.431,28,0.162,18.11,4600,12,13.1,0,0
m_00048,cafe_bakery,280,211,0.75387879,457,13.77,0.493,6293.26,0.0242,0.0649,0.6878,94.42,98.97,-0.542,1.104,29,0.317,28.8,2500,24,8,0,0
m_00049,cafe_bakery,318,196,0.618782041,442,23.88,0.416,10553.12,0.1647,0.0291,0.7749,97.33,96.98,1.124,-1.078,37,0.312,29.4,3900,6,6,0,0
m_00050,cafe_bakery,311,262,0.843221153,427,13.31,0.259,5684.28,0.1688,0.0141,0.8113,92.04,93.65,1.891,0.64,36,0.47,22.57,900,24,25.1,0,0
m_00051,kiosk,102,76,0.746972403,117,12,0.527,1404.44,0.1415,0.0135,0.738,100,93.04,-1.023,2.993,43,0.184,31.65,500,9,9.4,0,1
m_00052,grocer,164,117,0.716088391,184,9.22,0.387,1697.18,0.1147,0.0422,0.6059,98.75,100,3.747,1.168,18,0.455,36.38,500,6,6.9,0,0
m_00053,kiosk,202,145,0.721639001,419,18.95,0.39,7941.49,0.1123,0.0049,0.8558,98.03,100,0.085,0.38,75,0.107,18.79,3400,24,15.8,0,0
m_00054,takeaway,214,178,0.83533259,297,9.18,0.483,2727.9,0.071,0.1955,0.8987,99.43,96.98,-0.851,0.872,39,0.358,28.72,1200,6,7.3,0,0
m_00055,kiosk,46,27,0.597473783,57,11.55,0.45,658.08,0.1491,0.0855,0.6798,95.98,96.98,2.142,2.788,53,0.277,29.3,300,24,24.6,0,0
m_00056,takeaway,232,161,0.694562389,313,29.35,0.394,9186.98,0.1244,0.1572,0.813,97.84,96.85,0.21,0.648,64,0.164,39.96,2700,18,1.7,0,0
m_00057,cafe_bakery,87,64,0.738961104,174,48.14,0.322,8376.55,0.0405,0.0613,0.7663,94.07,100,-0.564,-0.739,20,0.144,30.11,3500,12,7.2,0,0
m_00058,kiosk,305,224,0.737422803,361,20.38,0.648,7358.59,0.0357,0.012,0.7686,90.05,99.03,-0.814,-0.719,71,0.092,9.54,3500,6,6.8,0,0
m_00059,grocer,282,122,0.434297201,214,30,0.24,6420.73,0.0335,0.0452,0.8361,96.9,94.28,3.153,-0.788,47,0.131,51.05,1400,18,19.4,0,0
m_00060,cafe_bakery,371,282,0.760711491,748,12.44,0.462,9305.7,0.0722,0.0468,0.9612,100,98.04,-1.491,-0.838,49,0.122,29.05,4100,12,13.4,0,1
m_00061,kiosk,305,59,0.195821231,68,13.51,0.337,918.74,0.0565,0.1027,0.7876,100,89.67,1.689,1.879,36,0.173,30.48,200,18,1.9,1,1
m_00062,cafe_bakery,165,119,0.72374077,250,17.75,0.418,4438.41,0.1245,0.0682,0.8196,96.43,93.53,-1.217,3.701,83,0.09,26.85,1000,24,24.9,0,0
m_00063,grocer,387,162,0.418915832,272,9.99,0.535,2718.03,0.0404,0.0957,0.6517,96.17,89,-0.934,-0.517,71,0.122,30.64,1300,24,11.3,1,1
m_00064,kiosk,182,138,0.759309766,409,11.9,0.303,4865.41,0.1182,0.1357,0.8667,92.33,92.57,-0.123,-1.504,26,0.263,32.16,800,18,19.2,0,1
m_00065,cafe_bakery,150,113,0.75747132,269,23.41,0.44,6296.08,0.0149,0.1067,0.8471,100,92.94,0.698,-2.241,34,0.152,35.63,1200,6,6.9,0,0
m_00066,cafe_bakery,365,293,0.803751202,241,15.99,0.39,3852.54,0.058,0.0122,0.5285,98.27,87.67,-2.467,3.753,44,0.083,26.35,900,18,18.1,0,0
m_00067,takeaway,167,103,0.622429271,272,14.41,0.254,3918.33,0.1268,0.026,0.9083,96.43,100,-0.817,2.233,36,0.056,4,1300,18,20,0,0
m_00068,takeaway,58,49,0.856518293,115,13.98,0.539,1607.27,0.049,0.0723,0.5309,91.08,93.97,1.544,-1.062,67,0.575,23.49,600,24,23.2,0,0
m_00069,kiosk,203,157,0.774463462,319,7.83,0.457,2496.51,0.1392,0.0213,0.8506,91.59,94.71,1.537,0.581,72,0.258,25.73,800,12,13.3,0,0
m_00070,cafe_bakery,324,162,0.502367424,213,17.36,0.285,3697.78,0.0234,0.0239,0.7021,97.39,92.56,-0.435,3.106,30,0.073,20.99,1800,12,12.9,0,1
m_00071,grocer,100,65,0.6595441,73,10,0.516,729.8,0.0425,0.091,0.9912,92.37,98.26,-1.763,0.173,27,0.13,16.99,100,6,6.4,0,1
m_00072,cafe_bakery,201,119,0.593998722,259,4.87,0.225,1262.33,0.0985,0.1274,0.6312,98.61,100,0.323,2.025,36,0.156,23.05,600,12,5.2,0,0
m_00073,kiosk,78,54,0.700538328,95,7.08,0.346,672.33,0.1305,0.114,0.7839,98.76,98.09,1.25,-0.012,45,0.111,36.4,100,24,23.1,1,1
m_00074,kiosk,283,132,0.466477217,355,14.14,0.286,5019.6,0.0676,0.0329,0.8937,93.06,97.39,0.272,-0.291,45,0.443,30.98,900,6,6.7,0,1
m_00075,takeaway,206,161,0.786126015,221,22.31,0.463,4930.04,0.1114,0.0489,0.8997,97.15,88.1,2.108,-4.998,22,0.559,14.3,900,18,11,1,1
m_00076,kiosk,152,89,0.589727354,196,25.74,0.278,5045.96,0.0356,0.0424,0.9139,94.18,95.59,-0.405,-0.509,18,0.204,10.3,2200,12,5.8,0,0
m_00077,grocer,113,48,0.43248389,64,5.93,0.464,379.6,0.1073,0.0396,0.5754,99.82,98.59,-1.977,-0.772,64,0.4,10.16,100,9,9.6,0,1
m_00078,takeaway,238,152,0.640243192,334,21.03,0.439,7024.23,0.0989,0.2103,0.8396,100,100,-0.892,1.341,28,0.629,30.25,2400,9,12,0,0
m_00079,kiosk,277,213,0.772049271,193,40.06,0.294,7731.83,0.0608,0.0901,0.5699,96.64,98.43,0.002,0.799,34,0.146,12.72,2500,6,7.4,0,0
m_00080,grocer,377,193,0.51433494,320,26.49,0.624,8476.54,0.1722,0.0022,0.7193,100,100,-1.055,0.696,59,0.119,26.92,2900,9,9,0,0
m_00081,kiosk,191,155,0.812418421,182,16.96,0.238,3087.14,0.0349,0.0341,0.8976,100,93.09,-0.779,2.205,41,0.359,34.3,600,12,12.5,0,0
m_00082,kiosk,89,81,0.917082681,172,17.8,0.139,3061.84,0.0136,0.0817,0.8709,96.77,93.09,1.443,-4.375,34,0.247,31.72,1400,12,13.6,0,0
m_00083,kiosk,338,257,0.760875682,384,16.67,0.478,6402,0.1265,0.0706,0.7859,98.6,97.53,-1.219,0.201,20,0.132,24.29,2300,24,10.5,0,0
m_00084,kiosk,263,183,0.696582295,457,11.35,0.05,5188.03,0.142,0.0211,0.8599,93.2,100,-2,-2.04,28,0.232,43.3,1600,24,5.5,0,0
m_00085,kiosk,289,209,0.726167333,219,27.22,0.574,5962.2,0.0541,0.0774,0.9214,97.41,100,1.215,-2.203,25,0.104,21.63,1900,24,2.4,0,0
m_00086,cafe_bakery,65,49,0.767826586,99,8.29,0.365,821.09,0.0831,0.0633,0.9713,96.1,87.86,0.968,-0.281,32,0.247,29.07,400,9,9.8,0,0
m_00087,grocer,145,65,0.453674476,136,17.5,0.136,2379.76,0.2336,0.0716,0.9069,100,96.44,-1.556,0.343,23,0.255,23.88,900,24,25.9,0,0
m_00088,kiosk,314,140,0.447102841,118,4.81,0.208,567.31,0.0553,0.0966,0.8816,95.12,99.81,1.061,1.305,18,0.169,25.74,200,12,14.1,0,0
m_00089,kiosk,337,171,0.507567081,150,28.65,0.105,4297.18,0.0209,0.024,0.9285,93.84,99.7,-1.696,1.172,36,0.119,35.93,2000,6,8.1,0,0
m_00090,cafe_bakery,191,105,0.550974421,155,17.08,0.407,2647.37,0.1049,0.0306,0.767,93.95,98.26,-1.085,-1.353,48,0.291,34.18,1300,6,6.7,0,0
m_00091,takeaway,327,213,0.651675444,455,5.62,0.151,2555.35,0.0427,0.0319,0.7666,99.57,95.66,-1.657,-0.094,13,0.269,9.56,500,24,21,0,0
m_00092,takeaway,341,278,0.81578823,811,34.15,0.425,27692.14,0.1127,0.055,0.9395,96.45,83.86,-0.688,3.174,21,0.225,17.42,12900,18,20,0,1
m_00093,kiosk,173,109,0.63043114,108,14.8,0.304,1598.87,0.1087,0.0853,0.8305,91.95,100,0.846,3.528,51,0.268,35.98,700,18,0.8,0,0
m_00094,grocer,362,261,0.721770047,612,6.56,0.279,4016.21,0.1414,0.0298,0.7736,100,98.45,0.405,-0.314,43,0.126,14.61,1800,6,7.7,0,0
m_00095,kiosk,136,79,0.584823934,183,42.09,0.426,7701.86,0.3328,0.0311,0.6888,92.47,92.47,-1.221,0.486,45,0.143,17.55,2700,18,1.3,1,1
m_00096,cafe_bakery,118,99,0.840391749,225,13.33,0.444,2999.95,0.0906,0.0655,0.8109,95.35,94.7,0.284,-1.493,51,0.302,31.14,600,12,12.1,0,1
m_00097,cafe_bakery,282,131,0.465789605,253,9.33,0.522,2359.62,0.0194,0.0234,0.7557,96.37,97.04,0.573,2.355,56,0.258,37.42,900,9,9.3,0,1
m_00098,grocer,265,162,0.613890625,474,18.01,0.255,8538.15,0.2873,0.0104,0.8937,93.71,97.9,1.433,4.932,33,0.06,36.16,3500,12,14.1,0,0
m_00099,kiosk,81,37,0.467201464,70,7.11,0.346,498.02,0.2562,0.0576,0.9407,91.91,90.44,0.539,-0.77,36,0.167,11.58,100,12,5.5,0,0
m_00100,grocer,338,236,0.700881606,624,11.35,0.255,7083.92,0.134,0.0235,0.8391,99.44,92.04,1.107,2.652,19,0.249,24.98,3100,18,11,0,0
m_00101,grocer,103,76,0.742886384,104,31.9,0.374,3317.33,0.1162,0.033,0.83,98.96,98,0.097,1.773,35,0.135,23.89,1400,18,21,0,0
m_00102,takeaway,327,231,0.707893098,594,43.58,0.233,25885.86,0.03,0.0967,0.995,97.16,93.69,-1.222,-0.036,49,0.18,21.69,5100,6,8.6,0,0
m_00103,kiosk,32,25,0.793525494,74,13.54,0.286,1001.69,0.1251,0.0106,0.9362,98.1,88.89,0.243,-1.092,32,0.098,11.94,300,6,8.4,0,1
m_00104,grocer,324,82,0.254215871,229,20.31,0.287,4651.49,0.0338,0.0647,0.9036,91.9,92.83,1.823,5.257,31,0.296,41.37,1800,12,12.9,0,1
m_00105,takeaway,321,100,0.313037468,146,32.71,0.394,4776,0.0882,0.034,0.8967,98.57,95.95,1.902,1.832,20,0.29,26.55,700,18,8.1,0,0
m_00106,grocer,318,207,0.654083631,550,13.27,0.35,7300.63,0.0435,0.1347,0.5193,98.24,89.44,-3.872,2.217,29,0.055,17.93,2800,24,18.6,1,1
m_00107,grocer,275,172,0.627431781,173,9.07,0.426,1568.35,0.0574,0.0924,0.5835,98.33,100,0.943,-0.123,35,0.202,31.28,500,18,5.1,1,1
m_00108,kiosk,204,182,0.895225383,416,22.55,0.334,9380.71,0.1269,0.0455,0.9595,98.32,100,-0.741,0.422,54,0.22,25.99,3800,18,20.2,0,0
m_00109,cafe_bakery,290,161,0.55813593,249,6.38,0.263,1587.57,0.0167,0.0337,0.8216,99.98,99.67,0.601,-2.134,25,0.213,36.08,800,12,7.5,0,0
m_00110,grocer,132,55,0.41840529,123,8.41,0.379,1033.88,0.1428,0.1005,0.957,96.65,96.36,-2.049,1.822,27,0.356,22.78,500,6,8.2,0,1
m_00111,cafe_bakery,318,260,0.819064315,443,5.5,0.212,2438.24,0.0291,0.0708,0.9085,97.19,91.06,-0.645,-0.449,52,0.126,23.34,900,24,18.6,0,0
m_00112,cafe_bakery,235,149,0.636350748,122,31.38,0.435,3828.86,0.1558,0.0109,0.8518,93,92.64,-2.406,-1.753,9,0.163,27.97,1900,6,8.1,0,0
m_00113,cafe_bakery,199,194,0.979766617,253,16.31,0.307,4126.27,0.0808,0.1822,0.4832,99.06,100,-0.649,-1.41,57,0.264,34.61,1100,24,10.5,0,0
m_00114,cafe_bakery,217,195,0.902314838,174,23.04,0.381,4009.78,0.0595,0.0629,0.7323,94.99,92.83,0.911,5.121,30,0.151,17.93,1900,12,14,0,0
m_00115,kiosk,240,151,0.630573489,262,8.78,0.383,2301.31,0.0282,0.0083,0.8701,95.21,95.87,0.668,-0.295,28,0.173,13.74,700,24,15.9,0,0
m_00116,kiosk,43,30,0.711758086,79,19.84,0.59,1567.58,0.1287,0.1195,0.8813,95.77,94.84,3.219,1.036,56,0.305,32.86,700,6,6.2,0,0
m_00117,grocer,81,63,0.786608537,152,20.25,0.407,3077.9,0.1674,0.0406,0.828,93.78,95.37,-0.773,-2.09,41,0.049,30.57,1200,24,24.1,0,0
m_00118,takeaway,120,71,0.599498097,180,41.97,0.361,7553.72,0.0571,0.0355,0.8053,96.68,95.5,-1.317,-0.078,36,0.246,28.28,3200,9,11.9,0,1
m_00119,kiosk,72,49,0.680722237,126,21.91,0.246,2760.52,0.0834,0.0962,0.9381,99.47,95.05,2.079,-2.441,29,0.076,28.6,1000,18,8.7,0,0
m_00120,grocer,192,178,0.928246445,288,25.71,0.47,7404.4,0.0532,0.0184,0.7734,93.66,94.19,-2.574,1.044,14,0.201,28.08,3400,12,13.2,0,0
m_00121,cafe_bakery,277,172,0.62168537,329,17.09,0.309,5623.25,0.3226,0.0275,0.8035,96.95,94.72,0.29,-1.521,22,0.338,41.28,2600,24,26.3,0,0
m_00122,cafe_bakery,272,215,0.793832372,412,1.87,0.121,770.02,0.0452,0.0475,0.9533,99,95.17,0.754,1.896,57,0.154,29.88,200,24,25.6,0,0
m_00123,cafe_bakery,204,155,0.763057917,162,18.81,0.321,3047.48,0.0789,0.0953,0.8427,89.56,92.22,-3.465,-3.279,44,0.303,25.84,1000,9,9.3,0,0
m_00124,grocer,346,222,0.641699932,469,14.08,0.379,6602.87,0.1412,0.0282,0.6271,100,90.4,-1.635,-0.964,17,0.046,17.42,2100,9,9.3,0,1
m_00125,kiosk,239,155,0.650235271,369,13.66,0.227,5038.96,0.0645,0.0245,0.7089,95.61,94.52,-2.048,2.653,61,0.1,23.95,1100,24,21.6,0,0
m_00126,grocer,59,43,0.732175968,92,11.68,0.332,1074.76,0.0871,0.0071,0.8209,94.2,92.5,1.25,3.366,11,0.141,33.35,300,6,6.6,0,0
m_00127,grocer,313,244,0.779878148,595,13.66,0.339,8125.1,0.0821,0.0617,0.838,97.24,95.74,-0.964,0.312,24,0.078,35.22,4000,9,11.6,0,0
m_00128,grocer,242,174,0.722189718,184,10.3,0.342,1895.07,0.1203,0.0144,0.9074,94.98,91.73,-0.391,-0.477,20,0.243,13.18,800,24,8.3,0,0
m_00129,grocer,264,167,0.636091005,413,24.32,0.535,10042.56,0.0756,0.0493,0.8651,96.79,88.43,-2.42,0.533,12,0.293,36.67,2900,6,2.4,0,0
m_00130,grocer,239,157,0.660842936,197,7.9,0.153,1555.81,0.2082,0.0053,0.6453,94.75,100,-1.215,4.404,36,0.578,26.6,300,12,3.4,1,1
m_00131,kiosk,234,177,0.757758191,483,38.86,0.655,18769.29,0.0796,0.0168,0.5438,100,93.47,-1.185,-0.237,28,0.217,51.34,5000,24,2.6,0,0
m_00132,kiosk,63,28,0.450965869,37,23.14,0.345,856.06,0.0493,0.0206,0.7142,100,87.1,-0.327,0.307,29,0.396,39.98,200,6,7.8,0,0
m_00133,grocer,236,167,0.711592904,314,28.05,0.437,8808.74,0.0356,0.0807,0.5866,99.17,98.97,-0.459,-1.806,44,0.119,25.96,3900,24,25.4,0,0
m_00134,kiosk,324,129,0.400428853,241,8.3,0.369,1999.48,0.1298,0.0632,0.7467,97.6,94.03,2.205,-1.055,18,0.104,16.08,500,24,23.9,0,0
m_00135,cafe_bakery,142,81,0.576821601,112,11.16,0.091,1250.38,0.1073,0.0151,0.8908,95.34,95.73,1.038,1.181,42,0.399,17.43,400,9,0.7,0,0
m_00136,cafe_bakery,253,221,0.87689247,352,16.69,0.192,5874.7,0.0903,0.1106,0.8825,100,96.47,-2.665,2.086,89,0.224,22.37,2700,24,2.5,0,0
m_00137,takeaway,41,21,0.519284498,25,15.73,0.271,393.19,0.1421,0.1026,0.8713,94.7,99.68,1.526,0.905,26,0.487,45.66,100,9,10.4,0,0
m_00138,grocer,158,103,0.657796127,211,23.17,0.499,4888.9,0.0915,0.0349,0.6755,97.96,96.86,1.32,1.961,96,0.516,24.59,2400,12,14.2,0,0
m_00139,cafe_bakery,191,104,0.545919531,292,15.77,0.142,4603.82,0.0605,0.0553,0.8634,95.44,90.03,0.102,-1.701,48,0.071,29.83,700,6,8.5,0,0
m_00140,takeaway,393,239,0.609480554,357,40.04,0.222,14293.96,0.0588,0.0103,0.8051,93.23,90.85,1.479,-1.899,52,0.328,26.22,6900,18,19.1,0,0
m_00141,kiosk,109,99,0.911617577,189,8.42,0.375,1590.79,0.1108,0.0237,0.9347,96.36,89.89,1.804,1.889,36,0.322,25.68,800,6,8.4,0,0
m_00142,takeaway,132,92,0.703581234,248,7.27,0.421,1803.05,0.1117,0.0026,0.5616,94.04,93.65,-0.729,-0.652,20,0.129,23.45,600,18,6.3,0,0
m_00143,kiosk,181,97,0.540381063,174,10.82,0.416,1882.58,0.0362,0.037,0.7837,100,97.19,-1.83,-2.049,32,0.321,42.25,900,9,1.8,0,0
m_00144,kiosk,397,287,0.725214362,754,13.67,0.202,10309.15,0.1204,0.1173,0.9094,94.74,92.39,0.847,0.706,48,0.061,36.27,4900,24,9.3,0,0
m_00145,cafe_bakery,345,283,0.821595568,504,29.46,0.11,14848.97,0.0723,0.12,0.9541,96.61,92.92,-1.223,0.472,22,0.358,13.35,7100,6,8.9,0,0
m_00146,takeaway,42,21,0.503394105,37,19.53,0.431,722.5,0.0455,0.0095,0.919,95.05,92.76,0.396,-0.08,40,0.133,11.08,300,12,8.6,0,0
m_00147,takeaway,116,87,0.750924069,99,2.23,0.565,221.07,0.0649,0.021,0.9293,93.29,93.3,-1.557,3.474,59,0.108,35.75,100,6,7.4,0,0
m_00148,kiosk,334,283,0.849500842,304,2.45,0.298,743.71,0.0305,0.0529,0.7684,99.05,98.36,1.461,4.049,24,0.114,38.4,200,6,6.9,0,0
m_00149,kiosk,51,36,0.717700576,77,14.47,0.178,1114.01,0.0522,0.0559,0.6473,96.72,94.5,-1.139,2.22,63,0.283,18.4,400,9,4.8,0,0
m_00150,cafe_bakery,346,165,0.477986649,432,11.97,0.286,5173.09,0.091,0.0881,0.8748,100,100,-0.316,1.159,23,0.143,23.34,2400,24,7,1,1
m_00151,takeaway,134,69,0.52046088,75,14.73,0.409,1104.8,0.0516,0.0416,0.8737,100,93.55,-0.413,3.06,77,0.172,38.66,600,24,1.9,0,0
m_00152,grocer,369,282,0.766027518,790,13.68,0.315,10806.1,0.0935,0.1422,0.9169,97.21,95.8,-2.124,0.616,49,0.429,34.06,4900,18,19.7,0,0
m_00153,cafe_bakery,138,60,0.436982503,95,36.76,0.561,3491.8,0.1039,0.0436,0.8668,98.1,94.91,1.619,-0.088,38,0.201,27.71,600,24,17.6,1,1
m_00154,grocer,190,175,0.922671429,303,26.95,0.489,8166.95,0.0925,0.1005,0.6263,96.73,96.85,1.928,-0.867,65,0.027,33.42,4100,6,6.8,0,0
m_00155,grocer,274,232,0.848865209,642,11.19,0.378,7184.87,0.1298,0.1214,0.8812,93.92,97.84,-0.215,-1.264,52,0.337,25.23,3100,9,1,0,0
m_00156,takeaway,76,58,0.771023772,160,15.59,0.057,2494.08,0.0567,0.1847,0.8432,92.69,95.82,-1.139,2.156,44,0.05,23.69,1200,9,2.1,1,1
m_00157,takeaway,236,139,0.58900494,271,12.99,0.246,3519.6,0.0436,0.0246,0.9906,93.83,100,-0.351,-2.704,24,0.138,38.41,1400,24,14.6,0,0
m_00158,cafe_bakery,216,146,0.679459911,205,3.37,0.268,691.18,0.0586,0.0656,0.8193,100,100,-0.759,-0.889,39,0.139,21.12,100,24,23.2,1,1
m_00159,kiosk,320,230,0.720261009,271,11.53,0.238,3124.63,0.0424,0.0203,0.7196,97.77,93.58,-0.034,-0.407,45,0.465,23.07,1400,6,3.8,0,0
m_00160,grocer,398,258,0.648896155,360,11.63,0.379,4187.64,0.1449,0.0402,0.9658,98.61,100,-0.468,-2.515,56,0.295,44.75,1400,18,21,0,0
m_00161,cafe_bakery,275,236,0.861122347,594,10.03,0.382,5957.99,0.1586,0.0092,0.7112,99.36,100,-1.361,-0.483,29,0.552,19.18,1600,9,6.7,1,1
m_00162,kiosk,181,108,0.59909494,163,11.31,0.099,1843.8,0.0256,0.0208,0.8468,96.4,90.62,1.697,0.487,25,0.18,44.44,300,9,9.8,0,0
m_00163,cafe_bakery,180,128,0.713913008,297,13.15,0.471,3904.79,0.2129,0.1598,0.772,95.18,87.42,-0.321,2.355,27,0.322,29.55,900,12,12.5,0,1
m_00164,cafe_bakery,184,115,0.62732571,141,20.47,0.352,2885.6,0.1448,0.0557,0.8791,100,96.75,2.897,-0.712,53,0.409,27.83,600,6,7.6,0,0
m_00165,cafe_bakery,331,198,0.60114342,366,10.56,0.404,3865.2,0.0775,0.043,0.9661,98.59,95.36,0.156,0.501,27,0.323,32.99,600,24,25.8,0,1
m_00166,grocer,148,116,0.788090119,182,31.97,0.462,5819.04,0.0479,0.0339,0.7507,92.01,85.98,-0.607,-2.688,53,0.086,36.17,1900,9,9.6,0,0
m_00167,grocer,91,67,0.737996597,127,8.35,0.235,1060.53,0.0635,0.0899,0.601,91.73,96.41,-0.423,-2.133,44,0.085,41.41,200,24,16.2,0,0
m_00168,cafe_bakery,153,85,0.561983711,174,28.91,0.539,5030.54,0.085,0.066,0.6891,99.25,96.08,-0.551,-3.507,47,0.059,25.54,1400,6,7,0,1
m_00169,grocer,38,27,0.719833365,80,18.58,0.329,1486.66,0.0368,0.0111,0.8333,94.35,93.46,-0.159,2.258,80,0.238,32.24,600,18,19.6,0,0
m_00170,takeaway,69,62,0.899669511,172,6.83,0.577,1175.41,0.1029,0.0169,0.5654,96.61,100,0.336,-0.356,56,0.607,23.32,200,6,8.4,0,0
m_00171,kiosk,63,40,0.636670999,93,12.94,0.216,1203.13,0.0341,0.0269,0.8616,90.44,95,-1.683,0.742,66,0.358,22.31,300,12,12.2,0,0
m_00172,takeaway,315,247,0.785202884,281,37.55,0.566,10550.84,0.0495,0.0311,0.6749,95.61,94.32,-1.532,1.347,27,0.431,29,2700,6,7.5,0,0
m_00173,takeaway,297,195,0.656903629,550,8.46,0.214,4652.38,0.1673,0.0531,0.7774,99.74,95.9,1.17,1.917,19,0.08,35.13,1700,24,12.9,0,0
m_00174,cafe_bakery,287,228,0.796304922,630,38.15,0.732,24033.93,0.0834,0.01,0.9467,95.39,90.45,0.769,4.311,22,0.412,18.56,11600,9,10.7,0,0
m_00175,takeaway,200,142,0.712297734,390,20.8,0.207,8113.59,0.0327,0.0365,0.9076,93.49,92.23,-2.363,0.217,19,0.202,11.8,3600,6,3.3,0,0
m_00176,grocer,295,215,0.730793269,398,18.77,0.508,7470.7,0.1172,0.0441,0.8799,96.27,84.62,0.784,-1.123,24,0.23,17.55,1600,18,19.9,0,0
m_00177,kiosk,89,53,0.605089189,62,20.1,0.296,1246.29,0.1876,0.0185,0.6784,97.1,97.44,1.261,1.697,34,0.286,22.98,400,6,8.7,0,1
m_00178,grocer,363,234,0.645904011,575,12.73,0.457,7320.65,0.1503,0.0456,0.6913,95.94,99.56,0.379,5.026,31,0.206,40.64,2800,18,19,0,0
m_00179,takeaway,215,203,0.945359503,335,8.71,0.344,2917.86,0.0706,0.031,0.6845,92.26,97.02,-2.481,-0.778,49,0.084,19.34,700,18,19.4,0,0
m_00180,cafe_bakery,377,157,0.41833182,244,16.02,0.186,3908.12,0.1805,0.0391,0.7079,98.18,96.71,-2.006,-1.29,25,0.21,32.74,600,18,6.2,1,1
m_00181,takeaway,86,73,0.849225952,121,19.18,0.05,2320.18,0.0438,0.0276,0.5657,95.28,95.53,-0.071,-4.81,29,0.14,39.11,800,6,6.4,0,0
m_00182,cafe_bakery,214,153,0.718711907,310,21.36,0.726,6622.79,0.1442,0.0521,0.9271,97.52,100,2.824,-3.834,47,0.077,20.06,3000,18,18.7,0,0
m_00183,kiosk,287,210,0.733420874,322,20.88,0.361,6722.24,0.1051,0.0274,0.8532,94.07,95.26,-0.808,3.139,40,0.488,41.37,1200,24,12.7,0,0
m_00184,takeaway,213,116,0.548243561,268,24.03,0.05,6439.9,0.0563,0.0947,0.8566,100,99.43,0.908,-0.047,31,0.286,33.53,1700,6,3.4,0,0
m_00185,kiosk,195,107,0.550634988,238,46.44,0.395,11052.09,0.0546,0.0139,0.9633,99.14,99.02,-0.966,-1.976,73,0.294,18.08,3000,12,13.9,0,0
m_00186,takeaway,91,53,0.590645475,101,18.22,0.453,1840.54,0.023,0.0709,0.845,95.92,90.33,2.55,0.306,60,0.579,23.83,600,9,7.4,1,1
m_00187,kiosk,170,100,0.5887648,91,31.03,0.243,2823.74,0.0383,0.0594,0.9306,97.91,98.45,0.062,5.503,91,0.065,19.84,700,6,8.2,0,0
m_00188,kiosk,118,70,0.601470894,200,21.82,0.244,4364.25,0.0408,0.0908,0.7576,100,91.37,-1.819,0.308,81,0.416,25.17,1800,6,7.2,0,1
m_00189,grocer,141,116,0.825244818,197,49.23,0.347,9698.28,0.0243,0.0794,0.995,100,93.58,-1.223,4.129,15,0.167,31.72,3000,24,25.5,0,0
m_00190,takeaway,282,120,0.427934927,214,16.69,0.53,3570.69,0.0833,0.0104,0.797,100,95.11,-1.344,-1.574,43,0.299,21.22,1600,18,8.4,0,0
m_00191,cafe_bakery,263,227,0.865897306,409,15.6,0.365,6380.19,0.0554,0.0153,0.7963,98.82,100,0.175,3.221,14,0.164,31.42,2600,9,9.2,0,0
m_00192,kiosk,254,149,0.589619509,238,29.93,0.569,7123,0.1833,0.0236,0.9121,95.37,92.96,-1.044,-0.822,34,0.639,29.51,2300,9,10.5,0,1
m_00193,grocer,163,68,0.419885635,155,29.95,0.52,4642.25,0.1232,0.0227,0.6392,98.77,97.15,-0.743,-1.239,51,0.254,17.11,1600,9,4.4,1,1
m_00194,takeaway,385,174,0.453930074,144,13.39,0.316,1928.64,0.0907,0.0527,0.9794,100,89.59,2.919,-1.579,88,0.385,31.47,700,9,3.6,1,1
m_00195,kiosk,62,31,0.509028284,84,21.36,0.114,1794.54,0.1188,0.0193,0.8531,98.82,95.08,-0.88,-0.348,51,0.688,38.49,700,6,8,0,0
m_00196,cafe_bakery,156,73,0.474012779,74,24.17,0.316,1788.64,0.1678,0.0335,0.6971,94.52,93.92,0.265,2.252,38,0.352,25.35,800,12,3,1,1
m_00197,cafe_bakery,73,52,0.723650457,155,23.39,0.429,3626,0.1069,0.0506,0.8789,97.2,100,-0.409,-0.663,35,0.065,35.11,1600,24,7,0,0
m_00198,grocer,155,148,0.959698573,322,20.12,0.359,6478.56,0.053,0.0354,0.8101,99.28,92.83,-0.074,2.439,62,0.389,17.51,2700,18,3.5,0,0
m_00199,cafe_bakery,385,242,0.629994338,228,4.54,0.445,1034.89,0.1283,0.0067,0.8277,97.52,89.58,1,-1.135,55,0.476,43.15,300,18,20.9,0,0
m_00200,takeaway,165,151,0.918198907,307,23.59,0.48,7241.92,0.0655,0.0192,0.8173,99.29,94.11,-3.297,0.136,34,0.226,33.82,3100,24,20.7,0,0
m_00201,kiosk,366,232,0.636487666,354,24.22,0.43,8573.93,0.0177,0.0641,0.9053,95.14,93.37,0.225,-0.762,17,0.048,34.81,4200,18,17.7,0,0
m_00202,takeaway,213,180,0.847292157,521,20.59,0.309,10729.78,0.0321,0.0111,0.7421,96.36,96.82,-0.564,3.924,40,0.105,21.16,2800,6,8,0,0
m_00203,kiosk,288,132,0.460171451,324,12.49,0.428,4047.34,0.0887,0.077,0.8833,98.02,100,0.263,1.335,27,0.069,34.84,1500,12,14.5,0,0
m_00204,cafe_bakery,199,142,0.714413924,271,35.44,0.685,9604.2,0.1716,0.0033,0.4385,98.17,94.51,-0.305,0.868,25,0.618,31.91,4000,9,10.9,0,0
m_00205,cafe_bakery,128,79,0.620308865,137,8.6,0.127,1177.91,0.0874,0.0153,0.8036,95.1,97.32,-0.292,-0.258,14,0.17,35.21,500,18,11.2,0,0
m_00206,kiosk,312,177,0.568850128,529,30.26,0.423,16007.26,0.1668,0.0495,0.9552,89.65,95.46,0.443,-0.866,77,0.337,40.79,6100,24,24.4,0,0
m_00207,kiosk,388,188,0.485228574,426,8.52,0.625,3630.98,0.088,0.0423,0.5796,88.36,97.86,-0.825,-1.713,94,0.409,22.92,1000,18,2.3,0,0
m_00208,cafe_bakery,127,88,0.700351434,169,28.16,0.174,4759.84,0.1058,0.2068,0.9515,96.86,91.95,2.951,2.944,32,0.406,40.79,1800,6,7.9,0,0
m_00209,grocer,318,89,0.282572127,149,8.79,0.5,1309.51,0.0643,0.056,0.9424,97.55,95.77,-1.443,-2.929,35,0.524,35.43,400,24,19,0,0
m_00210,cafe_bakery,126,86,0.683839447,130,27.23,0.52,3540.36,0.1018,0.0819,0.7641,96.38,99.64,2.159,-0.425,41,0.11,16.09,1700,12,3.6,0,0
m_00211,kiosk,295,172,0.584941833,404,39.91,0.128,16121.98,0.0967,0.0246,0.2809,97.11,92.82,-1.862,2.065,31,0.102,44.36,7100,12,14.3,0,0
m_00212,cafe_bakery,321,243,0.757166875,508,39.99,0.457,20316.24,0.0333,0.1042,0.8865,100,95.17,-0.395,-3.051,45,0.107,22.58,3100,9,12,0,1
m_00213,cafe_bakery,196,154,0.789841776,410,35.09,0.309,14388.73,0.3229,0.0132,0.9121,95.51,95.59,0.466,0.657,47,0.015,29.94,4000,9,11.8,0,0
m_00214,grocer,302,290,0.960748734,585,16.62,0.341,9725.49,0.0739,0.1665,0.8304,98.1,89.93,-1.399,-1.441,74,0.251,30.37,3200,24,24.1,0,1
m_00215,kiosk,130,50,0.385829712,104,11.19,0.301,1163.9,0.1301,0.0624,0.7254,100,98.74,-1.503,0.353,20,0.158,18.37,500,6,5.3,0,0
m_00216,kiosk,59,32,0.548118467,59,2.01,0.547,118.66,0.1486,0.0535,0.7645,93.89,93.58,-0.421,-0.037,45,0.164,36.6,0,9,11.3,0,1
m_00217,kiosk,65,20,0.309248816,49,15.06,0.333,737.7,0.0538,0.1292,0.7341,100,95.67,1.344,-4.21,33,0.202,23.57,400,9,10.6,0,0
m_00218,grocer,195,115,0.592286058,196,28.97,0.281,5678.08,0.107,0.0048,0.6885,99.91,98.32,0.123,1.576,31,0.255,15.2,2300,24,2,0,0
m_00219,kiosk,363,118,0.326501719,315,23.38,0.283,7363.62,0.0228,0.0588,0.53,96.07,98.72,2.842,-1.676,11,0.433,19.76,2800,6,6.4,0,1
m_00220,kiosk,77,36,0.469155977,54,51.75,0.299,2794.43,0.082,0.0289,0.8322,89.4,91.1,0.847,-0.797,25,0.105,9.82,1100,6,6.4,0,0
m_00221,kiosk,198,146,0.738579148,339,11.91,0.188,4036.43,0.1267,0.0812,0.7026,100,97.52,-0.686,0.401,48,0.113,14.63,1900,6,6.7,0,1
m_00222,cafe_bakery,290,153,0.529672004,422,41.45,0.279,17490.76,0.0335,0.0792,0.7916,100,99.8,-4.041,1.051,26,0.329,37.86,5700,6,6.4,0,0
m_00223,kiosk,104,61,0.596064409,152,15.79,0.368,2399.42,0.119,0.0715,0.5404,94.92,93.23,-2.326,1.195,41,0.17,12.64,800,12,1.5,1,1
m_00224,takeaway,296,101,0.343477065,156,8.5,0.411,1326.1,0.0087,0.0082,0.7541,100,99.04,-0.398,1.882,6,0.597,31.39,600,24,26.9,0,0
m_00225,kiosk,143,122,0.856558215,287,19.72,0.531,5660.58,0.0682,0.069,0.7963,91.93,97.52,-2.347,-4.635,34,0.476,22.14,1300,6,1.1,0,0
m_00226,kiosk,329,190,0.579994234,238,23.03,0.386,5481.89,0.1228,0.0786,0.8144,97.88,97.84,-0.289,1.266,40,0.208,38.77,1800,24,26.6,0,0
m_00227,grocer,244,140,0.576134206,129,33.27,0.279,4291.96,0.1027,0.01,0.6819,96.47,99.33,0.335,0.322,25,0.352,27.75,1800,6,7.8,0,0
m_00228,cafe_bakery,232,167,0.719927117,424,11.88,0.198,5035.17,0.0765,0.1708,0.8967,92.99,92.34,-0.439,-0.807,32,0.159,15.92,2100,9,10.9,0,0
m_00229,takeaway,95,38,0.410187542,97,19.72,0.394,1912.79,0.0714,0.0427,0.6144,96.25,92.1,-0.407,0.825,43,0.296,33.81,900,6,9,0,0
m_00230,cafe_bakery,201,69,0.347239458,58,16.8,0.332,974.49,0.2302,0.0077,0.9229,96.91,100,2.936,2.141,29,0.351,24.13,400,24,11.7,0,0
m_00231,cafe_bakery,346,255,0.737301135,735,13.36,0.337,9823.06,0.1556,0.1351,0.6482,93.43,94.66,0.099,-1.453,47,0.148,34.66,2100,12,12,0,0
m_00232,grocer,37,24,0.654592145,42,39.07,0.389,1640.88,0.1222,0.0057,0.7621,99.03,90.1,-0.207,3.104,27,0.284,31.2,800,18,19.8,0,0
m_00233,takeaway,310,210,0.680607242,586,23.23,0.428,13610.06,0.17,0.0254,0.5448,94.96,95.28,-1.491,2.593,55,0.472,17.39,5300,6,2.2,0,0
m_00234,kiosk,212,171,0.81048151,433,3.09,0.39,1338.7,0.0557,0.0259,0.9003,95.92,95.5,-0.005,1.04,16,0.331,26.65,300,12,14.4,0,0
m_00235,kiosk,296,279,0.945819073,776,19.91,0.324,15450.57,0.0832,0.0586,0.9453,100,96.92,-0.718,-2.146,36,0.143,22.24,4200,12,14.5,0,0
m_00236,cafe_bakery,275,229,0.83621835,603,5.36,0.23,3233.73,0.0454,0.0194,0.784,95.04,94.4,2.703,4.61,47,0.348,25.36,600,9,3.2,0,0
m_00237,cafe_bakery,189,159,0.84317571,467,18.75,0.258,8758,0.0677,0.0895,0.6875,90.21,100,0.854,0.869,37,0.031,26.56,4200,18,18.5,0,0
m_00238,takeaway,144,132,0.919514674,288,6.07,0.477,1746.72,0.0921,0.0903,0.8417,96.25,92.36,2.131,0.597,54,0.533,12,600,9,10.5,0,0
m_00239,grocer,262,205,0.782760225,266,23.29,0.286,6194.58,0.0725,0.0467,0.7754,97.33,88.18,0.313,0.527,31,0.447,30.92,2100,9,9.8,0,0
m_00240,grocer,81,66,0.823418926,109,5.3,0.148,577.9,0.0951,0.0548,0.861,96.28,90.07,1.869,1.405,31,0.293,24.63,100,18,17.2,0,0
m_00241,takeaway,246,166,0.675612039,407,8.83,0.524,3593.13,0.1016,0.0375,0.7591,99.58,93,-1.501,2.154,13,0.462,15.17,1100,24,19.3,1,1
m_00242,takeaway,65,51,0.789521284,58,26.36,0.209,1528.94,0.1727,0.0098,0.9174,98.2,97.84,0.374,0.25,54,0.074,16.3,700,24,9.5,0,0
m_00243,cafe_bakery,270,202,0.750757266,574,16.63,0.355,9543.79,0.082,0.0321,0.5481,95.2,95.12,-1.304,-2.186,59,0.293,10.55,4200,24,26.3,0,0
m_00244,kiosk,262,121,0.462841521,151,6.48,0.424,978.05,0.0584,0.0229,0.5923,99.09,97.32,-0.659,2.37,56,0.601,47.43,400,12,13.5,0,0
m_00245,grocer,61,32,0.538440151,87,37.69,0.35,3278.68,0.0456,0.0506,0.763,98.39,93.25,0.062,-1.331,29,0.279,27.59,1300,24,20,1,1
m_00246,grocer,310,170,0.551270668,316,12.87,0.05,4066.61,0.1962,0.0273,0.6871,98.3,97.58,-1.436,-1.71,15,0.083,31.63,1700,24,18.3,0,0
m_00247,grocer,183,92,0.505241372,243,14.24,0.409,3461.47,0.0969,0.0535,0.8059,96.52,89.59,-2.193,0.173,79,0.698,42.32,1500,24,23.6,1,1
m_00248,kiosk,321,218,0.679200419,633,15.05,0.549,9527.54,0.0785,0.1284,0.7681,97.86,96.56,1.476,-0.612,35,0.245,55.23,3600,6,8.5,0,0
m_00249,cafe_bakery,45,34,0.759991709,58,24.4,0.468,1415.31,0.1447,0.0757,0.7884,97.33,98.31,-2.521,1.06,17,0.513,20.82,300,6,7.1,0,0
m_00250,takeaway,96,52,0.54551226,121,13.5,0.05,1633.43,0.0422,0.0275,0.8062,96.1,92.23,2.535,1.44,67,0.253,22.71,600,12,0.9,1,1
m_00251,cafe_bakery,212,124,0.588869388,161,15.42,0.669,2482.51,0.1621,0.0065,0.8428,98.44,100,-1.223,-0.64,11,0.292,17.86,400,9,11.2,0,0
m_00252,kiosk,99,86,0.875762785,220,31.45,0.151,6918.52,0.0718,0.0663,0.831,98.67,88.42,0.85,0.543,76,0.395,26.41,2700,12,14.7,0,0
m_00253,grocer,152,80,0.527921652,208,29.25,0.188,6084.01,0.1311,0.0832,0.8541,98.67,98.72,0.938,-0.671,15,0.414,9.84,2900,9,10.9,0,0
m_00254,cafe_bakery,274,195,0.712141793,282,14.84,0.467,4185.9,0.0668,0.0152,0.8641,98.85,99.26,-1.658,1.834,34,0.204,41,1400,6,8.8,0,0
m_00255,cafe_bakery,83,42,0.513739288,35,15.16,0.418,530.64,0.0884,0.0108,0.6407,90.25,92.45,0.69,1.281,34,0.087,32.93,100,6,6.8,0,0
m_00256,takeaway,280,166,0.595549266,290,2.16,0.362,625.68,0.1142,0.0365,0.7907,99.71,97.18,0.257,1.735,41,0.182,25.86,200,24,4.5,0,0
m_00257,grocer,68,41,0.612162524,48,18.56,0.265,890.66,0.0933,0.1545,0.7256,94.11,92.48,0.947,-0.268,47,0.212,13.32,400,12,5.6,0,0
m_00258,takeaway,94,69,0.7423026,179,26.93,0.55,4820.99,0.1015,0.1691,0.8379,100,97.08,1.814,0.817,27,0.299,42.33,1600,18,18.6,0,0
m_00259,takeaway,247,148,0.602499401,203,13.05,0.344,2649.87,0.0353,0.0724,0.8081,92.92,95.02,1.221,1.32,32,0.014,23.53,1200,24,26,0,0
m_00260,cafe_bakery,323,194,0.60219361,557,34.54,0.115,19238.96,0.1118,0.1308,0.8684,100,95.91,-1.303,1.798,27,0.313,45.32,8000,24,22.6,0,0
m_00261,takeaway,93,76,0.818286665,223,4.86,0.535,1082.72,0.1153,0.1279,0.9305,90.45,93.57,-0.204,1.626,62,0.221,24.95,300,24,10,0,0
m_00262,cafe_bakery,140,95,0.6831778,265,9.24,0.383,2449.66,0.062,0.0245,0.8095,97.97,93.59,-1.236,0.054,45,0.37,28.7,900,24,25.1,0,1
m_00263,kiosk,372,225,0.60737564,476,33.01,0.517,15710.7,0.1512,0.1436,0.9476,95.9,92.81,-0.864,-1.999,61,0.035,15.48,3700,9,3.6,1,1
m_00264,grocer,396,272,0.689081008,377,26.32,0.436,9924.25,0.0776,0.0555,0.8722,98.39,98.48,0.732,1.303,30,0.366,40.04,2200,6,7.1,0,0
m_00265,grocer,244,199,0.817926321,512,4.63,0.709,2368.99,0.049,0.0275,0.9316,100,100,0.908,1.204,30,0.21,11.24,400,9,11,0,0
m_00266,kiosk,195,123,0.63306775,288,5.35,0.304,1539.6,0.0925,0.0382,0.8173,97.71,100,0.873,-1.9,18,0.134,35.74,400,12,14.7,0,0
m_00267,grocer,158,114,0.723910545,336,23.5,0.352,7895.49,0.0397,0.0458,0.9059,99.82,99.65,0.432,1.993,53,0.3,41.78,3400,18,19.4,0,0
m_00268,grocer,256,211,0.827828084,343,20.73,0.458,7111.67,0.0994,0.167,0.9517,100,95.89,0.661,0.612,38,0.081,11.34,1300,6,5.2,1,1
m_00269,cafe_bakery,248,169,0.683096557,157,14.1,0.304,2213.32,0.1036,0.0884,0.637,95.14,99.9,-0.682,0.042,35,0.592,37.3,800,18,18.4,0,0
m_00270,grocer,139,111,0.799274817,332,33.87,0.47,11245.32,0.0117,0.0168,0.801,98.09,97.32,2.027,0.727,28,0.195,42.38,3100,18,20.6,0,0
m_00271,kiosk,38,29,0.770266706,76,10.81,0.05,821.7,0.1014,0.0248,0.7315,100,94.54,1.002,2.162,31,0.168,32.32,400,24,24.5,0,1
m_00272,takeaway,86,78,0.914609985,100,3.24,0.339,323.86,0.0708,0.0448,0.7024,98.06,100,-0.032,3.417,45,0.13,33.87,100,12,14.3,0,0
m_00273,grocer,384,203,0.528763533,486,24.4,0.335,11856.12,0.0542,0.0853,0.9171,95.24,99.84,1.689,0.193,51,0.255,31.84,5100,6,7.6,0,0
m_00274,grocer,184,144,0.784862912,115,27.56,0.329,3169.78,0.088,0.1377,0.6875,98.55,92.96,-0.773,-0.161,25,0.14,28.67,1400,18,18.2,0,0
m_00275,cafe_bakery,208,183,0.883775823,370,11.23,0.218,4153.88,0.0274,0.05,0.9121,97.34,99.79,0.179,1.516,50,0.152,17.75,1300,6,8.2,0,0
m_00276,takeaway,202,133,0.658916887,212,7.55,0.486,1599.71,0.0483,0.0105,0.8266,98.53,98.24,1.342,-2.38,36,0.256,27.46,300,9,11.8,0,1
m_00277,grocer,319,226,0.711207759,370,3.38,0.274,1249.25,0.1781,0.0648,0.6639,95.41,92.19,-1.827,2.025,43,0.111,24.97,200,18,1.9,0,0
m_00278,grocer,54,44,0.827355654,58,16.43,0.38,953.14,0.0335,0.1267,0.871,97.73,96.24,3.334,-2.41,33,0.112,46.78,300,9,9.8,0,0
m_00279,grocer,60,40,0.677028599,56,20.13,0.344,1127.23,0.0668,0.0223,0.9411,96.58,95.72,-0.883,-2.449,30,0.211,27.33,400,18,20.5,0,0
m_00280,kiosk,132,77,0.583909926,138,28.72,0.425,3963.12,0.0515,0.1341,0.8404,95.52,85.56,-0.679,3.407,32,0.3,27.68,1300,18,20.9,0,1
m_00281,kiosk,210,150,0.71801031,201,20.86,0.565,4192.45,0.087,0.0113,0.7942,100,90.31,0.03,-3.865,18,0.07,29.89,1800,24,23.6,0,0
m_00282,grocer,278,210,0.757399787,383,11.81,0.379,4521.43,0.0521,0.0499,0.8252,95.46,100,1.11,2.914,29,0.089,32.51,2100,9,11.4,0,0
m_00283,takeaway,211,116,0.553754921,240,18.56,0.476,4453.75,0.0728,0.0003,0.916,94.73,93.09,1.253,3.419,13,0.164,20.25,1000,24,23.3,0,0
m_00284,grocer,193,115,0.599057432,271,29.55,0.372,8007.36,0.0561,0.0427,0.985,93.44,98.33,2.249,0.979,52,0.155,37.51,2200,9,9.2,0,0
m_00285,grocer,376,304,0.809326419,696,19.97,0.274,13901.65,0.155,0.117,0.8742,96.81,100,-0.096,1.511,17,0.312,27.19,3600,24,24.3,0,1
m_00286,kiosk,89,74,0.834939638,98,27.14,0.329,2659.26,0.1014,0.0285,0.9129,96.54,87.71,0.495,-2.848,47,0.277,35.35,600,18,8.5,1,1
m_00287,cafe_bakery,241,190,0.791106832,168,7.8,0.307,1311.09,0.0247,0.0636,0.8499,99.17,100,-2.307,-0.685,21,0.504,18.97,500,12,12.9,0,1
m_00288,grocer,230,111,0.483111155,292,23.85,0.435,6965.61,0.0228,0.0479,0.8887,93.31,95.31,-1.606,1.017,66,0.548,26.64,1400,24,5.3,1,1
m_00289,grocer,205,176,0.86180713,478,20.88,0.366,9980.18,0.0268,0.0395,0.7386,91.95,97.54,-0.137,0.959,11,0.054,42.87,1600,24,24.3,0,0
m_00290,cafe_bakery,328,235,0.71866496,694,13.41,0.231,9309.2,0.131,0.0324,0.952,91.44,100,0.537,1.189,34,0.145,47.9,1600,12,14.8,0,0
m_00291,kiosk,128,101,0.792502988,294,29.86,0.317,8778.62,0.0339,0.0449,0.8337,98.37,99.85,-0.069,0.958,67,0.315,34.7,3600,9,9,0,0
m_00292,takeaway,382,219,0.57558169,480,46.11,0.121,22132.33,0.0742,0.0342,0.974,100,95.29,0.786,0.342,47,0.229,16.82,7800,24,13.8,0,0
m_00293,cafe_bakery,152,120,0.795169443,332,5.86,0.322,1945.34,0.0951,0.0009,0.8282,99.86,93.86,-0.085,-2.144,29,0.133,9.59,900,24,13.4,0,0
m_00294,kiosk,231,146,0.634507996,260,4.51,0.35,1171.6,0.1109,0.0558,0.917,95.5,94.2,-0.351,1.004,86,0.41,34.7,600,24,25,0,0
m_00295,takeaway,222,133,0.603379659,336,13.83,0.621,4647.77,0.0106,0.0044,0.7596,97.39,93.74,3.6,-1.974,33,0.363,47.83,1900,18,3.2,1,1
m_00296,kiosk,344,116,0.34000705,336,15.72,0.552,5282.37,0.0223,0.0393,0.739,90.26,100,-0.395,-0.43,32,0.051,24.14,2400,18,20.8,0,1
m_00297,grocer,192,114,0.594263421,290,16.44,0.195,4768.73,0.0841,0.0222,0.7631,100,98.16,1.519,3.084,57,0.195,26.12,1000,12,15,0,0
m_00298,grocer,135,102,0.758425703,174,10.98,0.38,1910.93,0.0631,0.005,0.6634,100,96.84,-1.959,-2.829,31,0.181,30.78,800,24,20.7,1,1
m_00299,cafe_bakery,37,29,0.802126109,47,5.2,0.383,244.24,0.0593,0.0237,0.7458,99.71,95.12,0.185,0.051,32,0.131,53.19,100,9,9.6,0,0
m_00300,grocer,164,82,0.50304578,118,14.29,0.315,1685.67,0.0395,0.0611,0.6168,94.31,98.91,-1.012,2.036,26,0.205,29.93,800,9,9.4,0,0
m_00301,takeaway,335,249,0.744340198,400,15.8,0.325,6318.71,0.1741,0.0325,0.9029,95.91,88.46,2.97,1.577,45,0.269,30.1,1600,24,26.1,0,0
m_00302,takeaway,33,24,0.734995019,62,13.53,0.297,838.68,0.0178,0.152,0.9339,96.43,100,-0.836,0.911,49,0.22,24.31,300,12,6.6,0,0
m_00303,kiosk,361,233,0.647290503,545,16.02,0.631,8732.85,0.0075,0.0466,0.826,100,94.93,-0.046,-1.055,26,0.541,29.14,1500,18,12.7,0,0
m_00304,grocer,230,171,0.746027317,230,18.82,0.288,4328.24,0.086,0.035,0.8361,100,92.19,-1.235,2.922,63,0.411,39.39,1800,12,6.2,0,0
m_00305,takeaway,81,47,0.589925748,111,14.62,0.401,1622.59,0.0717,0.0243,0.789,96.44,100,-1.325,-2.148,26,0.198,21.61,400,12,2.8,0,0
m_00306,cafe_bakery,141,126,0.894104021,205,10.9,0.05,2234.43,0.1609,0.0297,0.8868,98.75,100,-0.114,1.686,23,0.636,37.65,1100,6,6.7,0,0
m_00307,cafe_bakery,234,146,0.626743651,295,16.08,0.474,4743.56,0.0733,0.0437,0.6172,94.26,95.7,0.544,0.606,19,0.154,38.08,2300,12,15,0,0
m_00308,cafe_bakery,146,107,0.739270572,172,19.68,0.528,3385.04,0.1146,0.0307,0.6843,92.85,100,1.586,-1.273,59,0.479,20.17,1000,12,14.8,0,0
m_00309,takeaway,70,53,0.757732563,103,16.95,0.192,1745.64,0.0625,0.0671,0.9054,96.79,100,-0.869,-0.478,21,0.266,36.08,800,6,7.1,0,0
m_00310,grocer,276,218,0.789953528,524,47.85,0.273,25071.04,0.1511,0.1275,0.6792,93.59,97.52,-0.894,3.922,79,0.081,48.66,6000,9,10.3,0,0
m_00311,grocer,278,91,0.329170286,219,20.51,0.418,4491.19,0.0355,0.0972,0.6899,91.92,89.44,1.928,-2.024,19,0.471,15.89,1600,12,8.5,0,0
m_00312,kiosk,73,62,0.861951973,152,16.49,0.353,2507,0.1151,0.0699,0.4323,97.1,96.51,2.391,-3.22,33,0.245,26.61,1100,24,15.7,0,0
m_00313,kiosk,134,89,0.664734692,147,9.89,0.42,1453.6,0.0452,0.0017,0.8387,96.21,96.04,-0.126,-0.976,21,0.496,30.67,600,6,2.7,0,0
m_00314,takeaway,120,46,0.391189686,106,10.04,0.307,1064.66,0.0174,0.0561,0.8591,93.97,95,0.699,1.126,28,0.258,31.96,300,9,11,0,1
m_00315,cafe_bakery,273,202,0.743524078,267,13.55,0.629,3616.91,0.0891,0.0264,0.9327,95.8,94.52,2.504,3.148,35,0.451,18.59,800,6,7.3,0,0
m_00316,grocer,300,248,0.828823589,458,13.81,0.25,6324.05,0.1045,0.0092,0.6484,98.14,99.01,3.973,0.351,77,0.363,15.56,1600,18,20,0,0
m_00317,cafe_bakery,298,181,0.610010088,376,13.48,0.754,5069.89,0.0231,0.0702,0.8679,96.32,91.02,0.628,-2.957,53,0.178,20.69,800,12,14.3,0,0
m_00318,takeaway,377,254,0.674186284,586,21.03,0.536,12322.95,0.0721,0.0636,0.8268,97.42,100,1.13,0.491,10,0.09,29.07,3300,18,18.9,0,0
m_00319,cafe_bakery,314,224,0.714141129,628,29.31,0.475,18407.37,0.0168,0.0207,0.7696,96.49,95.8,0.199,2.012,34,0.101,23.38,7400,24,11.6,0,0
m_00320,takeaway,148,47,0.322603468,69,24.44,0.194,1686.67,0.0698,0.0261,0.8603,100,92.63,-2.22,0.941,35,0.359,36.76,500,18,15.7,0,0
m_00321,kiosk,69,36,0.530555992,95,22.83,0.486,2168.86,0.0196,0.0361,0.631,100,94.84,0.52,1.288,29,0.607,40.16,400,12,12.6,0,0
m_00322,kiosk,257,160,0.625917687,237,9.18,0.441,2174.92,0.0087,0.0008,0.8614,97.35,96.8,2.057,-3.444,40,0.187,19.47,600,24,21.1,0,0
m_00323,kiosk,368,184,0.501661884,370,31.79,0.05,11761,0.0248,0.0377,0.6519,94.54,100,-1.13,-2.384,95,0.086,31.39,2800,18,3.8,0,0
m_00324,kiosk,390,354,0.908966747,928,9.75,0.139,9047.07,0.015,0.1077,0.9704,95.32,98.84,-2.782,0.032,26,0.318,29.05,3200,24,26.5,0,0
m_00325,cafe_bakery,115,95,0.826940598,227,19.4,0.404,4403.18,0.1313,0.0192,0.8075,93.13,100,0.886,2.567,47,0.208,53.51,800,12,12.1,0,0
m_00326,cafe_bakery,117,84,0.725975371,226,22.03,0.33,4979.57,0.0971,0.0703,0.7658,94.61,95.75,-2.634,-1.279,17,0.435,23.83,2000,6,6.7,0,0
m_00327,cafe_bakery,43,32,0.748146533,82,32.31,0.273,2649.57,0.0171,0.1629,0.9542,99,95.15,-2.358,0.709,12,0.55,32.16,500,9,10.1,0,0
m_00328,grocer,82,72,0.880192386,101,43.02,0.512,4344.81,0.1562,0.0463,0.7995,95.22,100,-2.452,0.632,33,0.468,48.01,2100,12,11.4,0,0
m_00329,grocer,235,158,0.674972293,471,13.2,0.217,6215.26,0.0528,0.0993,0.7599,96.48,95.45,-3.004,-1.785,52,0.285,8.14,2600,6,6.1,0,1
m_00330,kiosk,232,174,0.752845062,497,18.46,0.282,9172.95,0.0211,0.0613,0.9014,100,93.81,1.586,-1.172,33,0.071,42.84,2500,12,14.9,0,0
m_00331,grocer,167,122,0.734714585,213,30.66,0.253,6531.15,0.1965,0.0105,0.891,98.66,93.4,0.207,0.25,50,0.12,21.89,1400,24,21.6,1,1
m_00332,takeaway,144,106,0.73922136,95,45.09,0.427,4283.74,0.0188,0.0113,0.9316,97.21,97.18,3.085,-0.431,50,0.242,13.53,1600,12,13.3,0,0
m_00333,grocer,337,258,0.766194108,378,14.09,0.092,5325.11,0.0553,0.0224,0.819,96.66,91.66,1.102,1.941,121,0.18,31.2,2600,12,12,0,0
m_00334,cafe_bakery,200,96,0.482156028,253,9.49,0.275,2400.51,0.0544,0.0707,0.8606,96.41,96.73,3.092,-0.542,44,0.233,30.1,800,9,9.4,0,0
m_00335,takeaway,329,184,0.560746142,532,6.47,0.092,3441.46,0.0976,0.048,0.7657,99.79,96.66,-0.966,2.074,34,0.431,34.25,1100,12,1.4,0,0
m_00336,cafe_bakery,386,266,0.691275634,699,4.68,0.303,3270.16,0.064,0.0927,0.7658,97.89,98.36,0.544,-0.424,46,0.322,35.61,900,18,15.3,0,0
m_00337,cafe_bakery,147,105,0.719652181,175,10.55,0.458,1846.61,0.0522,0.0786,0.8314,96.23,89,-1.911,0.348,25,0.091,27.02,700,9,12,0,0
m_00338,takeaway,105,54,0.519210992,49,27.3,0.461,1337.58,0.2347,0.0448,0.8984,93.18,88.01,-0.416,1.9,49,0.248,45.67,700,9,9.8,0,0
m_00339,grocer,382,272,0.713183571,527,28.2,0.241,14863.39,0.0284,0.0557,0.5406,98.45,94.25,2.152,0.086,47,0.483,42.02,4600,12,5.1,0,0
m_00340,takeaway,264,155,0.588551793,252,20.51,0.43,5167.53,0.0802,0.0113,0.7344,98.03,95.44,-0.061,-0.552,69,0.19,32.61,900,24,14.1,0,0
m_00341,takeaway,137,76,0.558510625,81,13.7,0.322,1109.96,0.139,0.146,0.9425,92.25,91.53,-0.352,0.162,22,0.05,31.69,400,24,3.1,0,0
m_00342,cafe_bakery,260,223,0.860736688,230,21.07,0.554,4845.03,0.1425,0.015,0.9212,96.54,90.53,-0.033,2.087,39,0.042,39.95,2000,6,7.6,0,0
m_00343,grocer,220,140,0.638814502,159,17.11,0.331,2719.97,0.0259,0.0971,0.9079,98,97.73,0.215,0.963,79,0.156,28.56,1300,18,18.5,0,1
m_00344,kiosk,365,198,0.544770126,248,14.11,0.05,3498.78,0.1314,0.0344,0.8538,96.22,94.75,0.217,-3.989,27,0.416,15.84,1400,6,7.8,0,1
m_00345,grocer,124,105,0.854010603,258,19.96,0.484,5149.12,0.1324,0.013,0.7645,100,99.23,2,-1.144,8,0.08,27.08,2300,18,19.5,0,0
m_00346,grocer,396,191,0.483984722,313,13.34,0.281,4174.61,0.0481,0.068,0.9036,100,90.5,-1.082,-1.127,38,0.112,24.76,1300,12,15,0,0
m_00347,kiosk,376,286,0.760640063,503,19.9,0.309,10010.16,0.0233,0.0138,0.7846,93.21,95.57,-0.31,1.467,36,0.125,29.53,1800,24,21.4,0,0
m_00348,grocer,96,75,0.781684459,158,21.75,0.4,3436.61,0.0946,0.084,0.7298,96.26,100,0.147,-3.533,35,0.074,16.33,600,9,4.5,0,0
m_00349,takeaway,90,44,0.497519763,128,24.85,0.136,3180.54,0.035,0.0047,0.8925,99.91,94.81,-1.355,0.859,42,0.394,17.64,700,24,25.2,0,0
m_00350,grocer,227,212,0.937806464,522,5.35,0.361,2794.26,0.1254,0.0649,0.8377,96.75,93.67,-0.67,1.572,51,0.224,39.68,800,24,1.7,0,0
m_00351,grocer,46,33,0.731936771,73,32.03,0.43,2338.18,0.2061,0.0671,0.8349,99.21,99.65,1.15,1.572,129,0.266,28.92,1000,18,16.2,0,0
m_00352,kiosk,140,122,0.872367146,297,15.79,0.405,4689.49,0.0305,0.0129,0.7982,95.06,100,-1.236,0.131,27,0.164,25.38,1500,9,10.4,0,0
m_00353,kiosk,190,93,0.492830075,221,43.29,0.26,9566.42,0.0142,0.0029,0.745,92.29,93.46,4.161,-2.932,25,0.366,23.93,2600,18,18.2,0,0
m_00354,kiosk,388,233,0.601827099,540,27.4,0.499,14796.42,0.1584,0.0336,0.8583,99.08,93.75,2.455,-0.214,50,0.068,26.67,4300,24,0.6,0,0
m_00355,kiosk,397,291,0.7345961,550,9.67,0.2,5319.31,0.009,0.0447,0.6946,96,99.46,0.265,3.248,23,0.411,29.93,2600,24,24.5,0,0
m_00356,takeaway,86,63,0.735656196,128,23.04,0.256,2949.69,0.0729,0.0595,0.9042,100,97.2,0.863,-0.892,30,0.238,11.71,900,9,2.2,1,1
m_00357,cafe_bakery,359,285,0.796119484,517,30.72,0.33,15884.2,0.0057,0.0105,0.9301,99.82,97.29,1.156,4.662,31,0.278,24.27,6200,9,10.9,0,1
m_00358,cafe_bakery,63,33,0.537147871,55,14.54,0.394,799.56,0.0471,0.0036,0.8649,93.82,96.95,0.84,1.922,67,0.33,30.24,400,12,14.6,0,0
m_00359,kiosk,306,272,0.890004359,379,9.2,0.301,3486.44,0.0213,0.2042,0.8793,99.02,95.8,0.143,0.014,71,0.132,26.79,1300,18,15.1,0,0
m_00360,takeaway,342,212,0.621071429,335,8.2,0.534,2748.46,0.1728,0.0893,0.7022,96.79,100,4.128,0.751,11,0.5,10.85,900,24,2.7,1,1
m_00361,takeaway,359,218,0.609770128,379,6.33,0.394,2399.5,0.0554,0.1286,0.925,98.58,100,-1.078,1.049,13,0.266,28.52,800,9,10.3,0,0
m_00362,cafe_bakery,112,107,0.963915244,221,3.54,0.361,782.14,0.0503,0.0744,0.8115,94.83,91.88,-0.58,-0.854,36,0.367,27.92,300,9,10.6,0,0
m_00363,takeaway,360,226,0.627996458,429,15.98,0.389,6853.99,0.1061,0.0133,0.9308,97.94,99.55,0.109,-0.528,60,0.213,21.34,2400,9,10.2,0,0
m_00364,cafe_bakery,72,52,0.727125375,53,8.49,0.46,449.99,0.192,0.0733,0.8255,100,95.82,0.968,4.289,81,0.554,19.04,200,12,14.2,0,0
m_00365,kiosk,221,108,0.491207084,167,11.24,0.386,1876.46,0.0029,0.118,0.6965,99.47,90.86,3.018,3.283,38,0.468,30.29,700,6,7.7,0,0
m_00366,cafe_bakery,203,150,0.743652871,244,43.86,0.079,10702.45,0.1064,0.1558,0.8022,100,92.3,-0.002,-0.456,70,0.51,29.39,5300,24,15.8,0,0
m_00367,grocer,146,91,0.625444449,214,21.81,0.513,4667.23,0.0748,0.0104,0.3812,100,94.36,0.868,-1.258,25,0.271,32.94,2100,12,14.8,0,1
m_00368,grocer,38,7,0.188127132,10,9.48,0.368,94.79,0.0927,0.0503,0.8348,95.6,100,0.578,-2.886,31,0.272,49.11,0,18,13.5,1,1
m_00369,cafe_bakery,315,136,0.433251243,111,55.21,0.453,6128.2,0.095,0.0269,0.9632,100,91.86,-0.124,4.613,40,0.316,34.06,2700,18,6.1,0,0
m_00370,cafe_bakery,154,95,0.620562154,93,19.81,0.289,1842.24,0.0223,0.003,0.9106,97.89,88.8,1.863,2.349,29,0.173,21.06,400,24,25.3,0,0
m_00371,cafe_bakery,274,156,0.570541957,295,1.34,0.076,395.48,0.0983,0.0707,0.5892,95.84,94.94,0.643,2.793,78,0.162,40.88,100,9,10.8,0,0
m_00372,takeaway,181,141,0.779574586,171,52.5,0.05,8977.13,0.0653,0.0277,0.8825,96.98,94.09,1.483,-0.787,30,0.217,25.79,2000,12,0.8,1,1
m_00373,kiosk,168,58,0.350564968,109,38.06,0.208,4149,0.0091,0.1782,0.9114,99.71,100,-0.44,-0.918,43,0.267,25.83,1200,9,3.6,0,0
m_00374,takeaway,357,303,0.849375613,625,20.21,0.428,12633.63,0.0717,0.0451,0.845,95.9,97.03,-0.811,-1.543,27,0.157,19.29,3500,6,7.6,0,0
m_00375,cafe_bakery,64,44,0.703018405,125,15.9,0.545,1987.26,0.1467,0.0922,0.9049,91.12,98.85,-0.515,-6.02,28,0.433,34.05,900,12,10.1,1,1
m_00376,kiosk,302,170,0.563070361,381,27.09,0.395,10319.9,0.0425,0.0656,0.8708,99.52,94.43,0.448,-1.449,21,0.217,25.32,3500,18,20,0,1
m_00377,grocer,306,233,0.76425231,202,19.21,0.192,3880.31,0.208,0.0088,0.8304,97.68,91.13,1.677,0.939,56,0.136,37.18,1000,9,10.2,0,0
m_00378,kiosk,170,134,0.790305645,219,12.65,0.232,2771.27,0.355,0.0462,0.7667,95.44,100,3.145,0.797,50,0.361,34.27,1000,9,10.1,0,0
m_00379,kiosk,127,80,0.63212014,203,12.17,0.554,2470.03,0.0624,0.1415,0.7664,93.22,93.64,0.262,-0.932,53,0.415,19.99,800,9,9.6,0,0
m_00380,cafe_bakery,31,25,0.833888262,34,29.56,0.153,1005.11,0.0368,0.0817,0.827,98.22,98.59,2.795,1.609,29,0.062,18.9,500,6,7.2,0,1
m_00381,takeaway,376,230,0.612361706,652,9.47,0.665,6171.25,0.0382,0.0133,0.8844,100,94.53,0.939,-1.048,23,0.318,30.89,1400,6,8.9,0,1
m_00382,cafe_bakery,380,229,0.604587737,449,29.33,0.631,13168,0.0732,0.1238,0.6628,94.31,98.63,-1.003,1.835,32,0.109,40.87,5500,18,20.2,0,0
m_00383,grocer,119,106,0.893814198,106,17.38,0.67,1842.58,0.0923,0.0708,0.7344,97.85,97.21,0.178,1.81,48,0.232,39.04,300,12,14.1,0,0
m_00384,kiosk,41,35,0.859737943,46,5.52,0.407,253.72,0.0594,0.0501,0.8108,100,96.51,1.154,1.938,21,0.094,43.68,100,6,2.1,0,0
m_00385,grocer,75,67,0.897408581,187,30.66,0.299,5733.91,0.0326,0.029,0.7399,99.85,97.65,1.27,0.448,34,0.456,30.13,1700,12,14.5,0,0
m_00386,kiosk,55,27,0.491279567,80,9.63,0.403,770.47,0.1025,0.0596,0.719,97.01,95.04,-0.719,-1.332,48,0.143,37.59,400,9,12,0,1
m_00387,takeaway,337,263,0.781415163,709,10.5,0.486,7443.81,0.0247,0.0169,0.8282,96.71,89.18,-0.534,-2.085,25,0.459,39.91,1400,9,11.7,0,0
m_00388,grocer,360,274,0.763509827,412,14.96,0.252,6161.51,0.1417,0.0869,0.6881,95.6,97.16,-0.503,-4.037,86,0.364,48.65,1900,18,18.5,0,0
m_00389,takeaway,86,50,0.590495926,124,16.45,0.185,2039.31,0.1461,0.0906,0.7044,97.25,100,-0.296,1.814,45,0.082,32.69,500,9,11.2,0,1
m_00390,kiosk,306,183,0.600387964,235,20.29,0.307,4768.6,0.0639,0.0052,0.8628,95.79,95.82,0.458,-3.072,35,0.412,24.84,700,6,2.6,0,0
m_00391,kiosk,96,46,0.489558176,75,29.77,0.234,2232.43,0.0978,0.0458,0.756,96.23,94.75,2.832,0.03,30,0.072,40.25,400,12,13.8,0,1
m_00392,kiosk,165,112,0.684336943,261,29.2,0.536,7622.37,0.0649,0.0683,0.6669,96.68,97.04,-0.632,0.736,49,0.359,15.47,2200,6,2.1,0,0
m_00393,takeaway,251,184,0.733197464,539,11.93,0.258,6431.48,0.1313,0.05,0.8847,92.22,99.92,-2.459,-1.838,26,0.298,39.54,2700,9,7.2,0,0
m_00394,grocer,296,204,0.689367232,360,12.18,0.364,4385.15,0.0737,0.046,0.7229,96.62,94.88,-2.556,0.054,50,0.084,42.17,2100,24,3.8,1,1
m_00395,cafe_bakery,353,241,0.685126817,455,27.97,0.497,12724.69,0.0366,0.0621,0.7903,100,90.02,1.225,0.938,20,0.089,38.92,4100,12,12.3,0,0
m_00396,kiosk,46,25,0.549947897,32,8.53,0.542,272.99,0.0591,0.0196,0.6789,92.95,96.63,-0.818,-0.247,35,0.352,19.37,100,6,7,0,0
m_00397,kiosk,102,60,0.59385402,101,17.38,0.381,1755.07,0.0963,0.0361,0.8669,100,97.46,0.404,1.221,55,0.078,31.01,300,9,10,0,1
m_00398,kiosk,133,83,0.631461968,77,36.49,0.408,2809.94,0.1197,0.1326,0.7351,100,96.7,-1.061,-0.589,25,0.245,39.69,400,6,6.2,0,0
m_00399,kiosk,144,89,0.622106535,239,13.07,0.197,3124.73,0.0369,0.0642,0.9739,99.09,94.02,-0.222,-0.256,25,0.136,34.06,900,18,11.1,1,1
m_00400,kiosk,399,277,0.69466667,235,6.26,0.503,1470.27,0.0731,0.0488,0.8266,95.57,97.34,-0.488,-1.478,37,0.325,29.18,400,9,11.5,0,0
m_00401,kiosk,317,259,0.817496992,596,9.63,0.54,5741.04,0.1072,0.0858,0.6547,99.95,95.08,-1.03,0.029,39,0.042,30.95,1500,24,25.5,0,0
m_00402,grocer,148,88,0.599043869,123,10.04,0.069,1235.27,0.0566,0.0099,0.9442,100,94.25,1.855,0.312,60,0.084,59.61,600,12,12.2,0,0
m_00403,grocer,389,327,0.841926281,604,9.11,0.614,5500.97,0.1214,0.0286,0.733,100,94.86,1.965,-1.548,50,0.139,18.89,1900,12,14.8,0,0
m_00404,grocer,214,186,0.873737783,264,14.52,0.245,3834.18,0.0451,0.0597,0.7696,98.01,96.69,0.96,1.158,33,0.357,16.11,1100,18,5.2,0,0
m_00405,cafe_bakery,215,113,0.526027332,189,51.92,0.439,9812.42,0.1593,0.0103,0.9239,97.32,97.12,3.066,-4.631,33,0.23,19.37,1600,24,0.9,0,0
m_00406,kiosk,190,85,0.451508093,170,22.69,0.362,3857.18,0.1099,0.1266,0.8891,95.36,93.95,-1.973,2.464,52,0.361,50.09,600,18,20.2,0,0
m_00407,grocer,83,60,0.727860632,132,15.39,0.341,2031.74,0.1516,0.0058,0.9524,97.6,96.8,-0.316,-2.535,19,0.665,36,400,24,15.2,0,0
m_00408,takeaway,375,247,0.660778477,708,16.2,0.319,11472.19,0.0191,0.034,0.6967,98.92,97.53,-0.524,2.381,23,0.196,23.21,2700,12,1.7,1,1
m_00409,cafe_bakery,35,27,0.79093892,41,10.91,0.201,447.47,0.0842,0.03,0.7489,97.42,98.23,1.064,1.541,28,0.189,51.08,100,12,14.8,0,0
m_00410,takeaway,94,71,0.757503881,148,16.17,0.429,2392.62,0.0369,0.0259,0.8659,97.07,97.93,-1.891,2.325,15,0.59,17.41,500,12,12.6,0,0
m_00411,takeaway,114,90,0.794621414,250,35.59,0.307,8897.65,0.0599,0.0334,0.7547,97.11,100,1.001,-1.952,58,0.432,22.85,1500,6,6.7,0,1
m_00412,kiosk,133,91,0.686178745,130,17.73,0.154,2304.61,0.1654,0.1106,0.9163,100,98.74,-2.164,-0.107,18,0.068,16.97,1100,18,15.1,0,0
m_00413,kiosk,78,59,0.759190602,159,29.1,0.195,4627.13,0.0316,0.0985,0.5764,97.84,100,1.122,0.888,98,0.343,29.48,1600,9,3.2,0,0
m_00414,kiosk,36,18,0.516410087,52,26.93,0.156,1400.23,0.1214,0.0655,0.895,97.95,100,1.732,1.156,47,0.308,33.45,400,9,10.5,0,0
m_00415,grocer,280,184,0.657458993,490,50.58,0.271,24781.76,0.0319,0.0275,0.5214,90.12,100,-1.698,1.98,28,0.359,30.22,6700,6,6.8,0,1
m_00416,takeaway,388,259,0.669102839,531,26.65,0.423,14151.07,0.109,0.0371,0.8612,100,91.09,-0.551,1.603,33,0.033,40.71,6500,24,24.2,0,0
m_00417,takeaway,75,52,0.70408681,124,48.62,0.243,6028.45,0.1052,0.0353,0.7468,99.07,99.03,1.785,1.252,74,0.355,24.74,1600,6,7.5,0,1
m_00418,grocer,139,57,0.413157453,105,30.35,0.496,3186.29,0.0732,0.0019,0.777,98.93,99.4,2.088,1.283,30,0.283,25.87,900,9,10.6,0,0
m_00419,grocer,217,110,0.510045091,232,20.3,0.332,4708.98,0.0215,0.0367,0.6806,99.13,95.82,-2.141,1.668,28,0.224,31.75,800,6,8.5,0,0
m_00420,takeaway,373,244,0.654606588,718,10.31,0.307,7405.5,0.0271,0.0014,0.9719,94.46,87.81,0.565,0.34,32,0.078,47.09,3300,12,7.9,0,0
m_00421,cafe_bakery,286,182,0.637041298,246,29,0.353,7135.05,0.1367,0.0389,0.8324,96.44,86.68,0.98,2.592,31,0.111,33.35,1800,18,20.7,0,0
m_00422,grocer,313,189,0.605527562,480,30.41,0.559,14598.41,0.1694,0.0477,0.8099,100,94.88,-0.014,0.146,38,0.073,25.83,5600,9,5.2,0,0
m_00423,kiosk,245,156,0.639755124,298,30.88,0.144,9201.23,0.0749,0.0885,0.8582,93.11,93.85,2.154,-3.083,31,0.368,36.74,1700,18,13.9,0,0
m_00424,grocer,184,97,0.531892597,115,1.96,0.598,225.74,0.0805,0.0738,0.6819,93.29,90.03,-0.82,2.791,68,0.085,26.57,100,24,22.8,1,1
m_00425,kiosk,103,71,0.695039097,157,12.86,0.494,2019.55,0.0488,0.0239,0.7535,92.9,97.55,-0.622,1.236,35,0.302,31.26,400,18,20.5,0,0
m_00426,kiosk,349,275,0.788346206,699,22.52,0.347,15741.34,0.2155,0.0631,0.8367,96.76,91.47,-0.989,0.002,23,0.257,26.93,6500,6,6.8,0,1
m_00427,kiosk,327,239,0.732228399,490,13.48,0.527,6604.25,0.1428,0.0066,0.8989,100,89.34,0.368,0.528,17,0.176,16.45,2700,9,8.2,1,1
m_00428,cafe_bakery,39,17,0.449578814,44,12.12,0.302,533.38,0.2704,0.0847,0.9656,98.14,100,-0.403,3.314,19,0.229,22.18,200,18,13.5,0,0
m_00429,grocer,294,259,0.881241142,415,10.88,0.393,4517.21,0.1046,0.0264,0.8558,100,98.02,1.308,0.5,52,0.063,43.97,1000,6,7.5,0,0
m_00430,takeaway,61,53,0.877016053,148,5.64,0.269,835.14,0.0627,0.0718,0.96,91.31,94.3,-0.521,3.338,47,0.043,31.68,300,24,26.5,0,0
m_00431,cafe_bakery,303,243,0.803883834,540,21.82,0.495,11784.82,0.0572,0.1356,0.8827,94.78,90.35,-0.249,1.243,41,0.168,30.16,2200,9,9.8,0,0
m_00432,kiosk,335,258,0.771043041,662,11.59,0.244,7674.94,0.1433,0.009,0.9379,95.26,92.46,0.379,-0.426,52,0.256,28.97,1600,12,13.2,0,0
m_00433,grocer,78,61,0.785429386,85,13.09,0.342,1112.57,0.0172,0.0238,0.6964,100,93.51,-1.166,-2.319,52,0.338,25.73,500,9,4.6,0,0
m_00434,cafe_bakery,190,91,0.483364746,162,15.39,0.452,2493.54,0.1846,0.1108,0.769,97.74,93.83,1.604,0.483,47,0.184,29.07,800,18,13.1,0,0
m_00435,takeaway,75,60,0.802635281,168,23.9,0.507,4015.56,0.0739,0.0405,0.6331,97.16,94.71,1.108,2.928,16,0.21,24.86,1500,24,24.1,0,0
m_00436,takeaway,239,185,0.775837306,168,19.98,0.227,3356.13,0.1005,0.0177,0.8634,97.9,91.28,1.06,-0.837,14,0.038,31.14,600,12,12.1,0,0
m_00437,grocer,373,301,0.80724244,508,19.43,0.463,9871.59,0.0654,0.0854,0.7958,96.6,92.51,-1.451,1.033,34,0.26,18.05,2200,24,5.9,0,0
m_00438,kiosk,59,33,0.570083868,83,3.09,0.203,256.64,0.1075,0.0759,0.651,100,89.16,2.399,3.37,62,0.149,35.5,100,6,6.3,0,0
m_00439,grocer,177,132,0.749468048,321,29.42,0.05,9445.14,0.1559,0.042,0.8183,100,88.08,-2.697,-3.246,34,0.583,27.83,1700,6,8.3,0,0
m_00440,kiosk,390,218,0.560695479,582,41.8,0.238,24330.09,0.0047,0.0884,0.7785,100,89.86,1.191,1.095,35,0.205,15.74,8200,24,3.6,0,0
m_00441,kiosk,141,118,0.838994624,286,19.12,0.475,5467.91,0.1033,0.1022,0.9759,100,93.56,0.291,1.408,49,0.553,25.64,2400,18,18.5,0,0
m_00442,kiosk,78,25,0.32420897,72,8.33,0.348,599.52,0.0295,0.0026,0.7114,95.78,94.77,1.083,1.012,8,0.161,24.62,300,24,22,1,1
m_00443,cafe_bakery,210,144,0.686038539,273,12.32,0.27,3364.48,0.0358,0.0149,0.7713,98.72,97.86,-0.241,-3.108,35,0.286,38.58,800,12,2.8,1,1
m_00444,cafe_bakery,218,188,0.864590666,408,8.58,0.358,3502.05,0.1346,0.0894,0.8467,91.3,97.66,0.21,-1.219,32,0.076,26.83,600,24,6.3,1,1
m_00445,grocer,275,152,0.554334034,405,39.05,0.353,15813.39,0.0817,0.0221,0.935,96.02,98.5,1.133,-3.872,36,0.125,20.63,3800,18,3,0,0
m_00446,kiosk,146,126,0.865188788,295,13.04,0.443,3848.07,0.0145,0.0295,0.5728,92.65,94.78,0.082,-2.335,79,0.228,8.56,1400,9,11.9,0,0
m_00447,cafe_bakery,383,268,0.702317594,274,19.64,0.108,5382.04,0.0274,0.0752,0.7794,98.81,98.62,0.407,1.987,30,0.445,22.66,2000,12,14.1,0,0
m_00448,kiosk,222,159,0.71747622,255,15.01,0.335,3827.74,0.0846,0.0386,0.7414,97.01,87.43,0.456,-0.36,50,0.14,40.26,1400,9,11.1,0,0
m_00449,kiosk,135,112,0.830547621,225,23.26,0.369,5234.5,0.0202,0.0194,0.942,99.61,98.42,3.375,1.938,31,0.205,33.11,1400,6,6.7,0,0
m_00450,grocer,385,136,0.354912794,334,9.87,0.145,3297.1,0.1439,0.0784,0.8662,99.28,95.84,-2.312,1.829,24,0.247,19.8,1100,6,6.5,0,1
m_00451,grocer,372,267,0.718952128,532,19.19,0.143,10208.17,0.2152,0.0103,0.6842,100,99.85,2.029,-1.947,33,0.307,26.72,2600,9,11.9,0,0
m_00452,grocer,214,137,0.64458661,343,13.12,0.295,4501.49,0.031,0.0198,0.8831,95.01,85.28,0.763,0.639,64,0.243,29.29,2100,18,2.5,1,1
m_00453,cafe_bakery,39,31,0.798867405,81,31.65,0.351,2563.9,0.0481,0.0001,0.7645,91.92,99.65,0.577,-2.873,57,0.121,44.18,400,24,25.1,0,0
m_00454,takeaway,250,122,0.489630704,168,3.36,0.352,564.3,0.0916,0.0409,0.9986,100,89.5,-1.824,0.849,30,0.441,28.55,100,24,21.4,0,0
m_00455,takeaway,235,137,0.587144185,295,14.04,0.267,4141.38,0.0231,0.0862,0.7191,95.68,100,1.813,1.147,19,0.013,23.19,1700,18,9.5,0,0
m_00456,cafe_bakery,84,53,0.635525926,107,29.94,0.26,3204.01,0.027,0.0418,0.925,97.18,92.63,-1.616,-0.155,55,0.689,31.97,1600,6,7,0,0
m_00457,kiosk,264,140,0.530473331,182,27.97,0.291,5091.41,0.0207,0.0906,0.6996,100,97.66,2.293,-3.064,53,0.224,34.82,1400,6,7.8,0,0
m_00458,grocer,341,221,0.650262665,414,5.95,0.395,2464.15,0.036,0.0573,0.9088,96.44,95.66,-0.731,-2.675,35,0.559,36.09,700,24,25.1,0,1
m_00459,grocer,69,45,0.654001717,90,26.24,0.537,2361.48,0.1111,0.072,0.8586,93.88,100,2.293,5.385,19,0.254,35.89,1000,12,14.1,0,0
m_00460,cafe_bakery,297,215,0.725054567,558,9.27,0.05,5173.7,0.1243,0.0939,0.9085,100,96.6,-0.98,1.543,57,0.478,49.87,2300,9,10.8,0,0
m_00461,kiosk,81,51,0.636504108,92,11.14,0.443,1024.65,0.1475,0.0351,0.9342,95.67,100,-1.317,-0.258,39,0.61,16.36,300,6,5.9,0,0
m_00462,kiosk,307,167,0.547054648,163,29.01,0.333,4729.04,0.093,0.0051,0.8379,100,93.12,-0.064,2.22,38,0.2,27.14,2100,24,24.5,0,0
m_00463,takeaway,185,107,0.580406298,200,13.86,0.429,2771.59,0.074,0.0686,0.9145,98.43,91.86,-1.032,3.243,75,0.355,28.32,1300,18,18.5,0,0
m_00464,takeaway,32,16,0.504555153,42,5.66,0.528,237.68,0.1356,0.0124,0.9428,100,93.39,-0.274,2.721,39,0.381,15.6,100,12,0.5,1,1
m_00465,kiosk,387,210,0.544043984,431,7.77,0.237,3347.06,0.1289,0.0969,0.689,100,98.53,2.61,-0.087,55,0.162,17.28,800,9,0.4,1,1
m_00466,cafe_bakery,91,63,0.69671549,94,17.5,0.492,1645.09,0.1269,0.0177,0.8043,96.1,98.7,-0.75,-0.368,67,0.379,25.86,300,18,9.3,0,0
m_00467,kiosk,250,164,0.659995233,463,13.57,0.162,6285.21,0.0594,0.0278,0.6998,99.14,90.85,0.341,1.892,29,0.28,24.78,1200,24,26.4,0,0
m_00468,kiosk,97,66,0.68122734,75,13.42,0.369,1006.38,0.0617,0.1428,0.857,100,92.61,2.468,-0.171,22,0.604,23.28,300,24,17,1,1
m_00469,kiosk,375,336,0.896962383,510,23.03,0.314,11744.98,0.0502,0.0571,0.7818,100,97.15,0.437,2.697,43,0.326,10.48,2200,6,7.5,0,0
m_00470,takeaway,303,196,0.648936513,345,20.65,0.357,7125.53,0.0906,0.0267,0.9044,100,100,1.769,0.524,91,0.155,17.22,2900,9,11.5,0,1
m_00471,grocer,327,207,0.633603557,501,14.18,0.202,7105.99,0.0557,0.0289,0.7425,99.41,93.19,0.914,1.887,36,0.228,22.71,2200,24,15.1,0,0
m_00472,cafe_bakery,189,98,0.523609658,258,28.24,0.416,7287.13,0.0363,0.0381,0.7204,97.05,90.29,1.578,2.379,23,0.58,25.93,3300,6,4.6,0,0
m_00473,takeaway,202,190,0.942835168,176,23.14,0.588,4073.3,0.0384,0.0853,0.8228,94.78,100,-0.021,-2.298,25,0.102,31.25,1600,6,6.3,0,0
m_00474,cafe_bakery,264,230,0.874487001,584,19.94,0.204,11642.25,0.058,0.03,0.9321,100,89.01,0.952,0.591,31,0.234,25.7,3300,9,10.9,0,0
m_00475,kiosk,320,206,0.645891154,491,12.26,0.378,6019.51,0.0582,0.0217,0.6231,95.65,98.16,2.791,2.597,36,0.027,21.62,1400,12,12.7,0,0
m_00476,cafe_bakery,343,246,0.717651944,680,30.8,0.478,20942.89,0.1396,0.0332,0.6825,95.89,87.33,-0.417,-1.313,50,0.168,31.86,5900,9,9.3,0,1
m_00477,kiosk,36,26,0.738646189,72,13.32,0.305,959.01,0.1875,0.1001,0.985,97.41,95.52,0.707,-0.796,46,0.028,30.86,300,18,12.3,0,0
m_00478,grocer,275,141,0.515898602,353,14.08,0.554,4971.52,0.0583,0.058,0.685,92.96,94.59,-0.939,2.703,70,0.093,19,2100,9,2.8,0,0
m_00479,cafe_bakery,70,58,0.840731694,70,39.54,0.286,2767.96,0.0818,0.0904,0.8268,96.24,92.87,1.634,3.356,37,0.411,47.91,700,12,14,0,0
m_00480,takeaway,136,63,0.46841732,93,9.61,0.333,893.51,0.0695,0.1784,0.8197,95.09,100,-2.427,-6.743,48,0.226,5.47,200,24,3.4,1,1
m_00481,grocer,336,227,0.676366343,649,9.52,0.201,6179.45,0.0364,0.1165,0.7319,93.05,95.67,-0.366,2.697,73,0.152,34.91,2200,9,10.7,0,0
m_00482,cafe_bakery,122,83,0.681858147,175,14.42,0.369,2523.78,0.0746,0.0624,0.8447,93.59,95.33,1.587,-4.35,40,0.118,37.36,700,12,14.9,0,0
m_00483,cafe_bakery,324,166,0.515405279,329,8.28,0.35,2722.66,0.0391,0.0428,0.9236,97.25,94.97,-0.151,0.174,10,0.195,38.66,800,9,11.6,0,0
m_00484,kiosk,201,171,0.855521007,481,8.42,0.445,4051.46,0.1623,0.1338,0.6863,100,92.93,-2.609,-2.472,34,0.231,31.54,1100,9,11.6,0,0
m_00485,cafe_bakery,116,92,0.800393487,250,38.9,0.255,9724.39,0.1005,0.0245,0.7953,97.05,100,-1.079,-0.795,37,0.419,14.59,3200,24,22.8,0,0
m_00486,kiosk,153,62,0.409083411,148,14.28,0.248,2113.3,0.0339,0.0901,0.7529,94.04,94.49,-0.949,0.51,23,0.463,47.81,700,18,6.9,0,0
m_00487,kiosk,226,130,0.576333505,356,20.32,0.419,7235.09,0.0927,0.0227,0.8281,95.35,100,2.437,1.362,16,0.408,14.65,3400,9,1.3,1,1
m_00488,kiosk,313,268,0.858775904,281,6.36,0.56,1787.81,0.0157,0.1411,0.7676,98.35,92.7,1.262,3.159,18,0.179,17.54,400,9,9.9,0,0
m_00489,grocer,254,210,0.828515523,517,9.07,0.444,4688.42,0.0286,0.0536,0.7931,100,96.07,1.415,-2.391,74,0.3,22.86,1200,12,8.5,0,0
m_00490,kiosk,375,252,0.672440625,736,41.93,0.627,30863.13,0.0454,0.134,0.7883,100,94.09,-1.772,2.612,51,0.205,15.58,8000,9,9.1,0,0
m_00491,cafe_bakery,351,190,0.541737888,172,8.33,0.433,1432.7,0.0793,0.0302,0.9099,98.05,92.79,0.081,-0.256,17,0.101,15.66,700,24,10.1,0,0
m_00492,grocer,308,252,0.821410518,325,20.7,0.428,6726.86,0.0947,0.0305,0.7869,100,95.24,2.409,-0.213,30,0.242,19.35,1100,18,20.6,0,0
m_00493,takeaway,253,212,0.841610936,539,1.82,0.452,978.83,0.0079,0.1215,0.7831,95.74,100,1.418,3.701,8,0.292,8.74,200,6,7.3,0,0
m_00494,kiosk,137,88,0.64327563,171,6.02,0.573,1029.94,0.1155,0.0229,0.7416,93.8,100,-0.688,1.985,33,0.079,29.32,500,12,12.6,0,0
m_00495,cafe_bakery,182,73,0.404360646,72,14.14,0.536,1017.98,0.0384,0.0539,0.9315,96.47,96.1,1.253,-3.065,15,0.416,23.76,200,12,1.1,0,0
m_00496,takeaway,73,39,0.542357888,54,27.75,0.187,1498.72,0.054,0.1622,0.8487,100,90.53,-1.853,0.143,65,0.266,25.67,500,12,6.2,0,0
m_00497,takeaway,168,120,0.715151095,181,16.92,0.47,3062.51,0.0973,0.0776,0.6757,99.43,97.29,-1.212,-1.195,78,0.238,30.97,900,24,13,0,0
m_00498,takeaway,372,100,0.269271083,150,14.92,0.39,2238.12,0.0361,0.0998,0.8667,100,93.88,-2.751,-0.569,80,0.395,26.86,500,9,8.8,1,1
m_00499,kiosk,187,142,0.763345488,387,24.22,0.321,9374.78,0.0574,0.0414,0.7256,97.06,92.14,-0.095,0.037,21,0.375,21.61,4200,18,18.2,0,0
m_00500,grocer,72,46,0.644470102,103,19.02,0.084,1959.38,0.0852,0.0663,0.9683,97.77,98.55,1.024,1.226,17,0.37,32.69,600,9,11.7,0,0
m_00501,takeaway,271,125,0.464170284,302,4.9,0.119,1479.42,0.0867,0.0767,0.771,96.7,90.88,-1.372,-2.211,32,0.284,25.39,500,9,5.8,1,1
m_00502,kiosk,386,241,0.625626623,199,16.26,0.295,3236.07,0.0973,0.0225,0.826,94.76,96.42,-0.064,-0.144,31,0.623,20.01,500,12,13.7,0,0
m_00503,takeaway,350,125,0.358199147,217,12.42,0.13,2696.21,0.0342,0.0767,0.8273,97.45,97.79,-1.186,-0.489,10,0.3,26.66,900,24,24.7,0,0
m_00504,cafe_bakery,131,113,0.866002479,169,14.58,0.298,2464.75,0.0899,0.0915,0.8207,96.68,98.64,-0.814,1.068,25,0.373,40.8,500,12,12.8,0,0
m_00505,kiosk,197,161,0.820476334,430,12.2,0.457,5246.1,0.0983,0.0091,0.8057,95.9,90.87,-1.496,0.194,33,0.333,22.39,2500,18,20.7,0,0
m_00506,kiosk,226,148,0.655871574,428,16.39,0.263,7015.79,0.0551,0.1159,0.9472,99.17,100,1.935,2.176,15,0.446,34.62,2200,24,25.7,0,0
m_00507,takeaway,121,88,0.729589762,152,21.11,0.363,3209.12,0.0801,0.025,0.8856,97.74,97.07,-0.964,0.817,21,0.028,18.21,1600,9,10,0,0
m_00508,kiosk,129,76,0.592304075,223,6.93,0.19,1544.55,0.0721,0.1975,0.6045,100,95.89,-0.301,1.507,41,0.173,28.32,400,6,8.2,0,0
m_00509,cafe_bakery,117,79,0.678326967,65,10.64,0.395,691.66,0.0938,0.1731,0.7988,94.76,90.59,-0.715,0.766,41,0.017,30.82,200,6,8.6,0,0
m_00510,grocer,397,274,0.691661481,415,23.77,0.426,9865.55,0.114,0.0084,0.952,96.14,92.59,0.546,-1.999,59,0.364,19.4,1500,12,14,0,0
m_00511,cafe_bakery,306,218,0.713477244,546,25.51,0.137,13927.19,0.0381,0.0057,0.9251,92.04,94.46,3.809,-0.449,11,0.244,24.54,2200,18,7.8,0,0
m_00512,takeaway,341,200,0.588973232,318,35.8,0.237,11383.18,0.1251,0.0108,0.8291,94.38,95.77,4.252,-1.037,38,0.018,18.61,4400,18,19.3,0,0
m_00513,takeaway,332,264,0.797520801,746,17.13,0.16,12775.29,0.0454,0.0665,0.69,99.24,97.26,-0.255,1.818,50,0.353,19.54,1900,24,1,1,1
m_00514,takeaway,384,251,0.654383794,321,10.25,0.426,3290.33,0.0163,0.0099,0.841,99.8,94.47,0.7,2.003,76,0.132,27.91,1600,9,11.2,0,1
m_00515,takeaway,68,52,0.775777087,132,10.76,0.375,1420.5,0.0897,0.0304,0.9203,99.43,100,1.518,0.136,29,0.076,44.12,700,24,27,0,0
m_00516,cafe_bakery,356,276,0.776257204,343,16.8,0.343,5762.02,0.014,0.0499,0.8217,100,94.36,1.959,0.591,33,0.687,32.21,1300,18,18.3,0,0
m_00517,cafe_bakery,54,47,0.885306501,57,9.05,0.331,515.71,0.017,0.027,0.9064,98.99,96.65,1.03,-2.859,29,0.052,28.38,200,24,26.2,0,0
m_00518,kiosk,205,134,0.654175713,238,34.41,0.398,8190.67,0.065,0.0236,0.8287,97.55,100,1.736,-0.48,36,0.341,42.26,3700,24,1.9,0,0
m_00519,kiosk,249,150,0.603522577,431,12.15,0.401,5236.49,0.0831,0.0771,0.7561,99.37,93.68,0.695,-4.704,61,0.18,14.99,1000,12,5.5,0,0
m_00520,kiosk,162,118,0.728998217,246,31.71,0.276,7800.19,0.0757,0.0396,0.934,95.1,90.41,-0.867,1.918,56,0.011,41.57,3400,24,24.4,0,0
m_00521,cafe_bakery,84,58,0.70184397,127,8.27,0.255,1050.42,0.1057,0.0645,0.8861,92.45,94.22,1.726,4.758,23,0.186,24.41,500,12,14.4,0,0
m_00522,kiosk,101,87,0.866284073,71,14.62,0.341,1038.04,0.0414,0.0391,0.865,96.2,99.53,0.285,-0.766,34,0.424,30.97,300,18,10.9,1,1
m_00523,kiosk,335,154,0.462554902,142,13.29,0.322,1887.49,0.1508,0.0873,0.8733,96.56,96.15,0.58,0.758,29,0.293,34.96,700,18,19.9,0,1
m_00524,grocer,147,114,0.777694544,107,6.23,0.659,667.03,0.0778,0.0063,0.8477,97.72,98.58,-1.954,1.134,28,0.119,33.03,200,6,7.2,0,0
m_00525,grocer,144,92,0.640685889,239,13.93,0.292,3330.11,0.1004,0.1685,0.7422,94.99,90.63,-1.075,-1.973,47,0.084,24.6,1200,6,8.8,0,0
m_00526,takeaway,371,133,0.360842658,175,18.98,0.393,3321.9,0.0362,0.0432,0.784,95.58,89.42,-0.498,0.037,29,0.13,36.54,1100,6,7.6,0,0
m_00527,takeaway,83,56,0.68018043,85,3.16,0.42,268.61,0.0801,0.0448,0.8797,99.75,98.2,0.87,1.235,48,0.017,24.16,100,12,14.4,0,0
m_00528,grocer,368,256,0.696254414,548,22.25,0.56,12194.14,0.0349,0.0638,0.5247,93.73,97.28,2.773,0.638,30,0.349,24.11,5800,6,5.5,1,1
m_00529,takeaway,370,333,0.900698031,694,19.94,0.228,13838.84,0.1515,0.0051,0.8873,97.1,92.22,1.248,0.419,27,0.209,27.75,6600,6,6.3,0,0
m_00530,cafe_bakery,251,215,0.856622741,366,16.16,0.551,5915.17,0.0017,0.105,0.6759,95.54,91.3,-0.195,-0.293,34,0.17,33.29,2800,12,14.4,0,0
m_00531,grocer,91,75,0.824961729,60,24.85,0.328,1491.17,0.0214,0.0611,0.9376,92.33,95.23,-1.403,-1.332,99,0.612,18.29,500,24,26.7,0,1
m_00532,takeaway,87,69,0.799496446,123,25.83,0.725,3177.69,0.0526,0.1037,0.6598,96.18,95.71,1.95,1.652,22,0.259,19.41,800,24,16.4,1,1
m_00533,takeaway,135,60,0.44665829,145,62.03,0.404,8994.26,0.1077,0.1546,0.8353,94.71,91.01,0.557,3.821,25,0.514,10.98,3700,18,2.6,0,0
m_00534,cafe_bakery,243,103,0.426134124,135,6.01,0.166,811.23,0.0882,0.0019,0.8657,96.15,95.61,-4.722,-3.711,13,0.378,25.46,300,12,6.6,0,0
m_00535,cafe_bakery,86,37,0.438189853,87,37.29,0.32,3243.86,0.1857,0.0361,0.9038,97.65,90.08,1.642,-4.006,26,0.519,38.83,1500,6,7,0,0
m_00536,cafe_bakery,198,138,0.699915656,115,28.55,0.55,3283.36,0.0937,0.0645,0.9579,90.88,93.34,0.639,-2.129,12,0.251,60.42,1500,18,18.2,0,0
m_00537,grocer,72,41,0.571575746,114,19.93,0.362,2272.32,0.0362,0.0093,0.9058,100,90.63,-3.146,-0.582,12,0.202,30.73,600,6,6.4,0,0
m_00538,cafe_bakery,229,177,0.776797511,511,8.38,0.341,4281.22,0.113,0.0001,0.8274,100,95.45,1.011,-0.225,43,0.031,44.72,1500,24,26,0,0
m_00539,grocer,37,22,0.61591454,17,12.7,0.458,215.86,0.1395,0.0771,0.8094,94.58,93.33,0.205,0.554,51,0.154,28.64,100,18,11.4,0,0
m_00540,takeaway,292,241,0.826219796,435,11.59,0.298,5040.23,0.1313,0.155,0.4533,95.64,100,-1.896,0.445,83,0.026,29.36,2400,9,1.6,0,0
m_00541,takeaway,50,37,0.741034047,63,15.17,0.318,955.71,0.0862,0.0197,0.7673,94.94,97.11,3.136,0.023,22,0.087,27.05,300,24,2.6,0,0
m_00542,kiosk,102,54,0.532309826,143,24.3,0.208,3474.43,0.0964,0.0664,0.6858,94.16,90.64,0.735,2.844,21,0.201,27.86,600,12,0.7,0,0
m_00543,grocer,94,46,0.493434502,91,33.35,0.609,3035.18,0.0729,0.0827,0.7883,100,99.54,-0.65,-1.552,63,0.043,27.91,1000,12,14.6,0,0
m_00544,cafe_bakery,337,264,0.785044738,566,43.3,0.167,24507.88,0.0406,0.0676,0.7819,96.47,95.1,-1.099,2.115,38,0.222,25.04,5700,6,6.8,0,0
m_00545,kiosk,49,17,0.361716984,21,12.76,0.375,267.94,0.3477,0.0324,0.8999,99.49,98.91,-0.212,4.27,22,0.131,46.03,0,24,23.6,0,0
m_00546,grocer,188,60,0.320734536,58,18.11,0.422,1050.51,0.0317,0.1118,0.792,100,90.72,-0.163,-2.641,52,0.376,33.81,500,6,4.3,0,0
m_00547,grocer,248,204,0.824244127,473,9.46,0.348,4472.48,0.0681,0.0376,0.8119,100,98.29,0.94,-3.6,35,0.089,21.18,1700,9,11.7,0,1
m_00548,cafe_bakery,220,139,0.63470945,301,29.3,0.162,8818.96,0.0185,0.0153,0.7141,100,100,-0.284,0.671,35,0.281,34.7,1700,9,11.5,0,0
m_00549,kiosk,281,171,0.610360333,449,20.68,0.2,9285.39,0.0471,0.0283,0.9697,93.46,98.23,-0.546,1.594,72,0.353,38.28,2600,9,10.8,0,0
m_00550,takeaway,327,155,0.476628294,412,14.32,0.428,5901.87,0.1339,0.0926,0.8568,100,93.52,0.312,0.372,45,0.268,15.99,1500,12,2.6,1,1
m_00551,grocer,175,109,0.62685246,238,5.74,0.233,1366.57,0.2644,0.1215,0.7374,96.25,100,-0.581,-3.952,45,0.463,38.68,600,24,0.4,0,0
m_00552,kiosk,336,297,0.886253926,589,18.26,0.05,10756.5,0.0265,0.0447,0.827,100,93.16,-0.1,-3.074,52,0.293,37.34,4200,18,12.1,0,0
m_00553,takeaway,147,79,0.54215125,222,19.4,0.408,4307.84,0.1197,0.0258,0.9629,94.76,97.82,2.146,-0.716,34,0.443,32.06,800,6,6.6,0,0
m_00554,cafe_bakery,394,363,0.922176515,930,4.53,0.219,4208.95,0.0958,0.0057,0.4349,93.82,100,-0.652,1.131,51,0.243,44.15,600,6,7.3,0,0
m_00555,kiosk,216,163,0.756441065,446,7,0.445,3123.74,0.0346,0.0165,0.7539,97.24,93.58,-0.189,-0.409,74,0.14,38.39,1400,9,4.5,0,0
m_00556,takeaway,302,185,0.613370918,553,18,0.32,9953.01,0.0909,0.0987,0.5965,99.17,97.94,-1.145,0.727,35,0.284,24.27,4700,9,11.7,0,1
m_00557,takeaway,353,211,0.598598551,356,41.18,0.313,14660.39,0.1048,0.0898,0.6618,91.86,100,1.658,0.671,42,0.206,29.79,7100,9,11.6,0,0
m_00558,takeaway,323,177,0.549320335,420,31.05,0.358,13040.6,0.1797,0.0071,0.6842,96.01,99.83,-2.534,2.162,23,0.094,42.55,2500,6,7.4,0,0
m_00559,cafe_bakery,344,289,0.840420085,668,14.57,0.179,9735.55,0.0525,0.0776,0.4529,93.94,98.75,-1.246,-2.022,25,0.495,23.77,2800,12,4.5,0,0
m_00560,cafe_bakery,228,142,0.623723339,168,13.26,0.226,2227.26,0.226,0.0129,0.8811,100,88.04,1.071,0.476,32,0.231,24.54,400,18,19.8,0,0
m_00561,takeaway,46,31,0.688035402,68,10.44,0.311,709.67,0.0575,0.0524,0.7349,95.53,92.05,-0.226,3.177,33,0.122,31.37,300,9,11,0,0
m_00562,cafe_bakery,212,134,0.634566042,233,9.75,0.178,2271.33,0.0948,0.084,0.7015,100,99.37,1.324,-1.28,14,0.393,26.34,700,24,5.6,0,0
m_00563,kiosk,97,74,0.763151101,132,13.86,0.457,1829.36,0.025,0.0691,0.7536,95.08,94.66,-0.29,-0.954,76,0.412,53.31,900,9,9.9,0,0
m_00564,cafe_bakery,358,259,0.7257458,309,48.12,0.304,14868.4,0.0625,0.0602,0.7977,98.14,93.92,-1.008,0.473,53,0.348,42.22,4600,6,7.7,0,0
m_00565,takeaway,117,61,0.526899211,148,13.2,0.133,1953.04,0.047,0.0344,0.9119,93.08,100,-0.183,-1.814,40,0.351,50.46,400,9,11.7,0,0
m_00566,grocer,114,70,0.615559886,163,16.41,0.266,2674.1,0.0537,0.0196,0.7203,96.9,98.54,-1.938,-2.029,22,0.219,40.84,700,12,13.6,0,0
m_00567,kiosk,122,72,0.590530443,141,7.35,0.365,1036.1,0.2392,0.0026,0.7358,93.94,92.61,-1.239,-0.394,42,0.497,30.71,500,12,6,0,0
m_00568,takeaway,267,187,0.702815678,214,22.75,0.283,4868.06,0.0693,0.082,0.6367,100,98.94,1.369,-0.188,30,0.253,8.67,2200,9,5.4,0,0
m_00569,grocer,241,188,0.781355302,380,16.24,0.41,6169.8,0.0565,0.0378,0.6337,100,92.05,-0.388,1.803,47,0.207,32.07,2000,24,25.4,0,0
m_00570,grocer,381,165,0.434900266,168,12.72,0.436,2136.49,0.0903,0.0903,0.8439,97.87,89.53,-0.045,-1.493,19,0.236,17.3,600,9,2.7,0,0
m_00571,takeaway,184,136,0.741101651,210,8.58,0.71,1800.85,0.0197,0.1224,0.8261,100,97.15,0.187,0.361,65,0.099,12.84,400,24,4.5,1,1
m_00572,cafe_bakery,134,103,0.775822146,166,10.06,0.523,1669.49,0.0543,0.1461,0.8506,95.72,90.92,-2.353,2.769,9,0.101,40.26,300,24,26.8,0,0
m_00573,grocer,48,28,0.599671418,76,12.19,0.105,926.55,0.0577,0.0256,0.9126,99.06,90.85,-2.338,2.65,33,0.326,17.42,200,12,0.8,0,0
m_00574,grocer,32,16,0.511098707,27,12.68,0.296,342.35,0.1359,0.1172,0.7293,96.99,91.79,0.572,0.08,62,0.291,21.25,100,12,7.7,0,0
m_00575,takeaway,168,109,0.651925408,230,8.52,0.31,1959.29,0.0772,0.0629,0.937,98.77,96.52,-0.616,0.678,105,0.161,23.61,800,6,8.1,0,0
m_00576,grocer,372,285,0.768735038,776,15.34,0.436,11902.68,0.0388,0.0452,0.6848,97.59,99,-0.33,-1.51,22,0.439,29.82,3000,9,10.8,0,0
m_00577,grocer,223,159,0.714746456,276,18.52,0.21,5110.29,0.265,0.1855,0.8886,97.06,94.68,0.923,0.878,33,0.093,27.74,2500,18,18.3,0,0
m_00578,grocer,360,232,0.645398245,636,25.1,0.27,15960.82,0.1092,0.0191,0.703,91.79,91.03,-1.402,3.361,19,0.195,35.84,5000,18,19.6,0,0
m_00579,takeaway,67,38,0.578414405,41,39.9,0.163,1635.87,0.0664,0.0558,0.8861,95.29,91.34,-0.85,2.899,25,0.176,34.14,600,9,11,0,0
m_00580,takeaway,64,54,0.857401781,86,4.44,0.26,381.88,0.1322,0.0145,0.8736,100,89.62,-0.529,0.256,39,0.207,12.63,100,9,11.9,0,1
m_00581,cafe_bakery,338,210,0.623020673,211,20.16,0.265,4253.22,0.0563,0.0157,0.8252,96.88,98.7,0.505,0.992,17,0.471,43.7,1800,6,7.8,0,0
m_00582,cafe_bakery,69,43,0.631030445,87,13.59,0.303,1182.25,0.1182,0.0691,0.617,95.09,92.22,-0.539,-1.171,71,0.267,16.87,600,12,4.1,1,1
m_00583,grocer,49,41,0.849291358,119,3.5,0.172,416.64,0.0298,0.0094,0.6427,97.38,96.74,-0.949,-1.559,28,0.353,18.2,200,24,26.7,0,0
m_00584,kiosk,179,150,0.841388481,336,10.92,0.497,3669.65,0.0669,0.0397,0.7734,92.66,88.6,2.54,-0.429,47,0.439,45.88,1200,24,25.9,0,0
m_00585,takeaway,372,316,0.8495988,688,4.87,0.421,3352.22,0.0591,0.0348,0.5714,95.81,100,0.06,0.842,74,0.73,27.46,1600,6,9,0,0
m_00586,takeaway,285,220,0.77387516,310,23.61,0.133,7320.01,0.0994,0.0349,0.7897,97.8,95.77,0.982,1.744,18,0.073,39.53,2200,18,15.1,0,0
m_00587,cafe_bakery,66,63,0.960088107,179,21.87,0.354,3914.26,0.1195,0.0072,0.8974,98.72,89.54,-2.714,0.141,49,0.035,35.35,700,6,8.9,0,0
m_00588,kiosk,339,217,0.641642259,398,17.5,0.115,6964.18,0.095,0.0113,0.8049,98.28,93.4,-1.932,1.18,54,0.356,32.68,1400,12,12.9,0,0
m_00589,grocer,342,234,0.685059875,324,10.22,0.551,3310.98,0.0487,0.0382,0.8087,100,96.55,0.879,-4.804,17,0.101,21.07,1600,9,10.7,0,0
m_00590,takeaway,326,211,0.647695857,627,34.05,0.592,21352.06,0.036,0.0497,0.8069,95.22,92.27,-0.361,0.641,20,0.287,26.09,10200,18,19,0,0
m_00591,takeaway,363,251,0.692190786,434,7.83,0.342,3397.41,0.0769,0.0399,0.7659,92.73,97.27,-0.579,-0.94,40,0.224,44.86,1600,9,9.3,0,0
m_00592,grocer,118,84,0.71818153,135,12.83,0.222,1731.87,0.0372,0.0405,0.7645,96.16,100,-1.426,-2.202,71,0.183,21.17,700,6,8.7,0,0
m_00593,cafe_bakery,392,282,0.721517487,247,14.28,0.25,3528.11,0.0213,0.0076,0.8293,95.54,99.47,1.461,1.208,58,0.187,28.75,1400,18,20.7,0,0
m_00594,takeaway,148,89,0.605387694,106,15.52,0.282,1645.36,0.0579,0.1212,0.7918,97.79,95.71,0.982,3.194,24,0.15,33.21,700,9,4.3,0,0
m_00595,cafe_bakery,326,236,0.724532275,608,53.2,0.334,32346.38,0.116,0.0421,0.9191,96.37,100,-0.098,0.273,53,0.6,24.09,9900,24,17.2,0,0
m_00596,grocer,244,203,0.833650945,377,38.05,0.556,14343.79,0.0432,0.1536,0.7818,97.66,96.59,0.369,2.06,21,0.176,21.11,4900,18,7.1,1,1
m_00597,grocer,318,220,0.694960892,638,21.46,0.493,13694.5,0.0383,0.0378,0.9691,97.54,95.3,-0.457,-0.535,72,0.073,26.23,6400,12,3.6,1,1
m_00598,cafe_bakery,262,145,0.556140602,142,16.31,0.496,2315.49,0.0666,0.0171,0.7599,99.89,95.41,-1.026,4.406,26,0.316,26.02,400,12,8.3,0,0
m_00599,kiosk,267,234,0.876821005,504,16.2,0.376,8163.62,0.054,0.1109,0.9461,97.19,96.16,-0.778,-2.852,28,0.033,13.01,2800,24,25.6,0,0
m_00600,takeaway,258,214,0.831168781,510,24.61,0.177,12552.37,0.0779,0.0997,0.7554,97.84,97.54,1.147,0.098,15,0.288,30.77,3600,6,6,0,0
m_00601,kiosk,318,256,0.807218899,554,30.42,0.234,16852.53,0.0852,0.0299,0.8653,100,92.22,-0.592,1.803,22,0.095,41.3,5800,18,19.5,0,0
m_00602,takeaway,303,148,0.491198675,290,7.7,0.359,2233.8,0.0214,0.0592,0.8,92.32,100,0.086,0.238,38,0.374,2,1100,18,9,1,1
m_00603,takeaway,79,55,0.705278172,113,40.11,0.17,4532.48,0.0432,0.0455,0.7355,97.78,100,-0.644,3.053,26,0.218,29.84,1900,6,8.1,0,0
m_00604,kiosk,335,271,0.809675212,627,20.85,0.396,13075.03,0.0286,0.0333,0.8046,96.88,100,1.41,-3.846,15,0.053,2,4100,24,12.5,1,1
m_00605,takeaway,228,135,0.596183752,364,11.56,0.471,4206.61,0.1416,0.0955,0.7521,97.37,88.94,-0.975,0.078,26,0.332,42.77,1600,24,14.7,1,1
m_00606,kiosk,149,78,0.529598359,120,14.98,0.432,1797.97,0.0234,0.0394,0.714,98.97,95.94,2.291,-0.199,91,0.39,22.09,600,12,3.3,0,0
m_00607,grocer,220,169,0.768238868,306,21.51,0.426,6580.67,0.1037,0.003,0.4771,94.72,92.6,-0.86,0.079,72,0.256,28.11,1400,18,20.9,0,0
m_00608,kiosk,387,287,0.741901702,631,22.11,0.07,13952.59,0.0703,0.0829,0.7541,95.51,98.4,-0.858,-2.866,45,0.345,17.88,4300,6,6.6,0,0
m_00609,kiosk,347,240,0.694383507,357,8.61,0.55,3074.26,0.0131,0.0688,0.9169,99.43,100,3.005,-0.283,43,0.21,47.76,600,9,11.3,0,1
m_00610,kiosk,338,261,0.774629314,311,15.82,0.115,4919.65,0.0166,0.0205,0.7614,96.76,95.97,-1.6,-0.375,70,0.572,48.84,1500,18,19.2,0,0
m_00611,kiosk,201,153,0.76221564,447,18.48,0.327,8260.28,0.0216,0.0011,0.9556,94.35,94.6,-0.056,0.786,45,0.793,16.88,2500,12,13.3,0,0
m_00612,takeaway,320,292,0.913683591,358,30.68,0.443,10984.67,0.0947,0.0827,0.7548,99.58,93.9,1.518,2.497,38,0.371,15.72,4300,18,20.2,0,0
m_00613,takeaway,172,41,0.239191981,53,32.56,0.404,1725.56,0.0867,0.076,0.8149,99.12,95.07,-2.315,0.523,49,0.263,36.38,400,6,4.5,1,1
m_00614,grocer,283,162,0.572923876,350,7.1,0.158,2483.62,0.0333,0.0662,0.6453,97.69,97.35,0.387,1.136,24,0.063,36.61,700,12,14.3,0,0
m_00615,cafe_bakery,266,148,0.558272507,143,16.8,0.185,2402.34,0.0293,0.0786,0.7594,98.45,97.32,-2.309,2.815,39,0.006,24.12,700,6,2.1,0,0
m_00616,kiosk,122,68,0.558637594,59,11.17,0.393,659.21,0.2712,0.0468,0.917,98.9,100,0.055,2.678,42,0.033,17.43,100,12,5.7,0,0
m_00617,takeaway,128,114,0.894153788,107,21.22,0.427,2270.33,0.2854,0.0472,0.7075,96.93,95.22,3.054,-4.469,33,0.256,43.02,900,9,9.3,0,0
m_00618,cafe_bakery,52,25,0.497043321,26,51.69,0.184,1344.04,0.0488,0.0196,0.9791,98.13,99.52,-3.527,1.895,40,0.37,25.3,500,6,7.6,0,1
m_00619,cafe_bakery,81,60,0.742333433,104,28.66,0.409,2980.91,0.1703,0.0315,0.7343,93.63,92.33,-0.113,1.882,30,0.191,24.71,900,18,20.6,0,0
m_00620,kiosk,190,102,0.538106404,267,22.31,0.123,5957.57,0.1456,0.0373,0.9619,96.58,90.83,-0.682,-0.224,21,0.485,29.19,1200,12,14,0,0
m_00621,grocer,206,128,0.623495885,198,25.95,0.444,5137.86,0.0155,0.0052,0.7034,100,99.93,-1.511,-0.617,27,0.086,13.17,2200,6,6.8,0,0
m_00622,grocer,91,57,0.627879585,99,36.53,0.217,3615.99,0.1662,0.0116,0.8261,100,97.57,-2.295,-1.958,41,0.146,21.66,1400,18,4.5,0,0
m_00623,takeaway,184,141,0.770704002,298,27.22,0.362,8111.86,0.0281,0.1475,0.7224,97.57,93.84,1.649,-3.582,38,0.293,17.86,3100,12,12.9,0,0
m_00624,cafe_bakery,253,169,0.670396555,247,7.95,0.337,1964.33,0.0813,0.0614,0.9456,94.49,92.27,0.297,2,41,0.139,8.09,900,6,1.3,0,0
m_00625,kiosk,116,80,0.696034838,140,41.81,0.524,5853.21,0.0232,0.0208,0.7318,96.14,94.06,-2.788,1.83,32,0.339,19.33,2500,12,2.3,0,0
m_00626,kiosk,155,112,0.722700383,184,17.8,0.386,3274.35,0.0416,0.1663,0.8973,92.85,96.83,-1.412,0.1,13,0.147,27.36,1500,6,2.4,0,0
m_00627,takeaway,165,130,0.791231673,201,20.73,0.26,4166.68,0.0975,0.0057,0.7257,99.21,96.59,-0.823,1.72,47,0.19,19.91,1700,12,13.9,0,0
m_00628,kiosk,216,180,0.836938677,297,32.54,0.404,9663.25,0.093,0.2477,0.8027,97.34,90.18,-2.357,2.347,35,0.162,26.46,4000,9,10.1,0,0
m_00629,grocer,165,129,0.784275408,106,50.29,0.671,5330.54,0.0926,0.0424,0.8612,94.33,90.89,0.132,-3.292,47,0.085,17.19,2200,18,4.4,0,0
m_00630,cafe_bakery,302,184,0.612541821,505,12.8,0.461,6462.96,0.1449,0.0616,0.8237,96.63,96.52,0.383,0.799,39,0.16,33.97,3100,18,18.6,0,0
m_00631,cafe_bakery,151,113,0.753170606,333,31.54,0.341,10501.34,0.0465,0.0451,0.8557,99.32,98.32,0.361,-0.185,27,0.261,37.72,3500,9,10.5,0,0
m_00632,kiosk,190,145,0.764303152,391,12.31,0.225,4813.92,0.1083,0.0025,0.4051,97.35,92.82,3.031,1.165,37,0.237,34.48,1400,9,11.4,0,1
m_00633,cafe_bakery,170,125,0.740734105,101,19.74,0.258,1994.12,0.0091,0.0995,0.6441,95.14,90.3,-1.411,0.673,97,0.143,29.44,1000,24,25.5,0,0
m_00634,kiosk,97,55,0.568374685,134,6.25,0.452,838.08,0.1734,0.1757,0.8195,100,96.12,-0.709,1.84,15,0.269,36.05,400,12,3.1,1,1
m_00635,cafe_bakery,283,234,0.828919434,482,12.36,0.217,5955.49,0.1919,0.0202,0.8771,98.23,87.17,-0.791,-2.866,60,0.262,21.71,2700,12,12.9,0,0
m_00636,kiosk,117,78,0.667172579,78,19.17,0.35,1495.04,0.1345,0.0835,0.5414,94.91,94.44,1.282,2.928,43,0.304,19.93,500,6,7.1,0,0
m_00637,grocer,139,113,0.817965265,322,23.01,0.566,7409.64,0.1687,0.0565,0.5322,97.28,98.37,1.118,-0.747,116,0.23,27.16,2700,18,19.6,0,0
m_00638,cafe_bakery,323,174,0.541321079,436,22.26,0.373,9707.09,0.1229,0.0595,0.8612,90.86,95.01,-1.696,0.031,25,0.317,22.43,3000,6,6.6,0,0
m_00639,kiosk,381,272,0.716343903,304,29.28,0.188,8900.99,0.0601,0.1053,0.7395,97.98,89.73,2.168,-3.219,32,0.262,41.6,2000,24,10.4,0,0
m_00640,takeaway,278,228,0.822307075,665,13.5,0.677,8977.13,0.1497,0.035,0.6497,100,100,-1.362,0.093,38,0.161,48.13,1700,18,19.4,0,0
m_00641,grocer,369,316,0.859050994,340,15.95,0.614,5422.55,0.0166,0.0187,0.5649,100,96.02,1.281,0.264,21,0.416,54.25,800,9,5.1,0,0
m_00642,takeaway,346,237,0.685335692,426,16.42,0.425,6993.49,0.0447,0.0366,0.7958,96.69,96.83,1.19,0.14,87,0.233,37.19,1600,9,9.7,0,0
m_00643,cafe_bakery,207,170,0.824138283,195,14.12,0.541,2752.94,0.0287,0.097,0.8099,97.94,99.51,0.597,-1.172,91,0.196,31.59,900,24,25.7,0,0
m_00644,kiosk,315,256,0.813211573,289,9.61,0.31,2778.05,0.0368,0.0258,0.6973,98.82,95.27,-0.494,-2.139,52,0.681,8.34,1300,6,7.8,0,0
m_00645,cafe_bakery,151,133,0.882542807,389,17.87,0.459,6950.36,0.1138,0.0887,0.9254,99.02,94.9,-0.466,1.583,12,0.145,23.8,2100,18,20.3,0,1
m_00646,cafe_bakery,200,138,0.69243089,284,26.62,0.286,7559.31,0.0717,0.0379,0.9053,96.84,100,0.722,-3.174,16,0.574,20.58,2800,9,7.9,0,0
m_00647,kiosk,228,137,0.604047032,187,20.48,0.147,3830.57,0.078,0.0416,0.7791,90.65,92.73,0.79,1.909,44,0.112,21.32,1200,9,7.2,0,0
m_00648,kiosk,385,209,0.54438059,524,13.06,0.739,6844.39,0.0631,0.1052,0.6398,96.13,99.66,1.064,3.689,72,0.182,41.52,1100,6,6.7,0,0
m_00649,takeaway,343,220,0.64234729,599,18.07,0.139,10826.08,0.0249,0.014,0.6825,95.39,91.48,1.065,4.734,29,0.192,42.5,3200,12,13.8,0,0
m_00650,grocer,211,143,0.680619145,403,12.57,0.395,5067.23,0.1274,0.0057,0.9783,96.88,93.09,0.514,-1.867,46,0.128,23.77,1400,9,10.2,0,0
m_00651,cafe_bakery,271,212,0.783036638,604,23.34,0.393,14099.62,0.0565,0.051,0.7465,94.93,97.17,2.12,1.482,68,0.265,21.85,3700,9,11.3,0,0
m_00652,grocer,104,83,0.799247553,231,27.11,0.427,6263.34,0.1813,0.0593,0.9313,99,100,-0.9,-0.825,24,0.15,25.79,1600,6,0.6,0,0
m_00653,takeaway,327,229,0.700903215,505,27.48,0.337,13877.83,0.1059,0.0418,0.7051,100,96.59,0.064,2.749,65,0.193,9.7,2800,18,20.2,0,0
m_00654,kiosk,234,192,0.823670816,298,14.97,0.338,4460.77,0.0619,0.027,0.8112,100,90.4,-0.837,1.086,32,0.285,40.88,1600,24,25.9,0,0
m_00655,kiosk,227,93,0.41103615,263,12.74,0.371,3350.53,0.0613,0.0415,0.7364,96.97,98.84,3.665,-0.285,34,0.694,36.27,1400,18,18.4,0,0
m_00656,grocer,313,237,0.757504319,253,29.28,0.422,7407.75,0.182,0.0109,0.8628,100,92.82,1.146,-1.521,42,0.054,15.63,3300,12,14,0,0
m_00657,grocer,264,223,0.846164964,261,14.29,0.35,3728.55,0.1665,0.0478,0.9535,100,98.53,1.52,-0.439,21,0.101,15.82,900,9,0.2,0,0
m_00658,cafe_bakery,56,20,0.358348983,35,17.9,0.34,626.62,0.1067,0.0042,0.8551,99.36,97.15,0.67,-1.049,48,0.101,44.63,200,6,6.1,0,0
m_00659,kiosk,136,71,0.523335562,101,20.36,0.152,2056.49,0.0385,0.0169,0.7847,95.46,90,-0.085,0.251,26,0.322,36.47,500,18,18.4,0,1
m_00660,cafe_bakery,95,63,0.672729439,135,17.05,0.652,2301.35,0.1929,0.0522,0.9665,96.74,97.44,4.006,0.354,22,0.201,46.56,500,6,7,0,0
m_00661,cafe_bakery,301,246,0.817734464,686,25.24,0.43,17317.08,0.0092,0.0237,0.8782,98.93,91.06,1.823,-0.809,31,0.322,20.51,6400,9,10.4,0,1
m_00662,grocer,43,40,0.933648807,75,6.76,0.381,506.92,0.0566,0.1203,0.785,100,100,-0.481,-0.988,19,0.085,46.27,100,6,8.8,0,0
m_00663,grocer,104,75,0.729254571,151,22.13,0.256,3341.69,0.0504,0.0462,0.9397,100,89.71,-0.408,1.555,21,0.248,18.86,1000,9,2.9,0,0
m_00664,cafe_bakery,251,184,0.733412194,318,10.48,0.199,3331.42,0.0322,0.0427,0.9671,98.95,95.36,0.333,1.701,55,0.38,29.94,1100,24,24.1,0,0
m_00665,takeaway,287,241,0.840299849,567,13.36,0.479,7573.71,0.1021,0.1339,0.6849,97.65,92.22,-0.811,-1.326,46,0.106,11.03,2900,18,3.9,0,0
m_00666,grocer,216,164,0.760320964,167,18.91,0.326,3158.62,0.0582,0.0381,0.9345,99.46,100,-0.521,0.191,34,0.58,23.35,1500,12,3.2,0,0
m_00667,kiosk,348,215,0.620058107,194,5.62,0.443,1090.33,0.1064,0.0091,0.4983,98.78,89.81,-2.28,-1.428,22,0.081,30.33,500,9,6.5,0,0
m_00668,grocer,370,193,0.524126615,426,15.46,0.147,6583.84,0.0649,0.0313,0.8346,100,100,-3.593,5.516,50,0.385,24.36,1900,6,8.3,0,0
m_00669,kiosk,78,65,0.835214925,128,13.93,0.582,1782.58,0.0662,0.0203,0.8325,93.89,94.55,2.965,-1.581,63,0.188,34.82,800,18,2.8,0,0
m_00670,kiosk,382,335,0.878337634,568,15.96,0.485,9063.81,0.0866,0.0208,0.945,97.28,93.74,-0.759,0.807,118,0.367,20.37,2200,12,13.5,0,1
m_00671,takeaway,257,178,0.695063878,273,13.47,0.338,3677.19,0.1191,0.0934,0.6477,99.45,99.09,-0.456,1.19,66,0.176,28.52,1400,6,6.4,0,0
m_00672,grocer,265,233,0.881144342,212,17.97,0.42,3810.05,0.1482,0.0605,0.7648,100,95.86,0.104,-1.031,30,0.196,25.18,800,12,14.6,0,1
m_00673,grocer,65,61,0.942817936,140,12.3,0.461,1721.49,0.0194,0.0072,0.9574,100,92.6,1.044,-1.421,20,0.305,25.06,500,18,20.2,0,0
m_00674,kiosk,260,225,0.866844994,388,16.67,0.149,6467.08,0.0087,0.0689,0.7869,92.81,92.94,1.164,-0.259,35,0.173,36.56,2400,6,8.5,0,0
m_00675,cafe_bakery,298,133,0.446313698,236,18.89,0.602,4457.65,0.0443,0.0528,0.563,95.03,94.01,1.544,-1.43,63,0.074,21.51,1900,9,12,0,0
m_00676,grocer,244,211,0.868524117,583,29.87,0.422,17413.76,0.0391,0.0024,0.8817,96.97,93.23,0.862,0.677,29,0.079,26.65,8300,9,11.9,0,0
m_00677,kiosk,61,29,0.486706889,70,33.5,0.244,2345.34,0.043,0.0823,0.9409,93.46,99.24,-0.402,-1.399,14,0.024,23.63,1200,12,12.8,0,1
m_00678,kiosk,223,111,0.498938353,142,7.15,0.186,1015.64,0.0719,0.0247,0.8479,100,96.34,1.897,0.593,46,0.165,44.45,500,9,11.6,0,0
m_00679,cafe_bakery,376,307,0.81671794,689,31.15,0.498,21463.56,0.1748,0.0208,0.8746,97.56,97.85,-0.268,-3.829,31,0.267,27.99,4700,12,14.1,0,0
m_00680,takeaway,297,172,0.582180689,187,9.57,0.382,1790.38,0.0059,0.0109,0.8467,100,94.33,1.547,-1.314,22,0.125,28.07,800,24,26.7,0,1
m_00681,kiosk,80,47,0.588070025,57,16.75,0.422,954.65,0.0291,0.1176,0.8554,96.65,98.58,-2.31,-0.54,67,0.218,25.51,300,6,8.9,0,0
m_00682,kiosk,385,307,0.799385874,727,5.89,0.354,4284.35,0.0668,0.0195,0.8717,98.41,93.22,1.952,2.301,23,0.481,32.56,1200,6,7.1,0,1
m_00683,takeaway,384,146,0.381248123,157,4.01,0.2,629.33,0.0112,0.1387,0.9294,93.09,92.32,-1.337,-3.396,29,0.045,24.02,200,12,3.3,1,1
m_00684,cafe_bakery,92,78,0.85421853,110,50.01,0.426,5501.08,0.2264,0.0059,0.7294,94.01,93.96,-2.175,2.331,27,0.326,23.57,2200,18,10.9,1,1
m_00685,takeaway,326,271,0.831899199,752,17.01,0.32,12791.88,0.3513,0.1322,0.8541,94.07,100,-1.949,1.619,15,0.144,23.58,3800,24,15,0,0
m_00686,kiosk,180,165,0.920371275,400,14.89,0.347,5954.97,0.0266,0.2111,0.9778,92.05,93.7,0.304,-3.271,34,0.1,28.75,2700,24,26.5,0,0
m_00687,cafe_bakery,249,210,0.844945824,597,20.16,0.707,12034.77,0.0355,0.0394,0.9757,100,93.88,3.429,1.376,14,0.228,38.92,5800,24,26.7,0,0
m_00688,kiosk,194,153,0.789742759,419,15.1,0.48,6325.27,0.0771,0.0522,0.8913,97.14,96.87,-0.294,-1.56,20,0.403,24.88,2900,9,8.8,1,1
m_00689,grocer,319,230,0.723139687,342,26.93,0.489,9210.61,0.1341,0.1144,0.4929,100,95.48,-0.168,1.442,22,0.284,14.97,2900,18,18.4,0,0
m_00690,grocer,398,210,0.528261154,460,19.52,0.758,8977.71,0.0845,0.0389,0.891,96.84,91.65,1.153,1.561,17,0.068,13.18,4100,18,3.5,0,0
m_00691,grocer,324,204,0.632373983,333,24.53,0.408,8169.58,0.1677,0.1051,0.8406,100,91.27,-0.864,1.886,44,0.222,57.08,2900,18,19,0,0
m_00692,cafe_bakery,374,341,0.912135663,795,10.54,0.368,8382.58,0.2447,0.0575,0.6931,100,99,-0.224,-0.843,39,0.221,19.82,1800,12,10.8,0,0
m_00693,grocer,380,302,0.79514361,473,6.48,0.248,3063.48,0.082,0.0306,0.7352,96.82,91.25,-0.523,1.664,47,0.345,47.04,600,24,25.3,0,0
m_00694,cafe_bakery,63,54,0.865446161,43,28.64,0.282,1231.4,0.0903,0.0474,0.8238,97.78,99.54,2.951,3.38,15,0.395,25.64,200,18,19.9,0,0
m_00695,kiosk,123,92,0.751694028,92,20.65,0.05,1900.12,0.0251,0.1073,0.76,98.24,94.13,0.113,-0.283,57,0.124,18.43,300,24,24.9,0,0
m_00696,kiosk,297,198,0.668521737,494,7.96,0.469,3933.98,0.0257,0.0813,0.7347,100,86.71,1.123,-0.029,59,0.258,27.22,1700,9,9.2,0,0
m_00697,cafe_bakery,248,179,0.723917699,176,8.05,0.16,1417.17,0.0575,0.0537,0.7495,97.09,98.59,-1.068,1.721,62,0.2,34.28,300,18,19.3,0,0
m_00698,takeaway,48,32,0.67186,67,18.2,0.485,1219.22,0.0604,0.1565,0.9139,98.25,99.21,-1.708,-5.393,37,0.206,25.76,600,12,3.9,0,0
m_00699,takeaway,65,42,0.65622858,112,23.47,0.344,2628.45,0.1171,0.0995,0.9105,92.76,98.33,0.996,-1.663,36,0.122,21.99,700,6,7.3,0,0
m_00700,grocer,222,180,0.814241689,437,9.53,0.369,4164.48,0.0518,0.07,0.748,94.54,94.14,0.379,2.314,47,0.307,12.41,2100,6,1.7,0,0
m_00701,grocer,257,74,0.291296384,126,37.51,0.344,4725.78,0.0251,0.0507,0.6022,94.98,94.58,1.545,0.608,66,0.096,21.74,1400,12,6.7,0,0
m_00702,grocer,92,70,0.763924704,88,25.19,0.558,2216.64,0.0483,0.0256,0.4397,98.73,94.18,-1.33,-0.131,35,0.126,32.04,400,9,9.1,0,0
m_00703,grocer,93,67,0.729497061,189,29.76,0.531,5624.8,0.0837,0.0653,0.7926,95.07,93.12,-0.139,-1.583,32,0.411,12.56,1300,9,2.7,0,0
m_00704,kiosk,77,68,0.891469624,139,17.93,0.346,2492.25,0.2022,0.0089,0.7742,97.52,97.12,-1.932,0.353,41,0.339,23.63,600,9,10.6,0,0
m_00705,cafe_bakery,239,158,0.664455142,267,17.07,0.215,4557.24,0.1326,0.1848,0.6724,96.69,95.18,-0.742,-0.762,36,0.285,30.66,900,24,6,0,0
m_00706,cafe_bakery,32,25,0.785935108,71,7.5,0.489,532.27,0.1829,0.077,0.9537,97.19,94.14,-2.168,-3.194,13,0.273,39.96,200,6,8.5,0,0
m_00707,takeaway,241,168,0.698703295,213,10.6,0.204,2258.53,0.0594,0.1605,0.8863,99.78,93.15,-0.427,2.905,33,0.396,16.9,500,18,20.1,0,0
m_00708,cafe_bakery,206,152,0.740566095,269,15.85,0.117,4262.66,0.0516,0.1405,0.9665,97.67,96.59,1.962,-1.09,38,0.269,48.39,1400,6,7.3,0,0
m_00709,kiosk,202,146,0.727516539,151,20.96,0.425,3164.97,0.029,0.0181,0.7534,96.43,100,-1.287,-0.244,44,0.144,32.59,1400,18,18.6,0,1
m_00710,takeaway,281,162,0.579484512,174,18.87,0.533,3283.43,0.1177,0.0714,0.7346,98.39,96.48,-1.306,-3.266,45,0.251,16.32,1200,9,10.3,0,0
m_00711,grocer,223,98,0.439902642,164,4.53,0.289,743.21,0.0272,0.0084,0.9065,100,90.58,-0.25,-0.77,40,0.285,29.48,300,9,10.7,0,1
m_00712,cafe_bakery,299,220,0.738861767,514,9.19,0.411,4724.66,0.0941,0.0506,0.8217,97.34,95.9,-0.276,2.312,53,0.241,20.77,900,6,7.3,0,0
m_00713,kiosk,312,201,0.646379751,310,19.57,0.288,6067.55,0.0312,0.0239,0.8814,93.33,97.93,1.155,2.162,84,0.1,12.34,2700,9,11.3,0,0
m_00714,grocer,370,247,0.667823234,572,21.26,0.458,12161.2,0.1055,0.0137,0.7305,93.05,98.84,-1.949,0.351,35,0.305,26.39,4400,24,26.7,0,1
m_00715,cafe_bakery,325,223,0.687741691,573,13.33,0.514,7637.67,0.1827,0.0569,0.8883,96.16,98.06,-3.756,-0.95,45,0.431,26.66,1200,9,1.5,1,1
m_00716,cafe_bakery,221,185,0.83832189,505,23.99,0.311,12114.25,0.0453,0.034,0.7975,93.58,96.54,0.095,0.352,70,0.205,30.79,5300,12,13.4,0,0
m_00717,grocer,212,174,0.821964902,156,23.79,0.196,3711.18,0.0152,0.0143,0.7823,89.82,100,2.536,1.311,34,0.645,18.51,1400,12,14.6,0,1
m_00718,cafe_bakery,117,51,0.438699752,127,48.17,0.131,6117.25,0.1807,0.1591,0.9285,96.12,91.24,-0.291,-2.694,38,0.082,19.22,1000,24,16.1,1,1
m_00719,kiosk,251,127,0.50706518,142,17.13,0.489,2433.12,0.0723,0.0635,0.9609,98.14,100,0.594,0.801,12,0.269,37.41,1000,12,13,0,0
m_00720,cafe_bakery,81,59,0.731337868,137,13.03,0.18,1784.73,0.0916,0.0965,0.9205,100,98.21,-0.119,1.833,32,0.173,35.61,900,6,8.5,0,0
m_00721,takeaway,374,257,0.689772362,415,9.57,0.406,3970.45,0.0673,0.0058,0.7591,96.95,100,1.118,0.179,42,0.309,15.55,1500,12,14.1,0,0
m_00722,grocer,342,153,0.449051353,360,6.86,0.467,2469.98,0.0923,0.0217,0.833,97.93,90.21,-0.442,0.261,41,0.13,11.29,1100,18,1.6,0,0
m_00723,grocer,74,55,0.752673549,69,23.23,0.275,1603.05,0.035,0.0907,0.974,98.55,100,-0.111,-1.153,36,0.302,16.79,700,6,0.3,1,1
m_00724,grocer,320,236,0.739796809,523,21.81,0.325,11404.73,0.0232,0.0749,0.7827,97.25,100,2.457,0.894,30,0.457,39.19,5700,6,6.4,0,0
m_00725,kiosk,73,59,0.81710618,63,7.46,0.5,469.68,0.1488,0.06,0.8981,95,95.37,1.716,3.517,41,0.168,2,100,12,0,0,0
m_00726,grocer,296,236,0.79842571,276,23.32,0.229,6436.19,0.0163,0.0152,0.6991,100,92.6,-1.038,3.113,64,0.383,22.15,2000,18,8.4,0,0
m_00727,takeaway,62,46,0.756519308,98,18.49,0.214,1812.05,0.0516,0.0164,0.6293,94.04,100,-0.998,-0.851,30,0.064,37.24,500,24,3.9,0,0
m_00728,takeaway,210,74,0.353097743,114,14.21,0.315,1619.46,0.0773,0.0262,0.69,98.25,92.7,-0.894,-0.449,13,0.215,29.93,600,18,3.1,1,1
m_00729,kiosk,273,235,0.863055111,551,4.26,0.542,2348.16,0.0851,0.1428,0.7594,94.66,100,-1.686,3.031,20,0.093,26.48,900,6,7.3,0,0
m_00730,cafe_bakery,299,130,0.435493761,299,21.68,0.592,6483.61,0.2076,0.0485,0.9707,97.34,100,-0.828,1.49,62,0.246,37.22,2000,6,1.2,0,0
m_00731,grocer,184,107,0.585002754,231,40.35,0.335,9320.24,0.0824,0.0462,0.9032,98.23,95.36,-0.182,1.45,43,0.138,25.77,4400,6,8,0,0
m_00732,takeaway,371,285,0.768307292,686,10.36,0.243,7105.13,0.1437,0.0982,0.5976,96.39,95.33,-1.16,-3.316,19,0.497,22.54,3300,18,3.4,1,1
m_00733,grocer,316,244,0.77233402,621,18.51,0.51,11494.23,0.1962,0.0134,0.8955,93.36,100,0.767,2.13,50,0.142,35.51,2200,18,12.7,0,0
m_00734,kiosk,107,49,0.466895807,137,22.66,0.1,3104.62,0.1122,0.0256,0.7476,95.96,94.77,-2.51,-0.261,53,0.268,47.15,1000,12,12.3,0,0
m_00735,kiosk,278,207,0.745793824,202,2.92,0.387,590.33,0.0729,0.0239,0.7356,100,93.77,-1.77,0.767,17,0.138,5.23,100,9,5.8,0,0
m_00736,cafe_bakery,300,244,0.814140831,502,9.31,0.343,4675.37,0.032,0.1063,0.8306,92.49,85.2,0.989,-1.111,47,0.357,20.15,1700,9,9.8,0,1
m_00737,cafe_bakery,153,117,0.765957794,286,6.14,0.544,1757.28,0.0109,0.0875,0.7645,100,100,2.851,3.599,58,0.173,24.93,800,12,12.2,0,0
m_00738,takeaway,303,225,0.743590284,287,40.21,0.559,11541.32,0.1469,0.0317,0.8569,97.28,94.51,0.379,-1.65,23,0.319,22.36,4300,24,15.9,0,0
m_00739,kiosk,362,177,0.490708,244,2.8,0.209,682.74,0.0318,0.0441,0.8708,99.14,99.13,-1.251,4.205,30,0.04,28.6,200,6,7.3,0,0
m_00740,takeaway,332,252,0.76036588,349,14.17,0.375,4944.53,0.1256,0.1614,0.6831,93.84,95.41,-1.67,0.357,5,0.084,27.78,2300,12,13.5,0,0
m_00741,kiosk,312,229,0.73417409,471,19.72,0.264,9288.55,0.1118,0.0724,0.9184,96.55,100,-0.563,-0.035,62,0.444,15.78,4200,24,8.6,1,1
m_00742,cafe_bakery,264,238,0.903116936,382,10.3,0.306,3935.84,0.0164,0.0674,0.6535,95,100,1.9,-1.466,56,0.124,33.72,1800,24,24.7,0,0
m_00743,cafe_bakery,130,71,0.548987822,160,3.28,0.443,524.09,0.167,0.035,0.6883,97.89,92.02,0.771,-0.745,33,0.161,26.78,200,18,18.9,0,0
m_00744,kiosk,324,216,0.669549057,462,14.52,0.3,6710.2,0.0418,0.0113,0.7707,93.72,94.14,-1.856,-0.107,48,0.312,40.5,1200,18,15.1,0,0
m_00745,cafe_bakery,164,115,0.702544563,258,10.2,0.379,2630.46,0.008,0.0497,0.6155,95.14,98.32,0.544,0.57,30,0.215,38.68,900,9,10.2,0,0
m_00746,grocer,226,147,0.651823796,199,20.98,0.494,4174.35,0.0759,0.0621,0.9708,100,100,2.152,1.379,63,0.147,25.87,1400,24,25.3,0,0
m_00747,takeaway,146,129,0.887143461,320,25.41,0.577,8130.33,0.0347,0.045,0.7634,98.94,96.45,1.771,-0.117,18,0.16,33.31,3900,24,24.6,0,0
m_00748,grocer,145,107,0.738201963,241,7.49,0.393,1805.87,0.1049,0.1493,0.8563,98.14,96.86,1.996,1.377,17,0.121,5.05,800,18,6.8,0,0
m_00749,kiosk,88,59,0.68086694,64,10.88,0.368,696.17,0.0881,0.1535,0.924,98.09,97.39,1.2,2.666,42,0.528,6.72,200,18,8.2,0,0
m_00750,cafe_bakery,385,231,0.600917446,286,11.23,0.184,3211.13,0.0059,0.0226,0.7203,100,92.5,-1.923,2.417,38,0.233,38.92,1300,6,7.3,0,0
m_00751,takeaway,84,72,0.859758239,105,25.2,0.588,2645.93,0.0336,0.0012,0.6756,96.62,94.19,-1.211,1.553,120,0.168,26.62,700,6,8.7,0,0
m_00752,takeaway,61,43,0.705669633,122,17.32,0.424,2113.59,0.2518,0.0112,0.843,99.81,95.26,2.609,1.301,46,0.156,40.69,600,9,11.6,0,0
m_00753,cafe_bakery,376,203,0.542357705,308,7.7,0.37,2371.07,0.0679,0.0067,0.7272,89.92,100,-0.51,-1.821,21,0.76,38.97,1100,24,26.9,0,0
m_00754,takeaway,235,179,0.762386279,151,29.74,0.363,4490.33,0.0906,0.0262,0.9249,96.64,100,-2.845,0.718,28,0.191,12.65,800,12,6.3,0,0
m_00755,cafe_bakery,192,92,0.480425432,102,10.28,0.404,1048.93,0.0197,0.0114,0.8665,96.07,92.36,0.91,-1.869,25,0.256,34.53,200,6,4.9,0,0
m_00756,kiosk,302,237,0.785169433,206,12.08,0.466,2487.85,0.0112,0.1279,0.7757,95.43,98.89,1.593,2.334,24,0.198,20.16,700,18,2.8,1,1
m_00757,grocer,171,122,0.718855534,205,8.93,0.484,1830.81,0.081,0.0713,0.8955,99.22,96.87,-0.121,0.877,42,0.119,24.96,600,24,18.6,1,1
m_00758,kiosk,77,60,0.78062741,153,18.1,0.592,2769.68,0.045,0.0494,0.7587,96.6,93.99,0.825,2.559,33,0.357,15.24,1300,24,8.8,0,0
m_00759,grocer,299,184,0.617578873,329,13.32,0.386,4383.17,0.0455,0.1223,0.9284,96.52,92.16,-1.242,2.651,29,0.429,37.94,1600,6,8.1,0,0
m_00760,kiosk,95,69,0.732978826,182,34.66,0.613,6307.5,0.0877,0.0498,0.8486,94.65,96.91,-0.696,1.182,73,0.245,32.88,2200,9,10.2,0,0
m_00761,cafe_bakery,234,202,0.864030856,182,17.46,0.509,3178.1,0.0505,0.0052,0.8126,95.82,93.66,-2.713,-1.053,39,0.269,21.98,1300,6,9,0,0
m_00762,kiosk,381,184,0.48386443,337,9.29,0.341,3131.03,0.0849,0.0586,0.4332,90.98,97.49,-1.61,-4.185,6,0.171,20.21,500,24,4.2,0,0
m_00763,kiosk,376,208,0.555415916,526,16.36,0.1,8605.26,0.2852,0.0979,0.7073,96.05,91.99,2.155,1.386,61,0.111,35.73,2900,12,8.6,1,1
m_00764,takeaway,163,79,0.486915975,180,37.4,0.363,6732.76,0.1449,0.0306,0.9472,92.75,91.58,-4.972,-0.036,102,0.356,20.12,2600,6,4.5,0,0
m_00765,takeaway,318,243,0.764825943,650,7.11,0.584,4618.58,0.0336,0.0521,0.7452,100,100,-0.581,1.901,22,0.148,21.91,2100,12,10,0,0
m_00766,grocer,256,198,0.773737115,277,21.67,0.234,6003.17,0.0136,0.1183,0.8858,99.2,96.78,-0.801,1.697,66,0.182,20.67,900,12,13.9,0,1
m_00767,kiosk,207,76,0.370662984,144,4.31,0.362,620.44,0.1367,0.0467,0.6545,99.74,96.69,0.892,1.497,19,0.137,20.57,200,9,5.2,1,1
m_00768,kiosk,81,56,0.698271053,128,33.3,0.375,4262.85,0.0059,0.1289,0.6272,93.04,93.98,-3.2,0.794,13,0.259,34.79,1000,6,0.9,0,0
m_00769,kiosk,169,88,0.523703468,103,12.27,0.491,1264.09,0.0184,0.1482,0.6917,99.51,99.03,-1.145,-3.017,21,0.457,30.27,600,24,17.6,1,1
m_00770,cafe_bakery,271,204,0.755699726,529,9.12,0.292,4825.2,0.1218,0.0828,0.9661,95,95.27,-0.883,2.828,34,0.211,22.37,1400,9,10.9,0,0
m_00771,grocer,395,180,0.457773241,267,36.14,0.22,9648.12,0.1585,0.0054,0.7852,97.83,99.11,0.608,-2.214,50,0.084,17.47,4600,6,6.1,0,0
m_00772,cafe_bakery,31,19,0.618196752,19,15.72,0.436,298.63,0.0518,0.0216,0.8312,96.44,94.19,-0.014,-0.995,25,0.287,27.82,100,24,17.8,0,0
m_00773,takeaway,295,242,0.821353053,601,16.08,0.238,9664.35,0.1253,0.0736,0.7358,92.86,91.75,-2.484,-0.361,26,0.147,25.31,4400,9,9.8,0,0
m_00774,grocer,343,247,0.722064531,580,12.39,0.075,7184.94,0.0373,0.0246,0.6494,93.89,93.09,-0.508,0.337,36,0.272,35.78,3200,18,20,0,0
m_00775,kiosk,381,214,0.563639419,587,12.73,0.626,7469.87,0.0141,0.0062,0.7686,98.98,97.69,-1.166,-0.338,32,0.18,20.74,1500,9,5.8,1,1
m_00776,takeaway,186,71,0.382104901,196,3.97,0.489,777.55,0.085,0.0097,0.8663,98.88,92.05,0.695,-0.812,77,0.147,32.3,100,18,20.9,0,0
m_00777,grocer,73,44,0.611089959,62,21.49,0.633,1332.23,0.2025,0.0929,0.5797,92.88,100,-0.369,1.905,44,0.388,25.44,500,6,7.1,0,1
m_00778,kiosk,130,90,0.695064018,198,6.17,0.481,1222.45,0.0852,0.0964,0.969,100,90.56,2.623,-2.363,34,0.227,30.88,200,9,1.3,1,1
m_00779,takeaway,344,337,0.980507532,1010,27.47,0.452,27740.21,0.0945,0.0078,0.8815,95.86,95.4,-0.996,-0.529,67,0.036,44.24,9700,6,7,0,0
m_00780,kiosk,354,295,0.83476219,394,8.02,0.405,3161.38,0.2057,0.0244,0.9046,93.15,100,-0.852,-3.893,65,0.321,25.37,700,6,8.3,0,1
m_00781,cafe_bakery,265,166,0.62843358,305,16.97,0.322,5176.26,0.0291,0.0214,0.838,95.35,97.14,-0.798,-1.762,33,0.128,49.73,2500,9,10.3,0,0
m_00782,grocer,75,64,0.854551753,179,11.12,0.427,1990.62,0.0266,0.0567,0.8997,92.93,94.59,-0.29,-2.826,66,0.291,25.85,600,9,6.9,0,0
m_00783,takeaway,75,51,0.683682287,52,12.39,0.267,644.07,0.1094,0.0075,0.933,94.82,100,1.263,1.768,57,0.08,17.58,200,6,8.2,0,0
m_00784,cafe_bakery,206,150,0.731464838,426,13.9,0.19,5922.92,0.0679,0.1454,0.76,95.57,92.29,-0.663,0.674,53,0.235,43.67,2100,24,26.6,0,0
m_00785,kiosk,247,223,0.904124163,417,19.59,0.3,8168.96,0.0808,0.0244,0.8291,98.55,94.85,-0.593,-1.318,21,0.546,46.14,3900,9,11.1,0,0
m_00786,grocer,41,19,0.463675711,52,35.56,0.544,1848.9,0.0492,0.0514,0.5961,99.44,89.53,0.536,-6.098,34,0.14,18.63,800,12,12.1,0,0
m_00787,grocer,283,170,0.601917484,368,12.2,0.165,4488.58,0.0071,0.1113,0.846,100,99.54,-1.42,-2.752,39,0.212,20.11,1900,12,12.4,0,1
m_00788,takeaway,231,164,0.711444667,373,3.43,0.168,1278.91,0.0388,0.0711,0.8576,99.36,98.24,0.946,-1.898,31,0.568,36.18,300,24,24.8,0,0
m_00789,grocer,34,27,0.807120765,67,31.31,0.439,2098.04,0.0345,0.0608,0.9358,91.29,98.25,-0.567,-0.421,36,0.162,33.72,600,6,7.2,0,0
m_00790,cafe_bakery,65,45,0.70376621,42,23.38,0.288,981.89,0.1723,0.1045,0.7406,92.67,96.52,-1.354,1.816,43,0.374,19.9,300,12,14.6,0,1
m_00791,kiosk,198,162,0.822219888,353,7.81,0.423,2758.35,0.0694,0.0096,0.8258,100,96.33,-2.759,-2.577,13,0.462,19.05,800,24,5.2,1,1
m_00792,kiosk,297,259,0.873238083,733,6.89,0.498,5048.14,0.241,0.0041,0.8177,95.6,96.43,-1.653,-2.402,37,0.382,30.85,2300,12,4.2,0,0
m_00793,kiosk,335,297,0.887698323,862,20.11,0.419,17334.14,0.1889,0.0568,0.9134,96.58,97.22,-0.31,-3.052,64,0.129,26.64,5500,9,10.8,0,0
m_00794,kiosk,189,138,0.734589933,404,18.11,0.255,7317.19,0.0944,0.0927,0.8942,98.9,96.52,-0.139,0.306,68,0.526,33.77,2800,18,7.5,1,1
m_00795,grocer,139,97,0.702809683,215,40.51,0.542,8709.7,0.0761,0.0883,0.8659,100,92.27,-0.426,-4.038,13,0.429,33.74,2000,12,14.3,0,0
m_00796,grocer,388,331,0.855465464,725,21.61,0.461,15667.91,0.2158,0.086,0.7481,98.41,86.97,-2.22,-3.23,69,0.057,37.14,7800,12,14.2,0,1
m_00797,cafe_bakery,199,138,0.697740268,278,10.67,0.354,2966.98,0.0372,0.0556,0.8388,94.42,100,-0.318,1.243,20,0.214,7.56,1400,24,24.3,0,0
m_00798,cafe_bakery,146,104,0.715266012,222,9.16,0.347,2032.59,0.0885,0.1482,0.8939,93.34,93.41,-2.33,3.348,52,0.487,46.64,700,24,11.3,0,0
m_00799,kiosk,193,136,0.708769014,291,16.64,0.406,4842.71,0.145,0.0516,0.935,93.79,95.3,-1.905,0.427,42,0.219,33.18,2300,18,20.7,0,0
m_00800,kiosk,34,26,0.786953783,23,4.13,0.303,94.91,0.0621,0.0686,0.7272,100,100,1.628,-0.328,89,0.139,23.67,0,18,18.1,0,0
m_00801,kiosk,141,89,0.636935994,88,5.34,0.105,469.66,0.0538,0.114,0.7601,99.58,97.35,-0.203,4.656,17,0.12,26.94,100,6,6.9,0,0
m_00802,grocer,220,177,0.807164886,382,7.18,0.463,2743.13,0.1244,0.1102,0.7314,97.14,90.28,0.633,-0.743,124,0.102,34.49,1300,12,14.8,0,1
m_00803,grocer,369,244,0.662731085,363,10.5,0.454,3811.03,0.1373,0.0259,0.7791,92.72,91.34,2.1,-0.737,54,0.498,30.35,1000,12,13.2,0,0
m_00804,cafe_bakery,303,192,0.635535408,280,15.57,0.05,4358.43,0.1998,0.0917,0.8811,99.68,99.52,-0.134,-0.773,44,0.486,30.49,1000,6,3.8,0,0
m_00805,cafe_bakery,319,155,0.487057875,189,22.44,0.427,4240.67,0.0737,0.0483,0.8511,97.57,98.39,1.393,3.301,25,0.348,27.08,2100,18,5.3,0,0
m_00806,grocer,231,192,0.83144231,491,32.36,0.613,15891,0.0977,0.0051,0.5914,94.7,93.93,0.533,1.378,24,0.214,44.68,3000,9,10.6,0,0
m_00807,grocer,70,41,0.595499373,119,28.92,0.181,3441.03,0.1326,0.0506,0.6705,96.84,95.83,-1.127,1.357,66,0.224,31.4,1300,24,13.4,1,1
m_00808,takeaway,174,114,0.655212333,248,26.4,0.339,6546.94,0.1094,0.0416,0.6759,98.52,96.15,-0.265,0.953,44,0.352,39.38,3100,6,6.1,0,0
m_00809,cafe_bakery,398,148,0.371969009,426,12.09,0.323,5148.77,0.0924,0.02,0.9341,95.66,96.99,-1.176,-0.613,13,0.076,49.83,2600,18,20.1,0,1
m_00810,kiosk,46,32,0.712232796,87,9.32,0.599,811.08,0.0917,0.0444,0.8288,93.89,97.68,0.868,-0.346,35,0.341,37.63,400,6,7.2,0,0
m_00811,grocer,355,202,0.569903831,258,19.87,0.518,5126.52,0.0401,0.0455,0.9162,97.57,94.44,1.446,-1.629,70,0.449,31.01,2400,9,10.4,0,0
m_00812,takeaway,283,208,0.736514978,236,20.61,0.218,4863.96,0.0258,0.0156,0.9565,97.76,98.8,-2.1,-0.492,16,0.425,9.6,1500,12,13.5,0,0
m_00813,cafe_bakery,135,77,0.572768674,97,7.7,0.401,746.97,0.1616,0.0295,0.8194,91.32,98.38,-1.368,0.865,51,0.294,23.91,400,12,8.7,0,0
m_00814,kiosk,317,213,0.673912077,215,13.86,0.695,2980.45,0.1314,0.0093,0.8587,96.78,99.49,-0.586,-0.091,48,0.225,49.21,600,12,13.7,0,0
m_00815,takeaway,339,124,0.368472243,258,8.83,0.256,2278.43,0.0815,0.0548,0.6243,94.47,99.08,-1.273,1.918,62,0.237,31.31,500,18,14.6,1,1
m_00816,kiosk,45,36,0.812431784,51,5.19,0.348,264.59,0.0439,0.0232,0.9313,98.43,98.98,-0.401,0.825,39,0.221,14.66,100,6,0.7,0,0
m_00817,grocer,69,39,0.578196466,109,19,0.427,2071.06,0.1192,0.0572,0.8429,91.89,94.18,0.494,0.68,25,0.312,25.87,800,12,14.5,0,0
m_00818,takeaway,276,138,0.502094892,296,26.1,0.258,7727.08,0.2437,0.0057,0.8217,93.18,95.5,1.879,-1.436,61,0.169,16.2,1300,9,2.2,1,1
m_00819,kiosk,399,385,0.965713474,612,38.43,0.614,23519.45,0.0086,0.0484,0.8757,89.97,92.59,-0.808,-2.153,38,0.283,23.42,5400,24,9.9,0,0
m_00820,grocer,38,24,0.642150299,71,14.52,0.279,1030.65,0.0557,0.0768,0.7961,98.24,96.8,-0.878,-1.953,24,0.304,23.97,300,24,7.6,0,0
m_00821,takeaway,276,166,0.604189442,480,4.47,0.142,2146.22,0.0269,0.0223,0.7873,92.5,92.79,0.508,2.476,41,0.146,22.14,600,9,9.9,0,1
m_00822,takeaway,80,31,0.391046388,77,42.25,0.271,3253.52,0.0255,0.0588,0.5071,93.02,97.88,-0.128,-3.154,72,0.162,28.77,500,24,5.8,1,1
m_00823,kiosk,270,202,0.751594148,513,44.37,0.448,22759.27,0.1499,0.0193,0.8275,96.73,100,-2.389,0.68,10,0.138,7.57,5300,24,26.1,0,0
m_00824,cafe_bakery,260,202,0.776923149,595,66.94,0.23,39831.77,0.1372,0.091,0.5225,96.52,96,-1.345,0.681,32,0.195,34.62,6700,18,19.6,0,1
m_00825,kiosk,63,43,0.695681925,91,52.01,0.395,4732.99,0.0489,0.2464,0.6447,98.91,93.83,-0.578,-1.069,40,0.343,42.33,1100,18,1.8,1,1
m_00826,cafe_bakery,281,240,0.855543659,656,18.34,0.434,12033.03,0.0185,0.0424,0.8458,99.21,97.98,1.112,0.228,56,0.245,9.6,4000,18,19.1,0,1
m_00827,cafe_bakery,361,249,0.690576656,234,16,0.169,3744.14,0.0939,0.1066,0.7148,100,100,1.61,0.642,29,0.176,38.63,1000,24,23.1,0,0
m_00828,grocer,349,275,0.78947924,555,24.56,0.265,13630.42,0.1238,0.0294,0.6377,100,93.01,-1.647,-2.01,62,0.213,34.55,6000,12,15,0,0
m_00829,takeaway,40,21,0.549783957,40,5.94,0.402,237.68,0.0539,0.0741,0.5541,100,96.46,-1.212,-1.279,28,0.066,31.65,100,24,26.8,0,1
m_00830,grocer,120,66,0.554186941,58,10.13,0.455,587.34,0.0895,0.0374,0.8259,98,97.25,1.237,0.032,27,0.554,28.48,200,6,7.3,0,1
m_00831,kiosk,119,95,0.802416443,94,14.64,0.269,1376.32,0.0616,0.0237,0.8133,97.65,94.89,-0.75,0.093,31,0.203,30.25,400,6,7.1,0,0
m_00832,kiosk,197,92,0.470187545,78,29.53,0.373,2303.08,0.1645,0.1109,0.7525,98.85,98.05,0.478,-2.544,52,0.33,36.66,500,9,10.3,0,0
m_00833,cafe_bakery,82,53,0.647467054,76,30.28,0.307,2300.97,0.1341,0.0917,0.8494,90.94,89.45,-0.345,0.307,29,0.173,30.19,500,24,6.9,1,1
m_00834,grocer,346,184,0.532110132,168,15.15,0.459,2544.89,0.146,0.1575,0.9197,96.54,97.38,-0.012,0.382,29,0.295,54.92,1200,6,7.8,0,1
m_00835,cafe_bakery,317,234,0.739552177,405,6.39,0.428,2587.16,0.1331,0.0522,0.6727,91.52,100,-0.681,2.132,19,0.301,21.66,800,9,11.8,0,0
m_00836,cafe_bakery,329,165,0.502211755,427,25.85,0.294,11036.2,0.2053,0.0179,0.5761,94.8,98.24,1.615,0.09,24,0.245,44.45,5200,12,6.1,0,0
m_00837,grocer,103,101,0.982202003,217,6.07,0.422,1317.57,0.096,0.0861,0.8838,92.57,96.15,-2.388,-0.674,44,0.141,26.72,500,6,8.1,0,0
m_00838,grocer,35,27,0.787113279,61,11.3,0.288,689.03,0.0702,0.0743,0.5152,98.17,91.14,-0.655,1.667,45,0.731,24.05,200,18,19.8,0,0
m_00839,grocer,366,291,0.796194761,252,18.26,0.419,4602.59,0.0693,0.0318,0.8221,98.8,94.63,1.475,2.36,36,0.215,38.08,2300,12,12.5,0,0
m_00840,grocer,136,97,0.716976767,256,5.57,0.421,1425.62,0.0579,0.0494,0.8608,100,97.24,-0.381,-2.637,36,0.039,24.93,200,24,6,0,0
m_00841,kiosk,272,105,0.386072635,117,9.71,0.706,1135.86,0.2246,0.0448,0.741,94.1,96.37,-0.235,-0.918,22,0.256,45.41,500,18,12.4,0,0
m_00842,kiosk,366,224,0.613981106,328,28.11,0.3,9220.94,0.0813,0.0354,0.7797,95.03,91.06,1.367,-4.101,51,0.695,20.53,2700,18,17.1,0,0
m_00843,takeaway,43,28,0.655036075,54,24.57,0.329,1326.9,0.132,0.108,0.7252,100,97,0.622,-1.797,32,0.188,40.7,600,6,8.9,0,0
m_00844,takeaway,32,24,0.753824721,68,7,0.253,476.1,0.0564,0.1108,0.8002,95.46,92.57,1.194,3.094,43,0.126,34.02,200,18,19.5,0,0
m_00845,cafe_bakery,32,14,0.440774008,41,19.58,0.195,802.66,0.1447,0.0905,0.7706,94.84,93.7,1.72,-2.025,66,0.147,26.36,200,24,1.9,0,0
m_00846,grocer,87,69,0.793680979,174,4.41,0.282,767.51,0.095,0.0246,0.9799,99.14,99.59,-2.241,1.052,50,0.219,18.18,100,18,3.3,0,0
m_00847,grocer,49,44,0.89916274,105,23.08,0.45,2423.28,0.0525,0.0232,0.9765,98.56,95.05,-0.764,0.939,42,0.374,18.14,1000,24,18.7,0,0
m_00848,kiosk,333,270,0.811164335,529,10.3,0.461,5449.26,0.1548,0.004,0.9801,99.87,93.42,-1.314,-1.049,37,0.056,19.5,2200,12,14.2,0,0
m_00849,takeaway,254,73,0.289448844,165,14.04,0.394,2316.52,0.0225,0.0044,0.5959,98.45,92.06,0.405,-0.79,29,0.263,39.08,600,24,11.3,0,0
m_00850,grocer,392,343,0.876552713,383,16.97,0.306,6499.33,0.0273,0.0255,0.9254,95.82,93.14,1.476,2.903,28,0.366,28.46,2900,12,13.7,0,0
m_00851,cafe_bakery,326,181,0.556846969,251,7.31,0.276,1835.74,0.1577,0.0534,0.9219,100,93.84,-3.835,2.005,26,0.177,35.9,600,9,9.7,0,0
m_00852,grocer,386,251,0.65255149,744,9.77,0.212,7271.8,0.05,0.1435,0.6459,99.65,99.43,-2.46,4.592,62,0.22,29.53,3000,6,4.3,0,0
m_00853,kiosk,118,99,0.839418645,292,39.25,0.266,11460.34,0.1047,0.0192,0.6883,96.95,95.87,-3.197,-4.992,23,0.496,17.02,3600,12,12.3,0,1
m_00854,cafe_bakery,136,81,0.600454952,122,13.42,0.156,1636.63,0.0323,0.0536,0.9027,99.66,100,-1.386,1.186,30,0.374,31.55,300,6,8.2,0,0
m_00855,kiosk,344,139,0.404301004,184,17.55,0.554,3228.67,0.0313,0.1159,0.9057,96.96,91.33,-0.05,-4.652,38,0.183,34.14,600,24,26.1,0,0
m_00856,cafe_bakery,120,87,0.725599659,113,17.72,0.626,2002.42,0.0565,0.0255,0.8065,94.22,100,2.309,0.034,85,0.325,10.52,800,18,4,0,0
m_00857,takeaway,51,46,0.915075213,85,32.86,0.06,2793.43,0.033,0.0182,0.919,97.33,95.4,-2.086,-0.334,18,0.33,22.05,1400,12,13.3,0,0
m_00858,grocer,277,193,0.698672736,249,25.45,0.393,6336.64,0.0338,0.0316,0.6098,100,95.1,3.463,-2.185,19,0.419,19.86,2700,24,0.8,0,0
m_00859,takeaway,326,226,0.694090771,503,7.59,0.391,3818.3,0.0758,0.0223,0.8274,100,95.05,0.656,-1.103,60,0.238,15.45,1200,24,0.5,0,0
m_00860,grocer,388,278,0.716886591,268,35.23,0.381,9442.46,0.1879,0.1373,0.695,98.25,100,0.711,-0.493,47,0.28,29.45,4300,18,5.8,0,0
m_00861,grocer,373,257,0.689619735,264,42.63,0.261,11254.17,0.0601,0.019,0.8765,94.31,94.09,0.939,0.98,41,0.418,30.75,3600,6,8.9,0,0
m_00862,takeaway,74,43,0.588152985,60,7.56,0.503,453.46,0.0337,0.11,0.7413,93.45,100,-2.256,-2.188,54,0.238,41.13,200,18,5,0,0
m_00863,cafe_bakery,315,219,0.69554322,549,12.88,0.412,7072.72,0.0896,0.0434,0.8331,96.27,99.45,-1.023,-1.371,23,0.182,36.07,1900,12,7.5,0,0
m_00864,cafe_bakery,343,238,0.693905449,359,14.92,0.505,5357.95,0.0889,0.0754,0.878,95.18,91.58,-1.672,1.143,54,0.097,24.95,2100,6,8.3,0,0
m_00865,kiosk,288,122,0.426513901,223,13.2,0.239,2943.69,0.0825,0.0133,0.9047,97.05,92.15,0.827,1.542,47,0.358,24.97,1000,24,24.5,0,0
m_00866,kiosk,333,248,0.747106938,556,23.15,0.143,12869.23,0.0478,0.1062,0.8359,97.45,96.77,-1.503,5.363,30,0.19,45.73,6200,9,10.6,0,0
m_00867,cafe_bakery,340,251,0.740209956,636,14.1,0.415,8965.49,0.0694,0.1378,0.5857,92.73,96.42,-0.468,0.438,37,0.352,33.06,2600,18,9.8,1,1
m_00868,grocer,195,109,0.560787783,160,11.41,0.206,1825.19,0.1262,0.0169,0.6902,94.49,94.41,-1.148,1.369,22,0.442,39.49,600,9,9.6,0,0
m_00869,kiosk,44,19,0.438967223,45,23.76,0.508,1069.27,0.0804,0.1074,0.6566,95.94,93.86,1.993,-0.347,52,0.191,13.88,200,6,7.1,0,0
m_00870,kiosk,198,123,0.62153728,175,3.51,0.05,615.02,0.0185,0.047,0.7061,98.31,100,-1.064,2.907,19,0.12,12.16,300,24,3,1,1
m_00871,kiosk,104,37,0.362602659,82,18.36,0.28,1505.73,0.1749,0.0751,0.8038,98.42,96.62,-1.802,-1.764,20,0.212,23.86,700,18,1.1,0,0
m_00872,grocer,72,51,0.717553564,91,21.59,0.258,1964.9,0.112,0.0045,0.8872,93.9,97.88,0.571,-0.033,29,0.579,37.77,1000,24,24,0,0
m_00873,cafe_bakery,76,63,0.83904301,178,33.97,0.3,6046.44,0.048,0.0413,0.6823,93.33,96.47,-0.245,0.603,10,0.196,43.92,1900,9,11.3,0,0
m_00874,cafe_bakery,288,176,0.612836539,521,16.77,0.389,8738.31,0.0592,0.0349,0.7601,94.16,96.17,1.954,1.078,38,0.225,20.37,2900,6,6,0,0
m_00875,kiosk,216,160,0.744978902,400,4.67,0.409,1868.71,0.1609,0.0184,0.8715,99.39,100,0.31,1.973,43,0.435,33.28,500,18,19.3,0,0
m_00876,cafe_bakery,229,110,0.484581776,309,17.39,0.446,5372.12,0.0334,0.0174,0.799,95.58,98.29,0.259,-0.306,66,0.031,32.14,2600,18,18.8,0,0
m_00877,takeaway,305,161,0.530085968,177,4.39,0.463,777.35,0.0818,0.0086,0.7797,97.32,100,1.167,1.886,32,0.104,16.37,100,9,4,0,0
m_00878,takeaway,232,121,0.525439294,271,20.25,0.324,5488.61,0.1399,0.154,0.9565,98.25,99.11,0.54,-2.728,40,0.231,19.49,2300,12,14.7,0,0
m_00879,grocer,263,159,0.607251318,196,30.66,0.666,6009.86,0.0762,0.0466,0.6482,100,93.39,1.038,0.605,37,0.177,26.9,2100,24,16.6,1,1
m_00880,cafe_bakery,61,35,0.576723736,49,15.41,0.558,755.15,0.0704,0.1247,0.7956,93.34,100,0.912,-3.675,58,0.241,15.23,300,9,2.1,0,0
m_00881,kiosk,344,232,0.67469792,452,14.11,0.303,6376.38,0.0405,0.0912,0.8048,100,95.69,-0.642,-0.352,81,0.106,53.34,2400,24,25.2,0,0
m_00882,cafe_bakery,196,131,0.673004892,318,25.12,0.329,7987.9,0.0919,0.0626,0.777,98.73,100,-1.951,5.102,41,0.222,17.39,2400,24,26.3,0,0
m_00883,kiosk,87,70,0.806824109,167,19.82,0.3,3309.15,0.0833,0.0683,0.812,100,93.3,-0.415,0.633,32,0.355,23.43,1100,24,25.7,0,1
m_00884,grocer,330,180,0.54843269,488,24.04,0.404,11732.14,0.0137,0.0451,0.8365,100,89.66,-3.159,-0.854,42,0.04,31.66,4600,9,6.9,0,0
m_00885,cafe_bakery,301,273,0.907208243,554,51.38,0.204,28461.92,0.1256,0.1113,0.8056,97.33,96.41,-1.255,1.13,37,0.197,30.42,13700,12,14.4,0,0
m_00886,cafe_bakery,49,22,0.462335374,62,11.89,0.232,737.33,0.1585,0.1099,0.2787,94.76,100,-0.742,0.005,19,0.079,34.17,200,12,14.9,0,0
m_00887,cafe_bakery,101,85,0.844076616,234,21.05,0.05,4925.01,0.1864,0.047,0.9017,98.98,93.48,1.797,-2.15,29,0.104,17.87,1500,12,4.3,0,0
m_00888,cafe_bakery,35,19,0.563487609,50,35.57,0.29,1778.65,0.0428,0.0435,0.7499,93.64,98.32,-0.376,-3.589,46,0.248,14.44,400,12,9.9,0,0
m_00889,kiosk,130,83,0.640074771,108,35.89,0.51,3875.91,0.0693,0.0393,0.7737,97.65,93.3,2.482,0.075,56,0.49,29,1500,6,8.7,0,0
m_00890,takeaway,66,49,0.750929458,96,22.24,0.327,2134.68,0.155,0.0273,0.5861,94.77,99.78,0.558,-0.289,89,0.166,18.93,1000,9,10.9,0,0
m_00891,kiosk,292,259,0.889360497,626,13.75,0.336,8605.77,0.0945,0.0211,0.839,96.28,94.54,-2.593,-0.408,16,0.482,20.71,2900,18,13.6,0,0
m_00892,kiosk,223,108,0.486597983,318,23.86,0.392,7587.18,0.0528,0.004,0.904,90.45,97.07,1.573,1.788,46,0.152,19.98,1800,24,26.1,0,0
m_00893,takeaway,392,205,0.523359832,169,24.15,0.2,4081.57,0.2142,0.0329,0.7012,96.75,94.67,1.417,2.884,17,0.307,19.97,1300,24,6.4,0,0
m_00894,cafe_bakery,307,218,0.71143552,331,26.52,0.354,8776.55,0.0211,0.0255,0.7086,97.36,93,-2.664,1.59,76,0.246,13.48,2800,18,8.7,0,0
m_00895,kiosk,256,159,0.622272816,246,7.92,0.484,1947.28,0.1625,0.0679,0.8928,95.4,88.31,0.942,-0.531,11,0.07,17.31,500,24,9,0,0
m_00896,grocer,218,129,0.595315189,185,41.99,0.396,7768.65,0.0428,0.0495,0.7908,96.75,90.8,2.02,0.408,35,0.323,24.33,2700,12,13.4,0,0
m_00897,kiosk,50,17,0.347292695,44,35.65,0.497,1568.49,0.1014,0.0432,0.8203,93.75,94.89,-3.361,2.366,51,0.571,39.33,600,9,9.5,0,1
m_00898,grocer,55,47,0.85850444,42,15.71,0.54,659.83,0.0586,0.0345,0.861,99.34,97.8,-1.762,1.923,14,0.073,48.31,200,12,14.1,0,0
m_00899,takeaway,258,197,0.767270834,313,33.68,0.449,10540.3,0.103,0.063,0.7715,97.07,100,1.28,1.319,44,0.171,37.25,3300,9,10.2,0,0
m_00900,cafe_bakery,31,26,0.854168321,61,15.05,0.243,917.91,0.0905,0.026,0.8942,100,93.92,-0.41,-0.802,67,0.219,30.41,300,9,12,0,1
m_00901,cafe_bakery,45,39,0.877956914,66,38.23,0.298,2523.44,0.0747,0.0137,0.8412,97.88,93.45,2.081,2.374,60,0.085,38.22,1200,9,11.1,0,0
m_00902,takeaway,111,69,0.623914941,77,17.31,0.64,1332.51,0.0817,0.0319,0.9158,98.15,90.7,1.286,2.991,40,0.122,26.44,200,24,11,0,0
m_00903,cafe_bakery,357,271,0.761833419,580,9.08,0.397,5268.25,0.0819,0.0252,0.6839,95.59,99.42,1.118,1.94,24,0.3,30.56,2400,24,27,0,0
m_00904,cafe_bakery,199,128,0.6439728,249,47.52,0.377,11831.71,0.0501,0.056,0.7359,100,98.29,1.626,6.186,49,0.26,35.18,2300,12,4.9,0,0
m_00905,kiosk,292,210,0.719962676,621,25.91,0.221,16089.18,0.063,0.1797,0.9275,95.71,97.79,-1.353,1.798,43,0.321,33.42,5200,12,14,0,0
m_00906,cafe_bakery,182,165,0.911084898,403,14.45,0.336,5822.73,0.1679,0.0367,0.9749,100,97.38,-0.59,2.595,65,0.187,37.57,2700,9,10.8,0,0
m_00907,cafe_bakery,94,64,0.682024331,190,40.05,0.457,7609.13,0.0407,0.0392,0.7842,100,94.51,2.795,1.581,24,0.491,34.78,3600,9,10.6,0,0
m_00908,grocer,167,114,0.687771841,137,24.01,0.352,3289.52,0.0573,0.0121,0.4458,95.46,100,-0.65,0.041,45,0.217,20.66,1400,24,8.8,0,0
m_00909,grocer,63,38,0.609338038,94,13.33,0.272,1252.89,0.1101,0.1287,0.6582,96.17,92.89,1.517,-2.052,51,0.388,34.43,200,18,20.3,0,0
m_00910,kiosk,314,176,0.561817257,354,40.33,0.307,14277.81,0.1515,0.0623,0.6621,94.82,94.1,-0.421,-1.239,14,0.257,20.51,3700,12,4.1,0,0
m_00911,kiosk,97,82,0.846138164,194,26.45,0.529,5131.22,0.1665,0.0658,0.6311,92.99,91.93,-1.274,-1.218,29,0.279,35.32,1100,9,9.9,0,0
m_00912,takeaway,169,80,0.474811869,146,20.12,0.45,2937.03,0.0393,0.0137,0.9782,97.88,95.48,-1.605,-2.118,50,0.484,23.9,1000,18,12.7,1,1
m_00913,kiosk,392,179,0.458484462,226,16.63,0.43,3758.99,0.0819,0.0089,0.8413,97.01,92.9,0.705,-0.273,26,0.156,15.08,1100,18,1.2,1,1
m_00914,cafe_bakery,249,214,0.860467285,192,8.85,0.416,1699.07,0.1265,0.0106,0.7733,98.98,93.48,1.832,0.306,66,0.32,14,800,9,11.4,0,0
m_00915,cafe_bakery,199,88,0.445619108,232,2.41,0.173,558.48,0.1123,0.0147,0.8583,96.85,91.2,0.61,2.683,69,0.162,49.59,100,9,10.2,0,1
m_00916,kiosk,230,130,0.566672898,337,24.96,0.391,8410.03,0.0364,0.0597,0.7537,99.62,92.17,0.258,-2.11,34,0.141,17.5,3800,9,0.5,0,0
m_00917,kiosk,320,218,0.681325232,252,7.61,0.51,1918.79,0.0229,0.1776,0.7914,96.86,89.57,-1.846,2.084,11,0.405,37.47,500,18,18.8,0,0
m_00918,kiosk,124,58,0.472271215,128,8.85,0.311,1132.24,0.0298,0.1269,0.8945,96.42,97.43,-0.122,0.836,34,0.16,34.76,500,12,14.2,0,0
m_00919,grocer,265,218,0.823711314,528,14.89,0.497,7863.77,0.1123,0.0522,0.8981,97.26,92.55,0.148,1.053,30,0.172,37.22,1900,12,9.1,0,0
m_00920,kiosk,352,259,0.737458826,524,15.12,0.432,7925.1,0.0821,0.0139,0.9067,99.28,100,-1.443,0.108,82,0.118,17.92,2300,24,24.1,0,0
m_00921,kiosk,241,135,0.562413123,202,9.66,0.474,1950.79,0.0863,0.0259,0.7028,95.89,99.79,0.528,4.484,26,0.334,23.81,600,12,14.4,0,0
m_00922,grocer,195,159,0.817423094,435,24.94,0.358,10849.69,0.0211,0.0136,0.672,99.72,96.28,-1.156,-1.272,32,0.28,18.26,4500,24,6.9,0,0
m_00923,kiosk,83,62,0.751997131,137,4.91,0.483,672.87,0.2247,0.0542,0.8663,94.79,98.28,-0.711,-0.817,33,0.173,37.84,200,6,6.8,0,0
m_00924,kiosk,121,95,0.786098232,226,24.65,0.13,5571.89,0.0994,0.0498,0.8443,96.06,99.43,1.038,0.535,33,0.193,42.81,2700,6,0.9,0,0
m_00925,kiosk,380,276,0.728858667,616,13.84,0.355,8525.92,0.0813,0.0199,0.5822,91.4,94.02,2.277,1.091,21,0.045,27.52,1800,24,24.7,0,0
m_00926,takeaway,230,66,0.290517701,157,9.33,0.457,1464.58,0.0804,0.0184,0.8513,95.98,95.19,2.146,0.75,14,0.145,49.42,700,9,10,0,0
m_00927,takeaway,141,66,0.473593539,73,5.28,0.394,385.35,0.0817,0.0427,0.8132,93.63,100,-0.333,0.2,27,0.087,30.59,100,6,6.9,0,1
m_00928,cafe_bakery,184,109,0.597085202,308,18.36,0.514,5653.55,0.0415,0.0381,0.8336,98.66,100,0.703,1.353,42,0.278,25.91,1900,6,6.5,0,0
m_00929,kiosk,243,171,0.706317725,244,7.2,0.326,1756.22,0.0376,0.0744,0.8454,98.53,92.91,0.833,1.503,59,0.266,28.96,400,6,6.8,0,0
m_00930,grocer,228,106,0.469030005,279,6.46,0.268,1801.84,0.1098,0.1009,0.8236,100,100,0.824,0.223,32,0.609,32.81,600,18,0.3,0,0
m_00931,takeaway,288,247,0.85922275,683,35.35,0.104,24145.86,0.0744,0.0312,0.9093,100,90.59,0.074,3.973,35,0.212,13.19,10100,6,8.7,0,0
m_00932,takeaway,125,84,0.676592605,187,6,0.309,1122.27,0.1052,0.0082,0.7838,96.51,86.86,1.828,1.183,25,0.079,30.59,400,12,13.7,0,0
m_00933,cafe_bakery,270,102,0.380759913,215,4.84,0.428,1040.04,0.1416,0.1003,0.666,94.79,100,-1.035,-0.251,45,0.375,26.37,500,9,9.4,0,1
m_00934,kiosk,193,182,0.945281578,189,23.52,0.464,4444.5,0.1408,0.1603,0.8133,98.41,98.91,-1.827,2.787,42,0.385,25.33,1800,12,9.7,0,0
m_00935,grocer,378,234,0.621479006,411,19.26,0.14,7915.62,0.1387,0.1208,0.7829,95.84,96.74,0.416,-3.759,66,0.167,26.65,2600,12,13.5,0,0
m_00936,takeaway,88,60,0.684467481,128,11.34,0.526,1451.1,0.0932,0.0116,0.6516,95.19,99.24,-0.581,-1.95,12,0.388,37.74,700,24,9.1,0,0
m_00937,takeaway,84,68,0.813471159,66,8.46,0.204,558.3,0.1311,0.0121,0.8315,96.95,93.28,2.762,-0.108,41,0.192,28,200,6,6.9,0,0
m_00938,cafe_bakery,200,130,0.652705595,135,10.09,0.332,1361.7,0.1903,0.069,0.9261,95.23,89.05,-0.812,-2.056,55,0.163,16.6,700,6,2.7,1,1
m_00939,grocer,218,190,0.874758599,567,11.54,0.265,6544.19,0.0576,0.0196,0.9116,100,94.2,1.437,1.907,33,0.123,28.68,2200,9,10.9,0,0
m_00940,kiosk,285,206,0.724777024,315,21.95,0.413,6914.01,0.0351,0.0769,0.9805,96.21,93.21,0.597,1.839,17,0.23,25.49,3300,12,1.5,0,0
m_00941,grocer,179,105,0.587896625,164,18.62,0.364,3054.1,0.1508,0.0791,0.9613,96.91,92.05,-2.212,3.562,30,0.247,27.98,600,18,20.6,0,1
m_00942,kiosk,368,286,0.778365808,387,12.88,0.452,4985.85,0.165,0.0401,0.8902,99.43,93.59,0.778,-0.855,91,0.3,27.15,2400,9,6.8,0,0
m_00943,grocer,205,162,0.790835234,359,12.79,0.627,4592.51,0.0197,0.0985,0.7483,100,93.65,-1.09,1.435,58,0.408,31.45,1500,18,13.3,1,1
m_00944,takeaway,77,34,0.445763839,62,24.14,0.41,1496.87,0.0691,0.013,0.9029,96.32,94.11,3.492,2.859,40,0.41,14.01,200,12,12.5,0,0
m_00945,kiosk,74,68,0.927370075,172,9.3,0.263,1600.45,0.089,0.1035,0.8773,91.38,97.52,-1.296,0.625,36,0.724,14.37,700,6,7.1,0,0
m_00946,kiosk,390,259,0.665059574,499,5.14,0.419,2564.94,0.1674,0.017,0.9047,96.77,98.23,-1.496,2.272,24,0.255,27.01,1200,24,15.5,0,0
m_00947,kiosk,79,55,0.697006033,45,33.18,0.642,1492.94,0.0863,0.0497,0.805,91.88,97.2,-3.385,0.1,41,0.034,25.29,500,24,3.9,0,0
m_00948,takeaway,380,98,0.259925736,182,12.89,0.448,2346.63,0.0444,0.0181,0.7153,95.45,85.84,-1.26,2.929,68,0.453,18.33,700,18,8.9,1,1
m_00949,kiosk,132,80,0.611321649,73,44.79,0.492,3269.45,0.1763,0.0606,0.8677,100,91.93,0.978,-1.222,37,0.095,7.48,1500,9,2.1,1,1
m_00950,grocer,64,48,0.757025653,125,11.74,0.111,1468.03,0.145,0.0455,0.5606,94.6,91.99,-1.658,-2.803,68,0.16,30.4,200,18,15.3,1,1
m_00951,takeaway,142,103,0.730241172,108,16.09,0.408,1737.88,0.0207,0.2618,0.7768,93.86,100,0.661,-0.458,103,0.151,23.39,800,24,15.3,0,0
m_00952,takeaway,257,157,0.613654959,200,8.8,0.31,1759.11,0.2131,0.0447,0.9434,99.57,92.61,0.276,0.124,27,0.191,31.23,700,18,21,0,0
m_00953,cafe_bakery,188,85,0.453812911,154,18.81,0.248,2896.05,0.1171,0.1442,0.782,96.35,88.41,-1.574,1.175,28,0.35,30.61,1000,12,12.9,0,0
m_00954,cafe_bakery,320,219,0.686177077,269,13,0.347,3495.78,0.155,0.061,0.6475,100,98.76,-0.289,1.202,22,0.013,35.04,1200,6,7,0,0
m_00955,cafe_bakery,256,112,0.43750058,222,14,0.366,3108.35,0.1036,0.0055,0.8372,96.16,96.36,-1.523,-1.119,29,0.217,17.27,800,24,7.1,1,1
m_00956,kiosk,178,148,0.836006978,268,17.17,0.256,4600.6,0.101,0.1717,0.6912,98.94,100,1.177,-1.697,27,0.465,28.16,1000,9,11.2,0,1
m_00957,kiosk,264,107,0.406196317,309,11.92,0.378,3682.37,0.1159,0.0257,0.917,92.37,90.48,-2.844,3.553,29,0.346,48.8,1300,24,11.6,0,0
m_00958,kiosk,389,318,0.818324164,316,18.44,0.324,5828.32,0.1368,0.0133,0.7778,94.2,95.13,0.995,0.025,14,0.177,30.38,1600,9,5.9,0,0
m_00959,grocer,182,108,0.59573951,223,10.19,0.455,2271.55,0.1537,0.06,0.8383,96.45,91.85,-1.194,-0.651,32,0.604,42.86,500,9,9.9,0,0
m_00960,cafe_bakery,86,72,0.843237897,171,17.87,0.384,3056.31,0.0814,0.0244,0.7085,95.79,91.86,0.064,0.938,68,0.377,34.95,1100,12,9.5,0,0
m_00961,grocer,181,96,0.531543055,103,4.42,0.406,455.64,0.0952,0.0215,0.8552,100,92.71,0.588,-1.64,46,0.08,19.06,200,18,15.5,1,1
m_00962,kiosk,340,153,0.452141052,336,6,0.497,2016.62,0.0534,0.0552,0.7182,100,91.61,0.101,-1.13,31,0.211,52.02,500,9,9.8,0,0
m_00963,cafe_bakery,110,74,0.678820028,199,8.7,0.433,1730.56,0.0288,0.031,0.733,99.97,96.74,2.982,1.884,47,0.204,41.85,600,12,14.6,0,0
m_00964,grocer,381,298,0.783808733,754,6.92,0.349,5217.15,0.146,0.0474,0.5566,96.49,96.25,-0.738,-1.729,52,0.021,15.09,900,6,6.1,0,1
m_00965,takeaway,247,202,0.819613578,577,7.32,0.05,4223.64,0.0951,0.0177,0.7326,92.82,95.87,-2.164,-2.358,31,0.166,26.4,2000,12,12.4,0,1
m_00966,takeaway,252,146,0.583118284,348,21.17,0.427,7367.07,0.1542,0.0207,0.8464,100,100,3.148,-0.411,50,0.095,45.81,1500,18,18.4,0,0
m_00967,grocer,147,76,0.519776533,126,13.22,0.213,1665.74,0.1818,0.0457,0.8387,92.14,98.23,0.446,0.818,7,0.204,34.38,800,12,3.2,0,0
m_00968,grocer,370,187,0.505675226,528,11.92,0.337,6292.35,0.045,0.1022,0.7942,95.35,99.34,0.12,3.049,77,0.294,9.56,1900,12,14.6,0,0
m_00969,grocer,43,24,0.577009476,31,18.55,0.406,574.96,0.0249,0.0202,0.9664,98.72,96.65,3.254,0.981,42,0.168,21,200,18,16,0,0
m_00970,grocer,140,49,0.356608681,102,19.4,0.55,1978.41,0.0626,0.0528,0.7593,100,97.24,-2.068,1.332,54,0.366,20.08,700,18,19.2,0,0
m_00971,cafe_bakery,184,112,0.611105087,278,11.05,0.626,3072.64,0.0387,0.04,0.9038,100,99.71,-0.228,-1.745,56,0.239,42.81,1000,12,9.2,0,0
m_00972,cafe_bakery,206,158,0.767744286,429,28.48,0.212,12216.04,0.2157,0.1217,0.9684,98.87,91.43,-1.73,0.674,121,0.405,33.15,5500,18,18.4,0,0
m_00973,grocer,205,138,0.675216932,388,13.7,0.153,5315.55,0.081,0.0344,0.887,100,93.38,-0.264,-1.939,104,0.271,24.92,1100,18,19.4,0,1
m_00974,kiosk,84,56,0.675446773,55,22.35,0.399,1229.49,0.3019,0.1144,0.8732,95.52,96.29,-2.246,2.131,31,0.122,20.21,600,9,5,1,1
m_00975,kiosk,113,77,0.683571551,184,10.18,0.386,1872.43,0.1201,0.0029,0.8225,98.35,96.17,0.038,0.527,47,0.117,34.69,800,9,11.4,0,0
m_00976,cafe_bakery,65,45,0.701388333,56,18.12,0.17,1014.44,0.1194,0.062,0.813,100,90.32,-0.07,0.196,61,0.369,26.76,500,18,14.5,0,0
m_00977,grocer,241,115,0.478720602,289,23.58,0.348,6815.46,0.1211,0.0876,0.8764,92.79,99.05,-0.146,1.311,50,0.021,29.8,3300,24,14.5,0,0
m_00978,cafe_bakery,159,103,0.652795617,241,22.01,0.44,5305.6,0.012,0.0655,0.7408,98.13,100,-3.497,-0.681,18,0.3,34.07,1200,18,19.9,0,0
m_00979,grocer,239,180,0.756462012,215,20.84,0.165,4481.15,0.0032,0.0212,0.816,98.33,100,1.06,-0.67,39,0.417,29.74,2200,24,17.1,0,0
m_00980,cafe_bakery,248,160,0.648830641,421,9.85,0.201,4146.32,0.0375,0.0088,0.7709,98.23,93.23,-0.437,-1.602,75,0.216,14.44,1500,18,19.1,0,0
m_00981,grocer,289,115,0.398854599,208,6.7,0.253,1393.79,0.0881,0.0399,0.6116,93.87,99.4,3.853,3.862,31,0.046,36.54,500,18,10.4,0,0
m_00982,takeaway,232,144,0.623016771,287,6.15,0.318,1765.41,0.0855,0.1067,0.8304,98.31,94.39,-0.794,-0.156,37,0.204,38.36,400,18,14.5,0,0
m_00983,grocer,269,210,0.783953847,616,11.56,0.454,7119.24,0.0403,0.025,0.7169,97.88,96.28,-1.041,-0.332,30,0.257,49.07,1500,12,14.7,0,0
m_00984,cafe_bakery,247,194,0.787397588,435,11.03,0.301,4797.99,0.1121,0.0967,0.7877,95.35,100,0.156,1.687,46,0.596,21.76,1000,6,7.7,0,1
m_00985,cafe_bakery,271,224,0.829676268,469,19.59,0.358,9186.56,0.0613,0.0378,0.9067,99.34,100,-1.936,0.323,51,0.437,40.83,1500,18,19.7,0,0
m_00986,takeaway,258,146,0.569165478,122,15.71,0.687,1917.05,0.0213,0.0652,0.8878,100,94.23,1.755,-4.343,19,0.236,40.79,500,12,13.3,0,0
m_00987,cafe_bakery,146,101,0.691937812,125,6.28,0.207,784.88,0.0607,0.0098,0.8685,94.89,93.92,-1.484,4.346,45,0.146,38.67,300,9,11.6,0,0
m_00988,grocer,121,75,0.624034997,64,26,0.252,1664.14,0.0414,0.101,0.7555,98.49,100,-1.321,-0.659,22,0.407,29.59,700,18,18.3,0,0
m_00989,kiosk,321,208,0.649197362,318,17.53,0.452,5573.64,0.0907,0.1638,0.7138,100,95.6,1.184,-1.379,17,0.262,18.83,900,12,9.6,1,1
m_00990,grocer,156,142,0.911192219,221,9.41,0.498,2080.21,0.0389,0.2172,0.5481,100,84,0.318,-0.025,64,0.291,25.09,900,9,4.5,1,1
m_00991,takeaway,233,192,0.826988789,377,10.49,0.412,3955.97,0.1817,0.1091,0.7219,96.54,97.76,0.289,-0.732,55,0.021,16.8,1400,12,5.9,0,0
m_00992,cafe_bakery,102,90,0.883322939,208,33.04,0.621,6872.38,0.1136,0.0404,0.67,100,92.79,-2.04,-0.694,28,0.232,12.92,1700,24,26.5,0,0
m_00993,grocer,189,85,0.454504793,101,6.92,0.398,698.88,0.0516,0.084,0.6931,96.27,94.86,1.457,0.533,62,0.077,35.53,200,9,11.3,0,0
m_00994,grocer,225,100,0.446393499,212,34.04,0.054,7216.06,0.0244,0.0421,0.9079,99.45,98.37,-1.547,-3.42,13,0.319,19.61,1100,12,6.6,0,0
m_00995,kiosk,261,198,0.761940203,557,13.01,0.365,7245.43,0.0724,0.1928,0.8151,94.78,88.6,-2.588,1.77,23,0.656,8.2,2200,9,4,0,0
m_00996,grocer,224,173,0.775057344,208,13.56,0.264,2821.39,0.0376,0.0159,0.8671,92.43,99.06,0.555,2.208,26,0.211,29.25,700,18,20.1,0,0
m_00997,cafe_bakery,163,133,0.816347863,299,18.61,0.558,5563.98,0.0937,0.1044,0.868,98.6,89.94,-0.322,-3.079,41,0.378,36.13,2000,12,13,0,0
m_00998,takeaway,385,348,0.904870225,313,5.04,0.495,1578.63,0.0232,0.1292,0.9516,99.64,93.03,-0.359,1.211,97,0.171,34.32,700,6,3.9,0,0
m_00999,cafe_bakery,219,155,0.710261179,305,17.48,0.112,5332.33,0.1396,0.0317,0.7479,99.12,97.27,1.004,-1.412,18,0.208,18.15,1800,18,16.8,0,0
m_01000,kiosk,329,189,0.575359991,459,23.31,0.553,10700.48,0.1671,0.0864,0.872,94.55,91.08,-0.48,-0.576,22,0.231,22,3900,24,19.9,1,1
m_01001,grocer,302,176,0.583175851,153,11.36,0.491,1737.95,0.0477,0.0768,0.8762,89.58,91.09,-2.624,1.003,56,0.541,32.14,900,12,5.3,1,1
m_01002,cafe_bakery,236,216,0.916388055,331,14.95,0.301,4948.01,0.0315,0.0607,0.8509,99.62,97.34,-0.51,2.033,36,0.141,37.07,2000,6,7.2,0,0
m_01003,takeaway,357,285,0.798811566,778,45.35,0.338,35283.43,0.0264,0.0633,0.5296,100,98.12,0.432,0.962,51,0.179,32.38,7700,9,10.5,0,0
m_01004,kiosk,77,66,0.869287111,85,24.79,0.559,2106.78,0.1321,0.0569,0.8012,91.32,95.29,0.267,-2.478,43,0.265,36.75,1000,12,14.4,0,0
m_01005,kiosk,370,138,0.375452851,329,8.25,0.054,2714.02,0.0141,0.0186,0.8735,96.08,98.48,-0.269,0.428,47,0.138,26.34,600,9,10.5,0,0
m_01006,grocer,344,291,0.847281917,624,10.91,0.417,6810.92,0.0668,0.0423,0.968,94.19,100,3.617,1.279,11,0.323,32,2200,24,20,0,0
m_01007,takeaway,216,100,0.464044756,116,12.76,0.514,1479.72,0.0186,0.0874,0.8897,97.74,90.04,2.489,-1.245,35,0.171,30.19,700,18,3.3,0,0
m_01008,cafe_bakery,301,225,0.749083774,547,25.7,0.337,14055.22,0.015,0.0371,0.8661,100,87.04,-1.801,-1.392,70,0.26,17.01,4700,6,8.4,0,0
m_01009,kiosk,222,152,0.68696328,299,8.23,0.447,2460.49,0.0035,0.0498,0.8096,96.3,100,-2.054,0.157,97,0.612,10.36,1100,18,5.2,0,0
m_01010,cafe_bakery,129,59,0.464909502,61,22.05,0.365,1345.06,0.112,0.0433,0.8616,95.48,91.27,1.989,1.447,48,0.184,19.42,500,12,13.7,0,0
m_01011,cafe_bakery,325,238,0.733595602,687,22.13,0.232,15206.28,0.0359,0.0113,0.8576,98.17,97.48,1.598,-0.833,95,0.218,20.64,6500,18,18.9,0,0
m_01012,grocer,120,62,0.521992531,116,15.52,0.229,1800.83,0.0342,0.0523,0.7743,90.63,98.43,2.219,0.781,46,0.113,41.32,500,18,20.8,0,0
m_01013,takeaway,146,89,0.614943634,217,26.2,0.457,5684.32,0.1097,0.0392,0.8908,99.51,95.86,-0.666,-2.221,45,0.106,26.82,2800,18,19.3,0,0
m_01014,takeaway,222,123,0.554810007,157,8.79,0.255,1380.57,0.0929,0.0873,0.6109,100,97.11,-0.241,0.841,48,0.415,19.59,400,12,11.3,0,0
m_01015,cafe_bakery,339,176,0.519257825,193,29.23,0.121,5642.26,0.118,0.0055,0.8235,97.01,100,-2.667,-3.343,25,0.339,26.06,1900,9,10.7,0,1
m_01016,grocer,172,135,0.784938375,328,4.26,0.368,1397.35,0.0567,0.0393,0.8572,95.68,93.55,0.216,0.92,27,0.093,30.04,400,9,11,0,0
m_01017,kiosk,212,159,0.753416619,362,8.2,0.273,2967.75,0.1091,0.0385,0.6993,96.16,100,-0.958,2.063,23,0.537,23.59,600,12,14.2,0,0
m_01018,kiosk,45,28,0.642907386,39,4.34,0.17,169.26,0.1552,0.0099,0.8596,96.17,90.76,-1.171,-0.034,24,0.242,22.17,0,9,9.3,0,0
m_01019,takeaway,72,41,0.570754145,100,9.14,0.361,913.59,0.1298,0.0105,0.9801,96.83,97.4,1.386,1.415,18,0.259,23.98,200,12,12.4,0,0
m_01020,takeaway,50,29,0.580533676,55,22.37,0.465,1230.31,0.1197,0.0293,0.7219,92.32,97.95,-0.234,0.791,68,0.372,30.08,500,6,6.8,0,0
m_01021,kiosk,56,46,0.827117264,72,19.09,0.353,1374.14,0.032,0.061,0.873,98.24,95.69,1.237,-2.454,44,0.191,26.21,300,24,8.5,0,0
m_01022,kiosk,351,211,0.603262828,534,17.39,0.19,9287.1,0.0954,0.0196,0.7744,95.9,99.88,-0.162,-2.062,25,0.197,23.27,4000,9,3.2,0,0
m_01023,cafe_bakery,341,257,0.756354029,554,9.04,0.422,5006.83,0.0842,0.0627,0.9585,97.06,96.17,0.822,-0.424,33,0.136,20.31,2400,6,9,0,0
m_01024,cafe_bakery,334,209,0.628167586,400,14.8,0.505,5918.16,0.0508,0.0094,0.7773,95.27,97.33,-1.969,0.003,42,0.178,31.28,1300,18,18.6,0,0
m_01025,grocer,50,25,0.506274017,62,29.4,0.682,1822.99,0.0394,0.1569,0.8868,98.14,93.18,-1.48,-1.265,70,0.342,24.07,400,18,2.6,1,1
m_01026,grocer,58,35,0.613265954,69,9.3,0.566,641.53,0.0926,0.0064,0.7016,100,92.01,0.68,-2.14,18,0.372,33.64,300,6,6.1,0,1
m_01027,kiosk,133,60,0.456636184,171,9.59,0.199,1639.32,0.0497,0.0673,0.9159,97.63,91.91,2.539,-5.413,51,0.23,43.68,800,12,14.4,0,0
m_01028,kiosk,239,147,0.618141139,382,9.86,0.479,3765.65,0.141,0.0064,0.8383,92.09,93.55,0.699,3.647,35,0.197,16.79,1700,24,26.3,0,0
m_01029,kiosk,153,114,0.748055881,181,16.84,0.388,3048.25,0.0639,0.0683,0.902,97.01,90.88,0.023,3.709,22,0.081,25.53,800,12,5.5,0,0
m_01030,grocer,210,162,0.774334399,295,21.22,0.177,6258.51,0.1483,0.087,0.5587,97.63,100,2.253,-1.39,35,0.376,11.99,2100,18,13.1,0,0
m_01031,grocer,94,70,0.75148696,203,24.08,0.393,4888.14,0.03,0.0246,0.6516,96.84,94.77,-0.327,-2.581,55,0.238,25.57,1200,18,20.4,0,0
m_01032,takeaway,300,126,0.421673832,348,12.73,0.638,4431.72,0.1443,0.0443,0.6686,94.7,95.96,-1.195,3.21,55,0.5,46.87,1500,24,25.3,0,0
m_01033,kiosk,146,80,0.553172521,97,11.99,0.529,1163.22,0.1534,0.0182,0.8223,96.86,91.41,0.01,-3.939,23,0.19,33.93,400,18,6.6,1,1
m_01034,cafe_bakery,54,19,0.352573668,26,10.6,0.198,275.62,0.2274,0.0658,0.8448,99.52,100,0.559,2.356,37,0.39,21.31,100,18,20.2,0,1
m_01035,kiosk,304,247,0.815764022,395,20.44,0.352,8074.4,0.0529,0.0062,0.7739,96.11,94.98,-1.899,1.574,37,0.071,32.6,3900,12,14.5,0,0
m_01036,cafe_bakery,364,191,0.527463227,522,5.19,0.424,2707.81,0.1616,0.0424,0.9207,100,93.64,0.194,-0.399,17,0.303,16.7,700,12,3.2,0,0
m_01037,kiosk,35,24,0.706732718,68,13.81,0.091,939.21,0.1554,0.0833,0.9441,95.05,94.01,-2.586,3.086,30,0.167,16.7,500,6,1.8,1,1
m_01038,kiosk,191,124,0.653393239,318,13.87,0.096,4409.9,0.0856,0.0382,0.889,93.91,95.16,-0.451,-1.02,33,0.153,34.55,2000,9,9,0,0
m_01039,kiosk,336,235,0.70117154,330,22.31,0.373,7363.66,0.0543,0.0523,0.7352,96.3,94.78,-0.235,1.981,87,0.326,24.87,3200,6,7,0,1
m_01040,kiosk,291,181,0.622878285,498,6.32,0.375,3148.78,0.1208,0.0387,0.9412,90.9,90.62,-0.048,-0.199,49,0.35,25.77,1500,9,7.8,0,0
m_01041,kiosk,346,254,0.736227907,221,23.32,0.074,5154.18,0.0596,0.0185,0.7506,96.97,99.44,-2.937,-2.133,38,0.313,27.51,1200,12,12.8,0,0
m_01042,kiosk,183,128,0.700982244,221,19.71,0.408,4356.49,0.2074,0.0127,0.7714,96,91.54,0.151,4.386,51,0.149,25.44,1500,24,24.3,0,1
m_01043,grocer,167,97,0.582164926,158,39.63,0.513,6261,0.0406,0.0823,0.9151,99.06,99.24,1.311,-1.117,30,0.13,41.05,3100,24,24.5,0,0
m_01044,kiosk,292,146,0.50342251,288,35.43,0.317,10204.44,0.1435,0.0711,0.6504,91.87,90.68,2.112,-0.559,47,0.125,13.41,3600,6,6.4,0,0
m_01045,takeaway,86,57,0.665771034,115,28.22,0.359,3244.95,0.0359,0.1628,0.8122,99.3,96.69,2.179,1.927,20,0.172,19.97,500,12,12.9,0,0
m_01046,cafe_bakery,118,92,0.783222445,119,3.39,0.436,403.98,0.1012,0.0218,0.7362,97.46,91.9,0.038,2.781,26,0.092,30.26,200,9,10.8,0,0
m_01047,kiosk,252,145,0.575922054,181,6.77,0.416,1225.2,0.1051,0.0586,0.8423,100,93.09,3.718,-2.337,29,0.205,16.33,600,12,5.4,0,0
m_01048,cafe_bakery,277,188,0.679403872,482,26.25,0.1,12654.62,0.1092,0.04,0.6953,96.49,97.92,-1.14,3.182,12,0.381,20.38,4200,6,8.4,0,0
m_01049,grocer,74,32,0.444162377,30,13.61,0.214,408.17,0.1033,0.0491,0.6851,98.02,100,-1.093,0.287,58,0.382,36.6,200,24,24.1,0,0
m_01050,grocer,218,146,0.672743366,275,35.4,0.291,9734.95,0.1402,0.1962,0.8774,98.9,100,0.027,0.124,58,0.3,19.57,2700,9,0.3,1,1
m_01051,grocer,165,89,0.544714871,108,15.75,0.221,1701.35,0.2371,0.1131,0.6394,90.9,97.49,1.241,-0.035,22,0.144,36.18,800,9,9.5,0,1
m_01052,cafe_bakery,215,195,0.909218753,293,21.87,0.57,6406.75,0.0293,0.0131,0.8017,100,95.98,0.965,0.267,15,0.537,14.56,1000,18,19.2,0,0
m_01053,kiosk,384,169,0.441484051,238,20.96,0.445,4989.59,0.1615,0.0006,0.7756,96.61,92.15,-3.552,-2.819,48,0.212,48.55,1400,12,13.2,0,0
m_01054,grocer,58,46,0.805283194,108,15.5,0.184,1674.38,0.0153,0.0423,0.8773,93.19,88.84,-1.446,1.113,24,0.157,34.8,500,12,0.9,0,0
m_01055,cafe_bakery,398,178,0.448348903,320,26.51,0.318,8481.93,0.0303,0.0363,0.6331,96.77,98.48,1.151,0.708,52,0.259,35.03,3500,18,15.6,0,0
m_01056,takeaway,196,146,0.745596214,212,22.87,0.52,4848.09,0.0437,0.0102,0.9059,100,94.99,-1.333,-0.435,48,0.2,24.12,1100,6,6.8,0,0
m_01057,kiosk,315,227,0.722968993,596,7.23,0.253,4306.35,0.0567,0.0944,0.8201,95.97,96.04,-0.193,0.711,64,0.114,28.11,800,24,7.7,1,1
m_01058,grocer,187,130,0.696321702,128,47.09,0.478,6027.1,0.1177,0.0521,0.4891,97.31,94.41,0.539,-0.11,26,0.047,54.98,2700,6,8.4,0,0
m_01059,grocer,145,105,0.725838456,261,6.78,0.557,1768.28,0.0457,0.0185,0.876,91,93.13,0.725,0.152,29,0.235,17.07,400,24,12.1,0,0
m_01060,grocer,315,144,0.457440124,193,9.56,0.532,1845.2,0.0649,0.0191,0.9226,94.43,98.71,1.291,1.135,24,0.4,22.35,700,12,13.4,0,0
m_01061,grocer,284,193,0.682182148,544,21.65,0.377,11778.75,0.1734,0.022,0.4661,99.12,100,1.907,-0.152,12,0.341,24.69,4500,12,2.9,0,0
m_01062,takeaway,83,31,0.374653558,25,19.36,0.538,483.95,0.1143,0.0538,0.7531,100,91.2,0.949,-1.255,36,0.08,29.72,200,12,7.5,0,0
m_01063,cafe_bakery,291,149,0.513060569,301,23.98,0.272,7217.25,0.0673,0.0466,0.6473,97.63,88.5,-1.841,1.818,70,0.561,34.88,3500,18,17.9,0,0
m_01064,takeaway,308,173,0.564636229,375,13.33,0.723,4997.18,0.0748,0.0766,0.8867,98.75,95.06,0.88,-1.85,35,0.282,32.97,800,6,4.5,1,1
m_01065,cafe_bakery,173,134,0.77845315,277,20.19,0.386,5593.46,0.0291,0.0465,0.9474,95.8,93.13,1.623,2.403,24,0.117,17.23,1100,24,25.2,0,0
m_01066,takeaway,372,212,0.571610124,549,10,0.522,5489.49,0.0907,0.1,0.8549,97.06,100,0.68,-0.387,6,0.169,35.7,1100,12,14.3,0,0
m_01067,cafe_bakery,267,116,0.435342076,121,15.75,0.296,1905.75,0.0111,0.056,0.7938,93.82,98.02,1.935,2.052,26,0.346,35.64,800,9,11.4,0,0
m_01068,kiosk,153,89,0.58274945,152,33.02,0.425,5018.47,0.0051,0.0531,0.8548,95.53,100,0.356,3.176,30,0.151,28.73,1900,9,8.1,0,0
m_01069,cafe_bakery,33,29,0.882310169,78,6.75,0.432,526.47,0.083,0.0385,0.9224,96.92,100,-0.19,0.181,47,0.068,21.73,100,18,6.6,1,1
m_01070,kiosk,279,151,0.543576054,416,27.44,0.211,11415.24,0.077,0.0183,0.631,92.31,96.42,-1.271,2.044,56,0.149,30.87,3900,24,7.4,0,0
m_01071,kiosk,107,73,0.691435273,138,13.93,0.206,1922.81,0.0027,0.0056,0.8952,100,96.59,3.052,1.561,14,0.206,25.2,700,12,13.6,0,0
m_01072,takeaway,309,275,0.891398284,557,8.61,0.319,4793.88,0.0469,0.0363,0.8508,94.89,97.57,-1.568,0.666,28,0.048,27.53,1200,9,11.4,0,0
m_01073,takeaway,224,212,0.949903121,525,9.01,0.516,4732.34,0.1296,0.0576,0.9176,97.63,92.36,-0.007,1.505,41,0.15,28.21,1700,9,11.7,0,1
m_01074,kiosk,202,164,0.81664201,412,13.68,0.075,5635.21,0.1695,0.1081,0.7202,93.25,97.74,-0.534,-0.26,58,0.266,19.27,1200,18,1.9,0,0
m_01075,grocer,90,81,0.908396657,223,28.16,0.296,6280.31,0.0754,0.059,0.6837,87.93,100,-2.001,3.584,27,0.016,28.38,2300,12,12.3,0,0
m_01076,takeaway,293,197,0.672985737,523,20.12,0.546,10523.92,0.1145,0.0686,0.9398,100,93.47,1.332,0.469,61,0.131,38.71,4400,9,10.9,0,1
m_01077,kiosk,91,83,0.913487989,142,6.35,0.165,901.91,0.0752,0.0568,0.6734,97.17,95.03,0.748,-1.161,43,0.281,34.79,400,24,26.1,0,0
m_01078,takeaway,184,101,0.549519355,225,26.64,0.538,5993.96,0.0777,0.0491,0.9743,90.48,98.63,0.366,-0.568,37,0.108,26.08,1100,24,26.5,0,0
m_01079,takeaway,339,290,0.855461181,540,24.16,0.181,13045.54,0.0181,0.0934,0.8218,93.92,100,-0.941,2.075,27,0.241,25.57,3200,12,12,0,1
m_01080,takeaway,370,201,0.545815413,212,4.3,0.213,911.68,0.1122,0.0268,0.7191,100,93.03,0.845,-1.541,44,0.282,45.59,400,6,7.6,0,1
m_01081,takeaway,395,348,0.882409402,907,8.34,0.328,7563,0.0596,0.0126,0.7887,98.45,96.98,-0.392,4.084,9,0.341,19.32,1900,24,25.3,0,1
m_01082,cafe_bakery,384,274,0.71470393,581,29.83,0.631,17329.77,0.1558,0.0345,0.7816,89.26,95.87,0.722,2.911,12,0.112,34.47,3200,24,26.3,0,0
m_01083,takeaway,235,120,0.51254701,111,15.55,0.254,1726.46,0.2254,0.0655,0.8682,95.46,94.9,2.154,-2.162,35,0.322,40.21,400,24,1.9,0,0
m_01084,kiosk,104,38,0.372465368,86,26.55,0.09,2283.15,0.0736,0.0293,0.9044,96.45,88.56,-3.665,1.847,53,0.132,17.02,900,6,8.9,0,0
m_01085,kiosk,340,177,0.5228111,251,2.65,0.14,664.39,0.1872,0.0073,0.8556,98.58,93.02,1.503,-1.636,40,0.054,26.34,300,18,9.5,0,0
m_01086,cafe_bakery,326,264,0.812200203,251,1.81,0.49,453.3,0.1212,0.0065,0.8796,96.97,91.09,3.56,-1.367,38,0.073,39.12,200,18,18.8,0,0
m_01087,kiosk,396,238,0.603171778,508,22.53,0.147,11446.31,0.019,0.0877,0.7428,91.8,95.46,2.581,-0.638,27,0.066,20.74,4300,6,6.7,0,0
m_01088,cafe_bakery,270,122,0.452706567,294,10.64,0.528,3128.88,0.1194,0.0223,0.6618,95.1,94.19,1.159,-1.185,41,0.213,29.51,1000,6,7.7,0,0
m_01089,cafe_bakery,82,63,0.775854655,122,23.27,0.36,2838.94,0.0628,0.0335,0.9692,94.28,91.24,1.835,1.751,55,0.372,14.05,400,24,5.6,1,1
m_01090,cafe_bakery,216,192,0.890876293,155,26.75,0.345,4146.04,0.1671,0.1052,0.7211,99.25,94.93,-1.274,0.807,38,0.269,23.99,1300,6,6.9,0,0
m_01091,kiosk,195,104,0.537008209,215,10.77,0.395,2315.72,0.014,0.0054,0.8997,95.37,100,0.36,1.145,52,0.544,41.98,600,18,20.6,0,0
m_01092,takeaway,341,266,0.781724564,216,14.67,0.23,3169.43,0.0113,0.0194,0.802,95.34,93.35,-0.225,0.306,6,0.188,15.6,800,24,5.6,0,0
m_01093,cafe_bakery,175,67,0.384126329,190,12.72,0.371,2417.13,0.0351,0.0728,0.7533,96.22,94.45,-0.701,-0.756,11,0.372,11.69,700,12,0.7,0,0
m_01094,kiosk,151,95,0.633341852,131,10.65,0.171,1395.76,0.0251,0.0265,0.8303,94.41,95.1,1.482,-0.741,39,0.305,27.64,700,12,12,0,0
m_01095,cafe_bakery,59,38,0.647707312,103,17.74,0.552,1827.24,0.1268,0.0141,0.7226,100,93.09,-0.296,2.511,47,0.273,33.34,500,12,11.9,0,0
m_01096,grocer,339,211,0.622533195,174,25.2,0.196,4384.06,0.1144,0.1025,0.9407,100,89.69,-2.781,-0.398,62,0.403,23.13,1000,12,13.9,0,1
m_01097,cafe_bakery,309,101,0.329983736,102,9.61,0.416,980.56,0.0529,0.0703,0.9418,100,100,0.658,3.091,58,0.341,24.94,400,6,6.3,0,0
m_01098,grocer,45,35,0.794961467,62,9.58,0.195,594.04,0.1254,0.0579,0.8744,93.3,88.68,-0.042,-0.971,92,0.033,35.43,300,6,0.6,0,0
m_01099,kiosk,190,136,0.720443455,335,10.83,0.27,3628.98,0.0202,0.0208,0.7404,98.06,89.14,1.04,0.392,74,0.151,40.27,700,24,26.3,0,0
m_01100,takeaway,207,156,0.757858749,448,21.67,0.294,9708.95,0.209,0.1291,0.7485,99.36,99,-0.615,0.919,27,0.121,33.2,3200,9,10.2,0,0
m_01101,grocer,203,126,0.623751969,245,26.64,0.797,6527.5,0.1443,0.047,0.7063,93.92,87.8,-2.584,2.664,38,0.369,37.49,2800,24,5.8,1,1
m_01102,takeaway,370,252,0.682775732,398,12.59,0.348,5009.09,0.144,0.0691,0.9182,93.48,99.08,-1.462,2.239,18,0.219,27.71,1200,6,3.8,1,1
m_01103,grocer,85,51,0.603995763,45,3.56,0.227,160.09,0.0693,0.0504,0.8979,94.02,99.44,-1.373,0.915,18,0.287,21.76,100,6,8.2,0,0
m_01104,cafe_bakery,143,118,0.829193062,245,7.63,0.283,1869.43,0.0092,0.1765,0.8463,92.61,92.79,-1.541,0.449,22,0.113,13.13,300,12,12,0,0
m_01105,grocer,96,58,0.607910151,94,12.11,0.124,1138.31,0.0621,0.0673,0.6804,100,96.17,-0.844,-1.517,26,0.281,14.23,300,18,21,0,0
m_01106,grocer,120,104,0.873578322,291,8.79,0.326,2558.08,0.0558,0.0548,0.8906,99.86,95.8,1.091,-0.085,16,0.174,26.75,800,6,9,0,0
m_01107,takeaway,365,263,0.720703384,488,6.31,0.628,3081.24,0.1001,0.0869,0.8389,96.03,92.78,-2.072,4.825,43,0.07,41,1000,12,11.7,0,0
m_01108,kiosk,378,222,0.589247786,551,16,0.4,8815.37,0.1341,0.0325,0.8583,96.81,93.54,1.325,-1.617,25,0.294,18.6,3400,9,10.7,0,0
m_01109,takeaway,46,30,0.672723431,79,53.64,0.486,4237.27,0.193,0.0623,0.7351,94.96,95.37,-1.905,-0.825,48,0.271,58.75,1800,6,6.8,0,0
m_01110,takeaway,263,162,0.619149098,164,7.99,0.214,1310.14,0.0531,0.0316,0.6999,100,94.13,-0.572,-2.464,31,0.47,26.25,500,9,10.6,0,0
m_01111,cafe_bakery,116,75,0.651385968,132,17.84,0.319,2354.82,0.0886,0.0165,0.8534,95.69,98.3,-0.053,-1.195,22,0.054,17.97,400,18,19.3,0,0
m_01112,grocer,101,57,0.571437123,157,21.06,0.381,3307.05,0.0242,0.0085,0.9629,95.41,95.4,-0.45,-2.066,44,0.201,22.5,800,24,12.8,0,0
m_01113,grocer,138,82,0.598701265,142,22.05,0.241,3131.77,0.0487,0.166,0.7388,96.62,97.81,0.933,-2.152,115,0.149,27.28,1400,18,0.5,0,0
m_01114,cafe_bakery,101,75,0.744113234,153,14.95,0.41,2287.2,0.1209,0.0293,0.7168,93.06,94.45,-0.163,0.946,29,0.092,41.67,1000,6,6.3,0,0
m_01115,takeaway,211,142,0.675240574,386,6.55,0.442,2528.05,0.0069,0.0817,0.6587,97.8,98.56,-0.235,1.761,57,0.136,29.16,1200,12,12.5,0,0
m_01116,grocer,398,281,0.706045096,368,25.11,0.431,9239.57,0.2712,0.0537,0.9227,100,99.54,-3.565,1.005,13,0.298,15.57,2600,9,10.2,0,1
m_01117,takeaway,246,196,0.797132451,542,4.82,0.327,2614.11,0.1324,0.0456,0.9284,96.48,88.08,0.601,-1.743,33,0.407,45.6,1200,6,8.4,0,0
m_01118,kiosk,297,161,0.545253444,269,14.02,0.514,3770.63,0.0775,0.1632,0.6841,99.4,97.51,2.818,-3.068,36,0.2,21.86,1300,18,20.9,0,0
m_01119,grocer,212,140,0.663461759,294,13.15,0.311,3865.11,0.0842,0.0046,0.6097,91.12,93.22,-0.738,-3.79,64,0.149,19.88,1300,24,25.9,0,0
m_01120,grocer,35,21,0.625611109,31,6.94,0.298,215.21,0.0794,0.085,0.632,94.14,94.24,0.991,-2.138,61,0.439,32.69,100,6,0.8,0,0
m_01121,kiosk,61,20,0.338275432,39,10.83,0.566,422.48,0.0574,0.0819,0.9048,97.29,97.25,-1.236,-1.752,28,0.365,37.96,100,12,8.6,0,0
m_01122,kiosk,129,72,0.558636289,65,21.63,0.184,1405.69,0.0175,0.0464,0.9531,91.46,96.49,1.478,-0.618,63,0.17,37.66,500,24,15.4,0,0
m_01123,takeaway,120,79,0.664812702,74,14.01,0.095,1037.09,0.0937,0.1233,0.9188,97.98,95.07,0.778,0.825,23,0.12,10.52,400,24,0.3,0,0
m_01124,takeaway,341,293,0.860727814,501,5.49,0.22,2749.37,0.132,0.0263,0.7862,96.08,98.65,-0.55,-0.474,37,0.234,44.27,1100,6,8.8,0,0
m_01125,takeaway,342,179,0.52363719,275,23.4,0.408,6435.98,0.0346,0.0127,0.7217,97.89,96.72,-0.649,3.469,86,0.186,17.51,1500,9,8.2,0,0
m_01126,kiosk,346,128,0.372679172,275,38.98,0.543,10720.47,0.0518,0.0979,0.8827,96.3,92.97,0.968,4.913,25,0.225,34.34,2700,9,1.4,1,1
m_01127,kiosk,265,180,0.679629623,159,6.08,0.251,966.14,0.0827,0.0821,0.7088,96.51,100,0.061,0.087,56,0.106,32.61,200,12,14.1,0,0
m_01128,kiosk,235,217,0.927349571,253,14.74,0.622,3728.76,0.1249,0.0648,0.8435,89.18,100,-1.847,-3.528,25,0.338,34.02,1100,24,19.9,0,0
m_01129,cafe_bakery,270,211,0.783023005,266,15.07,0.354,4009.22,0.0959,0.0241,0.9341,93.72,96.05,-2.292,-0.774,53,0.225,25.84,1400,12,14.3,0,0
m_01130,kiosk,180,104,0.583093651,183,5.96,0.333,1091.43,0.0039,0.0637,0.8375,98.52,93.77,0.882,-0.234,41,0.65,39.56,300,24,6.2,0,0
m_01131,cafe_bakery,277,163,0.591920851,218,30.4,0.223,6626.5,0.031,0.0725,0.9747,92.75,92.91,-1.145,1.672,32,0.058,28.33,2300,6,6.2,0,0
m_01132,kiosk,323,187,0.580543066,206,15.27,0.643,3145.72,0.0748,0.0701,0.8856,94.06,100,0.053,-2.372,17,0.365,42.02,600,18,12.4,0,0
m_01133,cafe_bakery,312,231,0.742140485,488,25.6,0.327,12492.41,0.0565,0.0257,0.8884,95.69,95.26,0.882,-2.946,29,0.346,16.77,4000,24,21.7,0,0
m_01134,kiosk,257,210,0.818959583,511,18.5,0.15,9452.84,0.1216,0.1483,0.7927,95.97,96.58,-1.804,0.824,48,0.312,45.87,3400,12,5.1,0,0
m_01135,takeaway,51,37,0.733097325,85,29.76,0.719,2529.33,0.1352,0.0675,0.7185,99.15,97.69,-1.521,-0.794,112,0.06,10.67,1000,18,5,0,0
m_01136,kiosk,298,280,0.941651651,394,18.34,0.409,7226.69,0.1553,0.0352,0.8855,97.69,84.95,2.434,-0.825,48,0.294,45.21,2600,6,8,0,0
m_01137,kiosk,165,105,0.640237561,281,11.6,0.47,3260.14,0.0578,0.0856,0.4001,95.02,92.34,-0.618,-1.459,65,0.272,23.02,900,24,26,0,0
m_01138,kiosk,305,118,0.389269683,253,20.68,0.602,5231.61,0.0966,0.008,0.8384,91.86,100,1.529,-0.508,32,0.274,32.33,2400,9,11.2,0,0
m_01139,kiosk,229,124,0.545774733,266,8.95,0.442,2381.39,0.0942,0.0335,0.9662,100,84.81,3.761,0.698,33,0.133,23.62,1000,6,7.4,0,0
m_01140,cafe_bakery,356,238,0.668884819,301,21.86,0.496,6580.04,0.1129,0.1041,0.783,97.11,90.01,0.359,-4.506,34,0.191,18.96,3300,18,3.7,0,0
m_01141,grocer,155,132,0.856193021,175,7.98,0.358,1396.21,0.0844,0.0328,0.8706,99.74,94.2,-1.293,0.333,95,0.394,23.82,200,6,6.7,0,0
m_01142,grocer,374,325,0.869557092,599,14.43,0.46,8641.73,0.0487,0.0266,0.6575,89.85,92.03,0.191,1.675,31,0.616,36.22,1500,18,18.1,0,0
m_01143,cafe_bakery,342,286,0.837970423,378,12.73,0.345,4812.32,0.0143,0.058,0.8755,95.89,93,-0.283,1.194,21,0.228,32.14,1800,12,2.1,0,0
m_01144,cafe_bakery,152,96,0.637979193,222,17.58,0.347,3902.94,0.0254,0.037,0.8288,95.77,91.38,0.101,4.514,15,0.048,40.75,1300,18,19.9,0,0
m_01145,cafe_bakery,208,143,0.690927443,211,32.51,0.368,6859.3,0.0133,0.0418,0.6308,95.61,95.31,1.076,-0.575,25,0.118,33.72,1800,24,19.4,0,0
m_01146,grocer,226,117,0.519535627,132,10.6,0.29,1398.65,0.137,0.0731,0.801,99.33,97.43,1.247,0.114,15,0.028,31.96,200,12,11.3,0,0
m_01147,kiosk,314,222,0.708430404,251,24.67,0.426,6192.61,0.1994,0.0238,0.8608,96.21,97.6,-3.007,2.847,46,0.118,45.08,1100,24,26,0,0
m_01148,kiosk,284,231,0.816900666,249,30.31,0.425,7547.57,0.1416,0.1218,0.4859,95.71,92.71,1.785,0.408,37,0.312,33.06,3200,12,12.6,0,0
m_01149,kiosk,345,262,0.762042951,463,24.24,0.473,11224.47,0.0382,0.0067,0.9536,96.96,99.89,0.41,3.311,50,0.219,18.47,3500,24,9.3,0,0
m_01150,kiosk,166,153,0.924158242,123,17.5,0.446,2153.01,0.1367,0.0151,0.8883,97.08,96.57,-0.86,1.934,62,0.474,15.98,700,12,13.5,0,0
m_01151,grocer,216,137,0.638645959,273,16.98,0.65,4635.96,0.1092,0.0409,0.631,93.37,100,1.101,0.588,24,0.052,46.83,1200,18,19.4,0,0
m_01152,takeaway,189,156,0.827744899,227,10.18,0.508,2309.83,0.1222,0.0249,0.9081,99.97,97.15,-1.576,0.277,41,0.339,27.38,500,9,9.6,0,0
m_01153,grocer,366,206,0.565368443,415,4.89,0.319,2029.04,0.1536,0.0691,0.7526,95.27,94.95,-1.506,-0.169,37,0.105,28.87,800,18,18.7,0,0
m_01154,takeaway,142,112,0.794487855,320,15.61,0.418,4993.84,0.0626,0.1317,0.7822,96.69,95.05,1.588,0.231,25,0.483,22.4,900,24,6.7,0,0
m_01155,cafe_bakery,247,180,0.729287868,488,31.8,0.562,15520.33,0.0263,0.0069,0.7759,100,97.41,0.101,-1.391,25,0.5,12.6,7500,18,18.3,0,0
m_01156,kiosk,74,50,0.682163926,103,34.31,0.208,3533.99,0.0605,0.0211,0.8751,100,100,2.352,1.655,62,0.232,47.96,900,9,11.9,0,0
m_01157,cafe_bakery,344,251,0.731925081,431,5.67,0.652,2444.27,0.0872,0.0374,0.8652,98.4,96.5,-1.029,4.129,39,0.343,15.86,1100,9,7,0,0
m_01158,cafe_bakery,172,124,0.726255365,289,33.72,0.234,9745.65,0.0617,0.0042,0.7129,91.78,96.84,0.437,-3.324,18,0.29,18.39,3300,6,8.1,0,0
m_01159,cafe_bakery,156,114,0.735421693,322,21.24,0.485,6838.62,0.0524,0.0055,0.8144,96.14,98.26,0.581,2.658,52,0.539,25.08,3100,24,25.8,0,1
m_01160,kiosk,245,150,0.613760775,281,19.86,0.351,5579.6,0.1324,0.0672,0.8414,100,88.9,0.609,0.784,27,0.092,23.57,2400,18,17.8,0,0
m_01161,kiosk,214,116,0.544266505,118,31.67,0.342,3737.09,0.0163,0.0321,0.8221,96.31,90.28,0.931,2.389,40,0.168,22.44,1700,9,10.8,0,0
m_01162,takeaway,343,156,0.455988181,387,26.67,0.155,10321.23,0.0698,0.0768,0.7957,99.5,96.87,0.689,-0.874,9,0.299,35.16,2600,24,1.8,0,0
m_01163,cafe_bakery,226,177,0.786013614,145,7.89,0.486,1143.56,0.156,0.0814,0.7855,99.46,92.18,0.029,-0.063,27,0.088,39.45,200,9,11.6,0,0
m_01164,cafe_bakery,221,128,0.58367757,317,9.42,0.157,2987.43,0.1871,0.0934,0.7778,94.89,94.94,-2.912,2.831,45,0.336,27.8,1200,18,3.9,0,0
m_01165,cafe_bakery,68,43,0.642712932,42,4.44,0.134,186.31,0.0825,0.0107,0.9486,100,95.95,1.296,0.201,21,0.051,31.25,0,6,7.3,0,0
m_01166,cafe_bakery,38,27,0.726778018,27,19.34,0.524,522.16,0.045,0.0263,0.6726,98.29,100,-3.561,1.95,15,0.12,19.06,100,12,12.8,0,0
m_01167,cafe_bakery,177,130,0.739863438,327,8.54,0.618,2792.48,0.0561,0.0127,0.8103,96.92,95.29,-1.851,-0.877,27,0.423,34.17,700,6,6,1,1
m_01168,takeaway,399,321,0.806851977,743,11.34,0.25,8423.76,0.004,0.0734,0.7424,96.51,87.54,-1.057,-0.097,44,0.38,25.65,3500,24,5.3,0,0
m_01169,kiosk,369,234,0.635775501,476,29.55,0.5,14066.59,0.0218,0.0497,0.6098,93.48,96.82,1.355,1.319,59,0.534,24.6,6200,9,10,0,1
m_01170,kiosk,262,160,0.61193464,416,20.86,0.469,8677.29,0.1197,0.0189,0.809,94.63,100,-0.333,1.109,56,0.155,38.02,1400,6,8.1,0,0
m_01171,kiosk,263,190,0.72415623,507,21.18,0.336,10739.17,0.1276,0.0131,0.7258,93.93,98.13,2.812,1.954,53,0.385,14.01,5100,6,7,0,0
m_01172,kiosk,174,95,0.546580926,171,46.56,0.55,7962.1,0.0412,0.0628,0.5235,100,97.86,-2.08,-0.382,72,0.359,38.73,3200,6,6,0,0
m_01173,takeaway,95,75,0.792261295,224,1.27,0.325,284.11,0.0755,0.087,0.6382,100,93.05,-1.649,0.3,61,0.516,27.82,100,12,4.1,0,0
m_01174,cafe_bakery,33,21,0.665276875,33,8.86,0.428,292.46,0.0809,0.024,0.6754,93.97,94.32,-3.376,2.238,47,0.34,23.61,100,12,12.1,0,1
m_01175,cafe_bakery,155,91,0.588358403,107,12.69,0.162,1357.46,0.0036,0.0507,0.8189,100,92.6,-1.72,3.185,40,0.14,45.98,500,9,3.7,0,0
m_01176,kiosk,147,87,0.592740041,231,9.26,0.168,2139.02,0.0865,0.0267,0.6916,100,93.06,-0.949,-1.378,37,0.177,36.44,1000,24,24.4,0,0
m_01177,grocer,100,81,0.811931453,138,25.48,0.525,3515.97,0.1453,0.1185,0.8726,95.07,95.17,2.197,2.676,29,0.178,11.41,1400,9,10.5,0,0
m_01178,cafe_bakery,125,67,0.538334722,182,13.63,0.433,2481.22,0.1098,0.1814,0.9378,98.59,99.68,1.569,-1.237,34,0.233,38.09,700,24,24.1,0,0
m_01179,kiosk,39,12,0.329507599,11,7.31,0.329,80.38,0.2038,0.0642,0.695,94.96,100,0.358,0.716,24,0.161,34.34,0,12,3.8,0,0
m_01180,kiosk,254,168,0.661759585,175,18.36,0.636,3213.1,0.0685,0.0399,0.929,100,96.59,-0.467,0.864,52,0.098,15.65,1400,18,19.8,0,0
m_01181,kiosk,373,259,0.695867619,230,20.2,0.635,4646.67,0.1133,0.0467,0.8222,98.48,98.16,1.147,-0.675,19,0.219,27.67,2300,9,3.8,0,0
m_01182,cafe_bakery,285,207,0.727243079,439,7.73,0.416,3395.49,0.0882,0.0912,0.6477,95.73,86.35,1.909,-0.055,53,0.224,36.47,1500,12,12.9,0,0
m_01183,cafe_bakery,195,97,0.50172275,255,14.05,0.132,3582.88,0.0802,0.0258,0.7754,93.29,94.24,-0.97,-3.238,107,0.118,10.1,1400,6,6.9,0,1
m_01184,cafe_bakery,185,79,0.430557461,133,20.48,0.333,2724.22,0.0339,0.0347,0.86,96.81,100,-0.821,1.75,16,0.391,36.25,1300,12,12.4,0,0
m_01185,kiosk,143,133,0.936544246,132,30.5,0.225,4025.82,0.0698,0.0607,0.9216,98.47,96.37,-0.647,-0.255,51,0.179,24.55,1600,6,7.6,0,0
m_01186,grocer,82,74,0.907452765,120,9.91,0.363,1189.12,0.1522,0.0479,0.9429,100,95.58,-2.602,0.216,28,0.159,26.64,600,18,18.4,0,0
m_01187,kiosk,251,184,0.733672474,288,21.81,0.21,6281.71,0.1934,0.1023,0.8956,98.89,100,1.816,-0.845,61,0.252,39.79,2000,24,3.7,0,0
m_01188,cafe_bakery,239,195,0.818500661,432,10.89,0.171,4706.57,0.0651,0.1051,0.9253,99.78,100,-0.875,1.756,42,0.154,20.76,1900,18,18.5,0,1
m_01189,kiosk,32,14,0.457088746,31,16.38,0.05,507.87,0.2221,0.0806,0.7954,94.74,99.09,-0.434,0.671,18,0.082,17.38,200,9,3.9,1,1
m_01190,kiosk,183,95,0.519188818,97,8.22,0.375,797.26,0.0691,0.1494,0.9628,91.07,95.75,2.184,-1.998,38,0.196,35.49,200,9,9,0,0
m_01191,cafe_bakery,132,53,0.407254913,91,21.43,0.05,1949.93,0.0726,0.0412,0.7184,91.92,97.09,-0.809,0.075,42,0.166,29.42,500,9,9.3,0,0
m_01192,cafe_bakery,93,65,0.701190907,143,27.61,0.302,3948.89,0.0557,0.0075,0.8717,96.13,100,1.899,-1.77,31,0.388,23.94,1100,12,12.3,0,0
m_01193,takeaway,290,195,0.673511118,267,14.43,0.454,3853.81,0.0344,0.0066,0.2121,94.68,100,-2.622,0.341,39,0.202,14.8,900,24,0.3,1,1
m_01194,takeaway,224,107,0.481167576,181,13.32,0.242,2410.66,0.2019,0.1703,0.8116,96.63,93.85,0.842,1.666,30,0.464,24.31,400,18,12.4,1,1
m_01195,takeaway,264,196,0.743211776,421,12.55,0.187,5282.1,0.0739,0.0421,0.7424,99.2,89.5,-0.668,0.685,31,0.324,22.35,800,9,2,0,0
m_01196,cafe_bakery,293,169,0.578593445,284,6.74,0.34,1912.94,0.0356,0.0399,0.8582,98.88,96.2,-2.369,1.169,10,0.336,25.79,500,9,5.2,0,0
m_01197,kiosk,393,266,0.678698343,230,23.9,0.226,5496.94,0.2161,0.1271,0.8548,89.96,99.05,-1.703,2.414,14,0.285,12.28,1100,18,19.5,0,1
m_01198,grocer,327,249,0.764455719,321,30.06,0.378,9648.99,0.0626,0.0415,0.9241,100,100,0.211,-1.337,15,0.202,21.23,4800,18,18.6,0,0
m_01199,kiosk,259,179,0.694207514,448,9.54,0.195,4275.2,0.0628,0.0243,0.8378,98.17,95.58,-1.44,-0.577,24,0.255,32.2,1400,9,11.9,0,0
m_01200,grocer,355,244,0.688665619,328,17.72,0.334,5812.16,0.0143,0.0548,0.799,97.87,94.61,0.575,-3.3,14,0.594,27.28,2600,12,5.8,0,0
m_01201,cafe_bakery,206,85,0.415240931,220,21.09,0.298,4639.94,0.167,0.0793,0.7906,96.55,100,-1.118,-0.459,18,0.122,26.14,1500,6,6.2,0,0
m_01202,grocer,394,169,0.429892546,308,10.77,0.348,3318.44,0.1242,0.0928,0.7696,96.16,92.31,-2.429,-0.927,40,0.105,18.53,1000,18,19.1,0,0
m_01203,grocer,311,112,0.36058961,206,34.23,0.595,7051.54,0.1424,0.0419,0.9567,100,95.05,1.455,1.608,49,0.461,18.85,2900,18,2.8,0,0
m_01204,takeaway,270,140,0.519544562,349,17.92,0.38,6252.38,0.1268,0.0572,0.8579,94.08,96.02,0.442,1.223,31,0.233,25.24,2900,9,2.9,1,1
m_01205,grocer,364,305,0.839624942,501,5.67,0.426,2838.58,0.0634,0.0423,0.8512,97.92,95.71,-2.705,3.302,39,0.137,27.74,700,12,12.2,0,0
m_01206,kiosk,220,142,0.648193549,188,28.45,0.256,5349.26,0.0595,0.0672,0.8829,100,100,0.98,-0.703,41,0.289,19.64,1500,6,6,0,1
m_01207,grocer,296,190,0.641974586,195,14.79,0.383,2883.36,0.0665,0.115,0.5971,97.57,98.14,0.183,1.093,87,0.251,29.85,1200,6,7.2,0,0
m_01208,grocer,135,98,0.726632357,223,11.98,0.309,2670.47,0.0851,0.0534,0.7279,98.54,93.84,-0.647,1.781,14,0.291,29.82,600,12,12.2,0,0
m_01209,grocer,386,248,0.644453439,454,22.87,0.354,10382.38,0.114,0.0221,0.5771,92.79,95.06,-0.588,4.883,33,0.124,17.71,5100,12,1.6,0,0
m_01210,kiosk,260,147,0.569017276,379,11.01,0.447,4172.36,0.095,0.0681,0.7665,99.48,100,2.011,1.171,15,0.092,40.24,1700,6,7.4,0,0
m_01211,takeaway,319,220,0.692348115,397,33.02,0.275,13110.46,0.0968,0.0556,0.854,98.11,90.23,0.479,0.204,40,0.52,19.77,3700,18,7.6,1,1
m_01212,grocer,200,139,0.697764034,238,29.02,0.29,6906.52,0.0328,0.0495,0.7133,96.7,88.49,2.084,0.551,19,0.396,19.05,1400,9,5.5,0,0
m_01213,cafe_bakery,350,268,0.766094407,390,35.57,0.277,13873.86,0.017,0.0926,0.7582,99.17,91.03,0.714,1.231,27,0.113,21.7,5600,24,4.9,1,1
m_01214,kiosk,57,34,0.61117766,42,45.12,0.274,1894.96,0.1202,0.0268,0.942,93.57,97.22,0.352,3.047,14,0.376,14.51,600,24,21.8,0,0
m_01215,grocer,72,54,0.752911772,141,20.9,0.376,2947.44,0.1745,0.0609,0.4561,100,100,-1.136,-0.551,30,0.184,10.59,1100,9,9.7,0,0
m_01216,grocer,217,124,0.575764849,125,15.63,0.295,1953.82,0.1164,0.1276,0.5013,100,95.54,0.237,-1.122,32,0.585,38.67,400,6,4.2,0,0
m_01217,grocer,300,157,0.524861308,437,10.73,0.575,4689.02,0.0777,0.0123,0.8773,95.2,93.74,1.532,5.544,31,0.261,37.15,800,12,1,0,0
m_01218,kiosk,329,259,0.789201694,222,22.09,0.752,4903.65,0.1018,0.0453,0.759,100,93.06,0.122,-1.954,52,0.252,19.3,1100,9,6.7,0,0
m_01219,grocer,192,137,0.713934237,267,44.42,0.265,11861.41,0.1716,0.0974,0.7484,96.57,89.07,2.905,2.011,38,0.315,34.46,3400,18,3,1,1
m_01220,kiosk,270,125,0.466358725,116,6.77,0.394,785.43,0.1393,0.1057,0.8713,93.31,100,1.529,1.132,24,0.28,21.62,200,18,1.5,0,0
m_01221,kiosk,234,185,0.794393763,465,18.81,0.506,8748.02,0.0525,0.0427,0.824,100,95.19,-1.797,0.944,35,0.064,17.87,2300,6,7.6,0,0
m_01222,takeaway,385,197,0.512905815,249,5.61,0.31,1395.71,0.0591,0.0165,0.9196,96.15,96.89,-0.727,-2.155,25,0.322,25.53,600,6,7.6,0,0
m_01223,grocer,272,195,0.720003444,398,5.43,0.201,2163.1,0.1008,0.041,0.8456,98.84,99.41,1.01,5.718,18,0.124,25.43,400,12,14.1,0,0
m_01224,grocer,184,109,0.593828792,306,30.62,0.611,9370.03,0.1483,0.0181,0.9106,100,100,-2.29,0.653,24,0.164,37.91,3200,9,10.8,0,0
m_01225,grocer,388,335,0.864337852,746,27.87,0.453,20792.83,0.1267,0.1264,0.7171,98.58,95.1,-0.175,-0.73,21,0.242,4.3,5900,12,5.9,0,0
m_01226,takeaway,69,38,0.55590044,45,10.37,0.398,466.75,0.1076,0.0045,0.6232,97.63,92.35,-1.399,-2.359,50,0.261,25.16,100,6,5.3,1,1
m_01227,kiosk,394,225,0.572160713,574,7.63,0.568,4380.63,0.0974,0.0117,0.8203,94.12,95.91,0.061,-3.722,65,0.027,50.6,1400,6,8.5,0,0
m_01228,takeaway,86,45,0.524649822,79,36.36,0.466,2872.23,0.0398,0.0726,0.7638,94.13,95.47,-1.387,1.708,35,0.282,5.64,1400,12,4.1,1,1
m_01229,cafe_bakery,136,93,0.686966653,77,8.02,0.343,617.82,0.1728,0.0518,0.8767,96.59,93.77,1.58,-1.375,20,0.381,22.35,300,12,12.3,0,0
m_01230,kiosk,333,221,0.665970395,413,6.37,0.204,2630.11,0.0179,0.0501,0.7685,95.86,90.95,-0.764,-0.236,72,0.15,24.87,1000,18,18.5,0,0
m_01231,cafe_bakery,301,183,0.609203758,473,8.21,0.276,3881.14,0.2364,0.0437,0.7967,99.04,97.56,0.997,-0.905,103,0.199,29.49,1900,24,24.8,0,0
m_01232,cafe_bakery,389,274,0.705817395,478,19.97,0.531,9544.82,0.1174,0.1338,0.9587,93.73,100,-2.24,1.376,12,0.307,35.36,2600,24,1.8,1,1
m_01233,cafe_bakery,307,240,0.784618577,592,48.64,0.452,28794.3,0.1167,0.0613,0.8665,94.67,100,-0.457,1.079,32,0.157,29.43,11800,18,20.4,0,0
m_01234,grocer,265,151,0.570786797,355,10.84,0.322,3847.3,0.1765,0.021,0.8335,96.55,92.97,-1.919,1.804,22,0.038,43.82,800,6,7,0,0
m_01235,cafe_bakery,158,106,0.672576671,191,30.4,0.615,5806.62,0.2386,0.0601,0.8853,97.29,100,1.79,1.88,15,0.143,24.25,1000,12,13.3,0,1
m_01236,takeaway,31,23,0.743451975,34,16.87,0.326,573.62,0.0593,0.0288,0.8951,97.18,91.6,-1.162,-1.132,42,0.02,38.55,200,9,9.9,0,0
m_01237,kiosk,75,57,0.763458487,136,3.58,0.498,487.29,0.0751,0.0242,0.8404,96.41,96.6,-0.131,-2.393,20,0.089,26.5,200,18,19.5,0,0
m_01238,grocer,140,130,0.932137834,209,11.06,0.383,2310.87,0.1702,0.0294,0.9671,94.65,100,0.528,0.003,19,0.358,35.81,900,24,24.1,0,0
m_01239,grocer,45,39,0.873795906,45,28.05,0.64,1262.22,0.145,0.1166,0.9878,98.74,98.21,-1.12,1.335,59,0.16,21.59,400,9,2.4,0,0
m_01240,takeaway,218,155,0.712750997,233,27.2,0.463,6336.52,0.1282,0.0659,0.8072,100,100,-1.8,0.517,33,0.131,19.07,3000,24,19.3,0,0
m_01241,grocer,317,139,0.43919195,379,10.04,0.357,3804.85,0.029,0.0097,0.9806,97.93,91.9,0.278,-3.439,52,0.442,14.86,1000,6,7.2,0,0
m_01242,grocer,386,304,0.788492235,432,23.83,0.323,10293.66,0.1239,0.0955,0.6959,95.26,95.27,-2.898,0.415,65,0.172,25.45,3000,6,7.2,0,0
m_01243,kiosk,211,163,0.77604118,214,14.59,0.348,3123.21,0.0149,0.0544,0.7196,91.25,95.19,2.013,-1.701,105,0.23,20.93,600,9,10.9,0,0
m_01244,cafe_bakery,353,173,0.490217695,189,19.52,0.241,3689.14,0.0169,0.0038,0.8477,100,100,-0.205,0.344,35,0.163,31.36,1700,24,12.6,0,0
m_01245,takeaway,394,321,0.815173103,295,31.37,0.145,9254.81,0.1311,0.0141,0.9136,96.48,95.07,-2.211,2.229,69,0.078,34.78,1700,6,8.8,0,0
m_01246,takeaway,348,199,0.573883111,586,10.31,0.396,6040.68,0.0902,0.0292,0.9552,100,96.93,-0.397,-4.687,49,0.253,38.31,2400,9,9.8,0,0
m_01247,cafe_bakery,202,193,0.957080178,382,12.33,0.27,4710.36,0.1126,0.0298,0.95,100,94.97,0.867,3.314,40,0.402,36.23,1200,12,12.2,0,0
m_01248,cafe_bakery,150,82,0.548319192,197,31.7,0.27,6245.33,0.1104,0.0356,0.6682,99.41,97.45,-1.226,-1.792,40,0.348,38.94,1700,12,0.5,1,1
m_01249,cafe_bakery,391,337,0.863793261,842,45.79,0.337,38551.46,0.2507,0.0609,0.961,99.86,93,-2.913,2.292,43,0.345,34.84,9000,24,3.1,0,0
m_01250,cafe_bakery,119,73,0.614366299,114,26.08,0.358,2973.49,0.0658,0.0556,0.914,99.63,91.52,-0.185,1.982,35,0.326,16.73,800,18,18.3,0,0
m_01251,grocer,182,120,0.660373076,306,18.81,0.351,5755.49,0.0779,0.0536,0.6444,96.34,94.01,1.142,-0.302,15,0.361,30.79,1600,18,20.6,0,0
m_01252,kiosk,57,33,0.579973497,96,25.95,0.611,2490.78,0.1709,0.0221,0.8573,93.55,92.33,0.35,1.209,22,0.273,20.75,1100,18,4.4,1,1
m_01253,grocer,323,154,0.477452202,374,11.02,0.449,4120.45,0.0198,0.0799,0.7718,99.39,95.19,0.604,-1.103,9,0.193,26.58,2000,18,7.6,1,1
m_01254,cafe_bakery,270,141,0.525707786,333,16.29,0.666,5424.44,0.078,0.0683,0.6878,92.41,99.13,1.435,-3.152,47,0.233,27.52,1000,18,20.3,0,0
m_01255,takeaway,61,39,0.6522036,68,5.39,0.284,366.5,0.0638,0.0504,0.8503,95.82,90.65,2.374,2.575,14,0.328,3.11,100,9,9.1,0,0
m_01256,cafe_bakery,112,82,0.740133618,217,11.18,0.468,2425.76,0.052,0.0478,0.8236,95.08,94.34,-4.04,-1.066,19,0.3,17.59,1100,9,9.5,0,0
m_01257,cafe_bakery,235,189,0.806221099,188,20.23,0.292,3804.14,0.0748,0.0115,0.6687,98.72,100,-1.987,3.902,22,0.511,23,1600,6,7.4,0,0
m_01258,kiosk,229,137,0.598764541,335,17.72,0.266,5937.03,0.0574,0.1252,0.6929,97.7,88.82,0.252,2.066,35,0.111,2,2200,12,4.7,1,1
m_01259,takeaway,326,254,0.781865053,405,2.7,0.672,1092.97,0.0249,0.0118,0.6588,95.08,91.53,0.416,-1.389,48,0.06,41.09,300,18,18.9,0,0
m_01260,kiosk,128,114,0.894461343,233,13.54,0.235,3154.74,0.0203,0.2242,0.7913,95.74,97.21,-2.323,1.477,43,0.423,29.22,700,18,11.4,0,0
m_01261,kiosk,372,278,0.747816778,768,17.51,0.05,13446.14,0.0702,0.0167,0.8112,100,89.58,-1.173,1.356,55,0.399,29.16,6500,6,5.2,0,0
m_01262,kiosk,194,137,0.706544912,291,17.91,0.244,5213.26,0.2828,0.1032,0.8981,94.65,95.48,2.583,3.745,59,0.241,38.22,1200,18,14.8,0,0
m_01263,kiosk,334,248,0.743058769,212,6.27,0.05,1329.72,0.0562,0.0789,0.8846,96.45,100,-0.531,-0.678,44,0.147,35.13,300,12,4.2,0,0
m_01264,kiosk,118,54,0.462535908,129,24.09,0.207,3107.78,0.1152,0.079,0.6223,98.74,93.5,0.315,-0.165,28,0.034,35.16,800,9,11.2,0,0
m_01265,kiosk,43,23,0.545666879,65,42.17,0.221,2740.82,0.0969,0.0419,0.8436,97.21,92.42,2.686,1.167,14,0.282,38.25,1100,24,25.4,0,0
m_01266,takeaway,50,30,0.61592322,66,25.78,0.355,1701.17,0.0455,0.0295,0.9348,98.83,89.49,0.141,0.336,26,0.233,31.01,600,24,24.1,0,0
m_01267,grocer,167,78,0.470495855,210,16.3,0.05,3422.31,0.1717,0.0615,0.8784,100,92.48,1.181,-2.481,21,0.191,31.25,1400,24,3.4,1,1
m_01268,kiosk,382,292,0.765870713,763,36.85,0.529,28118.16,0.0912,0.0898,0.8282,100,95.04,0.857,2.33,37,0.102,32.48,10300,9,10.2,0,0
m_01269,grocer,48,34,0.710316893,91,11.04,0.069,1004.42,0.0922,0.0308,0.9673,97.14,100,-0.504,3.496,56,0.419,14.8,400,12,9,1,1
m_01270,cafe_bakery,166,152,0.918530417,236,22.3,0.331,5263.9,0.1244,0.0749,0.8306,98.22,95.25,-0.59,0.607,26,0.602,6.89,2400,9,4.4,0,0
m_01271,cafe_bakery,70,34,0.496193741,62,15.25,0.301,945.68,0.0839,0.0778,0.8752,97.63,95.44,1.772,-2.245,99,0.4,7.37,300,6,7.3,0,0
m_01272,grocer,374,239,0.640442548,637,37.08,0.474,23621.53,0.2388,0.083,0.8722,94.31,95.81,-0.012,0.074,21,0.068,35.01,5600,12,12.1,0,0
m_01273,cafe_bakery,279,161,0.580443726,451,8.44,0.403,3804.44,0.0989,0.0172,0.6993,97.59,92.51,-1.513,-1.519,31,0.295,22.7,1100,24,7.5,0,0
m_01274,kiosk,312,251,0.806675663,281,8.42,0.528,2366.41,0.1643,0.0126,0.9186,92.06,86.56,1.623,-0.218,20,0.453,25.27,500,6,7.9,0,0
m_01275,takeaway,293,265,0.905138695,317,32.12,0.296,10180.95,0.1649,0.0103,0.6192,98.12,100,-4.282,0.671,24,0.479,29.59,4800,12,11.8,0,0
m_01276,takeaway,273,161,0.58983417,251,21.37,0.28,5364.41,0.2179,0.0958,0.8042,90.6,98.41,2.367,1.612,39,0.189,42.2,1600,9,6.7,0,0
m_01277,kiosk,316,128,0.40747889,319,33.6,0.412,10719.37,0.011,0.0394,0.7545,94.03,100,-0.28,3.11,35,0.183,34.61,4700,18,8.4,0,0
m_01278,grocer,33,21,0.64212856,57,8.99,0.504,512.65,0.1032,0.027,0.7794,99.57,96.94,0.012,1.554,47,0.532,30.02,200,6,2.4,0,0
m_01279,takeaway,350,111,0.317235617,230,10.13,0.474,2329.76,0.0701,0.0225,0.9247,98.4,100,0.125,-1.816,47,0.385,32.14,600,24,4.2,0,0
m_01280,kiosk,303,225,0.74568322,236,19.23,0.398,4538.93,0.0035,0.0467,0.9371,96.95,89.83,1.996,1.664,57,0.337,50.39,900,6,6.1,0,0
m_01281,kiosk,303,238,0.785480053,349,5.56,0.385,1941.03,0.0228,0.0587,0.7542,95.65,96.2,0.261,-0.271,41,0.349,18.08,800,6,6.3,0,0
m_01282,kiosk,175,108,0.617874571,290,18.44,0.345,5348.16,0.0282,0.0241,0.874,94.41,98.06,-0.034,-0.046,30,0.242,41.91,1900,9,6.6,0,0
m_01283,kiosk,326,210,0.64548772,328,12.21,0.411,4004.18,0.0279,0.0905,0.7907,95.29,100,-1.428,0.272,31,0.193,28.23,1600,24,10.2,0,0
m_01284,kiosk,171,126,0.742656629,129,15.2,0.655,1960.49,0.0995,0.1612,0.7501,99.06,97.66,-1.07,0.57,39,0.29,27.21,600,18,6.3,0,0
m_01285,cafe_bakery,48,40,0.834247515,58,24.01,0.314,1392.43,0.0543,0.0311,0.7679,96.24,97.67,0.963,2.325,34,0.126,34.26,200,24,10.8,0,0
m_01286,kiosk,365,327,0.898364162,841,24.73,0.295,20795.57,0.1191,0.0138,0.681,90.75,96.9,0.334,1.294,39,0.092,9.59,8900,18,18,0,0
m_01287,cafe_bakery,116,49,0.425548134,92,40.98,0.284,3769.9,0.0831,0.1011,0.5038,93.31,90.09,2.531,-2.071,15,0.238,17.32,1800,6,7.1,0,1
m_01288,takeaway,67,37,0.553911549,43,29.37,0.408,1262.8,0.0595,0.0312,0.8648,94.56,93.63,-1.222,-2.704,29,0.383,31.92,600,9,11.3,0,0
m_01289,takeaway,260,145,0.560438424,215,3.67,0.05,789.13,0.0954,0.0807,0.7843,96.21,93.98,-1.731,1.6,11,0.509,32.58,300,24,14.9,0,0
m_01290,cafe_bakery,116,94,0.812524987,272,8.92,0.33,2424.92,0.1083,0.1223,0.9512,96.12,99.33,0.45,1.377,75,0.208,33.71,600,9,10.3,0,0
m_01291,grocer,347,275,0.793203307,481,9.43,0.482,4537.64,0.0555,0.0327,0.9204,93.83,98.06,-0.128,2.822,36,0.372,35.13,1100,24,24.9,0,0
m_01292,grocer,194,131,0.675761246,232,27.67,0.271,6418.37,0.1312,0.0347,0.6848,98.84,100,-1.798,0.103,50,0.06,48.08,1700,12,14.4,0,0
m_01293,grocer,31,23,0.756286048,26,37.69,0.378,979.87,0.0764,0.0288,0.8067,91.06,97.95,-0.779,0.86,52,0.071,21.56,400,9,9.1,0,0
m_01294,takeaway,382,366,0.958782597,538,6.89,0.666,3708.37,0.0899,0.1065,0.6405,94.76,95.15,1.057,1.255,65,0.104,31.9,1500,6,7.8,0,1
m_01295,kiosk,220,101,0.460519722,261,28.07,0.4,7326.15,0.0824,0.0302,0.8835,99.35,100,-1.98,-2.809,38,0.395,35.48,2200,12,14.4,0,0
m_01296,kiosk,127,69,0.544394946,174,16.32,0.05,2838.98,0.0818,0.0525,0.9512,98.62,91.02,-1.706,-2.925,25,0.549,31.74,900,24,4.3,0,0
m_01297,kiosk,280,135,0.482802115,237,14.93,0.139,3538.16,0.1247,0.1201,0.866,96.19,94.84,-1.092,1.772,39,0.092,26.92,1300,12,5.3,1,1
m_01298,grocer,226,121,0.53590597,334,10.92,0.312,3648.74,0.062,0.0394,0.95,99.82,92.21,-1.062,1.038,55,0.375,20.23,800,12,3,1,1
m_01299,grocer,40,23,0.579250737,37,13.66,0.229,505.38,0.0681,0.0656,0.9004,97.78,91.52,1.19,2.993,25,0.52,25.92,200,18,7.9,0,0
m_01300,takeaway,311,194,0.624726329,524,18.5,0.366,9691.88,0.0821,0.1058,0.8583,97.21,91.65,-0.833,3.987,30,0.442,40.97,2400,9,10.6,0,1
m_01301,grocer,178,97,0.547167378,84,11.76,0.306,988.21,0.1473,0.0347,0.8369,98.8,93.35,2.447,-0.301,24,0.062,49.94,500,24,6.1,0,0
m_01302,cafe_bakery,288,228,0.793544179,356,20.75,0.525,7387.49,0.0255,0.03,0.6775,98.22,96.76,-1.565,-0.405,34,0.176,10.58,1400,18,17,0,0
m_01303,takeaway,361,265,0.734677051,710,14.97,0.186,10628.43,0.1537,0.0479,0.6975,100,94.6,0.547,-2.413,50,0.229,28.19,3700,24,10.2,0,0
m_01304,takeaway,255,118,0.463577935,328,13.96,0.319,4577.63,0.1203,0.1206,0.9205,96.17,97.04,-0.06,1.336,40,0.222,10.19,2100,6,7.9,0,1
m_01305,kiosk,278,148,0.532777621,364,23.06,0.383,8393.68,0.0377,0.1011,0.8178,96.27,96.88,0.005,-3.817,25,0.295,20.72,1600,12,12.4,0,1
m_01306,cafe_bakery,124,61,0.496503415,138,19.56,0.401,2698.69,0.0229,0.0743,0.8072,97.59,86.65,-3.693,-1.641,51,0.368,30.37,1000,6,3,0,0
m_01307,cafe_bakery,117,114,0.980069062,295,2.82,0.372,832.85,0.0707,0.0556,0.8905,97.06,96.62,-1.646,0.917,20,0.386,16.12,200,18,19,0,0
m_01308,grocer,183,122,0.668910292,287,21.28,0.05,6106.7,0.108,0.0495,0.8189,100,93,-0.251,-1.018,79,0.151,23.51,1400,6,6.3,0,0
m_01309,takeaway,345,239,0.692843199,324,18.91,0.362,6126.71,0.0799,0.0474,0.69,98.57,89.43,-2.954,0.205,71,0.107,21.98,1200,24,3.2,0,0
m_01310,grocer,223,68,0.307083056,124,30.44,0.327,3774.33,0.0323,0.0382,0.6915,94.83,96.91,-4.385,-0.114,82,0.38,29.93,1100,12,14.3,0,1
m_01311,kiosk,158,93,0.593235885,209,19.36,0.48,4046.75,0.1011,0.0384,0.8212,92.53,96.25,-1.852,-1.924,25,0.274,23.78,1000,6,5.6,0,0
m_01312,kiosk,318,279,0.879116569,583,13.18,0.458,7684.26,0.1342,0.0375,0.6786,100,96.59,0.506,-3.832,20,0.267,39.71,3600,24,7.7,0,0
m_01313,cafe_bakery,345,187,0.543632735,513,10.65,0.386,5465.15,0.0135,0.0476,0.7271,95.87,98.77,0.716,1.7,61,0.066,27.35,2700,6,6.7,0,0
m_01314,grocer,363,295,0.814485178,543,4.84,0.397,2629.67,0.0561,0.0587,0.7407,97.99,93.27,-1.835,-0.056,69,0.602,19.22,700,12,6.2,1,1
m_01315,cafe_bakery,140,87,0.624205696,103,16.17,0.553,1665.94,0.0738,0.0216,0.8601,96.94,92.03,-0.302,0.979,43,0.123,12.26,700,12,4.2,1,1
m_01316,takeaway,292,203,0.697565243,258,9.51,0.523,2452.56,0.039,0.1699,0.8382,99.42,95.84,0.636,0.183,83,0.099,19.36,1000,6,1.3,1,1
m_01317,cafe_bakery,248,196,0.794191731,521,33.06,0.391,17222.56,0.083,0.0333,0.5648,95.34,94.15,1.988,0.147,20,0.254,25.91,4600,18,4.4,0,0
m_01318,cafe_bakery,196,126,0.647807069,103,16.6,0.672,1709.95,0.2424,0.0086,0.7102,97.36,100,1.929,0.627,61,0.046,32.93,400,18,20.8,0,1
m_01319,kiosk,176,106,0.603532606,287,7.77,0.256,2231.24,0.2476,0.0543,0.8638,95.36,95.36,1.367,-0.085,45,0.298,35.05,900,9,3.5,1,1
m_01320,cafe_bakery,72,58,0.818858762,53,3.87,0.172,205.26,0.1311,0.0794,0.9357,100,95.87,-0.809,-0.377,18,0.288,37.04,100,6,2.7,0,0
m_01321,grocer,131,116,0.885764469,192,5.05,0.348,970.24,0.0833,0.0178,0.9149,94.74,92.34,-0.074,-1.71,65,0.159,33.5,100,12,14.7,0,0
m_01322,cafe_bakery,233,197,0.847214849,504,20.25,0.294,10205.69,0.1697,0.0297,0.6572,98.68,91.67,0.107,5.265,17,0.413,37.59,2700,12,13.1,0,0
m_01323,grocer,358,208,0.581324736,352,35.21,0.05,12393.89,0.0988,0.0588,0.8807,100,89.13,-0.325,2.314,53,0.138,24.49,4800,24,25.3,0,0
m_01324,cafe_bakery,350,250,0.715706861,652,22.75,0.252,14830.86,0.0843,0.0246,0.9216,100,94.44,-2.065,3.282,65,0.348,26.07,3700,6,6.5,0,0
m_01325,cafe_bakery,99,56,0.566378365,57,15.17,0.402,864.68,0.009,0.0267,0.6254,96.94,94.91,2.162,2.838,13,0.169,21.85,200,6,7.7,0,0
m_01326,takeaway,281,241,0.859460476,464,46.29,0.341,21480.66,0.1282,0.025,0.8859,97.5,100,0.649,-0.258,64,0.32,19.9,4500,6,7.2,0,0
m_01327,grocer,61,39,0.653511668,81,25.64,0.234,2076.66,0.0389,0.0128,0.4884,94.56,94.7,1.305,-0.063,34,0.389,41.61,500,9,0.4,0,0
m_01328,takeaway,279,212,0.761455388,585,19.47,0.356,11389.04,0.1704,0.0197,0.8757,100,94.07,0.991,0.306,31,0.208,26.06,4600,9,9.1,0,0
m_01329,cafe_bakery,156,91,0.586310758,91,12.95,0.368,1178.76,0.0422,0.0183,0.677,96.32,96.62,-0.65,-0.428,28,0.329,16.54,500,24,17.4,0,0
m_01330,grocer,196,119,0.607680898,183,36.24,0.457,6632.15,0.0593,0.0399,0.7373,96.78,95.23,-2.249,2.056,88,0.209,19.33,3000,6,8.5,0,0
m_01331,grocer,295,121,0.412707763,272,13.75,0.254,3739.46,0.0301,0.0419,0.7929,94.37,99.46,1.126,-1.327,46,0.241,48.9,1200,9,11,0,0
m_01332,cafe_bakery,187,146,0.784753035,431,9.48,0.481,4087.39,0.0315,0.1049,0.8679,96.06,100,1.03,-1.834,25,0.152,30.43,1300,18,20.6,0,0
m_01333,grocer,328,134,0.408629076,357,15.57,0.186,5558.4,0.0806,0.0539,0.8496,97.2,95.46,0.435,-2.293,78,0.413,32.57,1800,18,20.9,0,0
m_01334,cafe_bakery,227,170,0.753221856,452,17.51,0.274,7913.57,0.1765,0.1093,0.9314,100,91.72,3.229,-0.348,69,0.28,22.58,2000,18,10.3,1,1
m_01335,cafe_bakery,399,331,0.829644878,641,26.92,0.605,17256.61,0.0155,0.0116,0.8353,97.8,95.02,-0.849,-0.644,43,0.324,5.65,8400,6,7.3,0,0
m_01336,kiosk,266,208,0.78286956,424,9.34,0.196,3958.06,0.0806,0.0271,0.7213,100,96.44,-0.472,-0.938,45,0.216,15.23,700,24,17.7,1,1
m_01337,grocer,139,122,0.881782456,328,10.51,0.251,3448.83,0.1031,0.0045,0.8144,90.15,90.2,0.31,0.467,13,0.359,21.37,1400,6,2.3,0,0
m_01338,grocer,316,276,0.873623485,748,10.89,0.162,8142.17,0.0617,0.0438,0.8221,100,94.43,-0.746,-2.032,29,0.452,21.65,2600,24,24,0,1
m_01339,cafe_bakery,180,74,0.412436562,189,15.07,0.226,2847.59,0.1148,0.0882,0.8396,92.98,89.6,-0.352,1.785,22,0.204,27.79,1300,9,2.6,1,1
m_01340,cafe_bakery,227,159,0.702649432,413,7.89,0.371,3258.56,0.1199,0.119,0.7862,99.31,97.26,1.549,-1.894,38,0.208,36.23,500,18,2.3,0,0
m_01341,kiosk,80,68,0.853051935,185,32.83,0.456,6073.44,0.0431,0.078,0.8296,87.68,91.16,-0.971,-2.045,30,0.211,28.11,2400,12,8.5,1,1
m_01342,cafe_bakery,74,48,0.650830025,50,5.1,0.347,254.76,0.0206,0.1119,0.6503,97.2,94.3,-0.869,-0.987,35,0.271,32.09,100,6,7.1,0,1
m_01343,cafe_bakery,242,146,0.603375212,210,36.84,0.301,7735.51,0.0821,0.0087,0.9663,99.84,94.98,0.866,0.024,42,0.204,36.97,1200,18,19.6,0,0
m_01344,takeaway,99,69,0.702074888,203,25.39,0.164,5154.83,0.1691,0.0066,0.9631,94.48,90.45,-1.98,2.021,13,0.356,42.3,1500,24,27,0,0
m_01345,grocer,399,260,0.651763896,519,8.95,0.241,4645.23,0.0167,0.0529,0.9593,97.11,95.78,-0.123,0.151,24,0.085,18.54,1400,9,11.5,0,0
m_01346,kiosk,346,210,0.607511378,249,14.32,0.118,3565.34,0.0361,0.0688,0.8608,99.78,91.28,-0.202,-2.909,54,0.18,31.94,1400,24,3.5,0,0
m_01347,kiosk,289,110,0.383540806,209,9.94,0.46,2076.82,0.0754,0.0185,0.6093,99.2,100,0.94,1.275,30,0.244,32.4,800,12,7.9,0,0
m_01348,grocer,301,276,0.91826213,612,25.65,0.471,15696.34,0.0847,0.0085,0.9234,92.32,100,1.205,1.237,50,0.207,30.4,6300,24,21,0,0
m_01349,cafe_bakery,250,168,0.674733031,440,34.67,0.344,15255.93,0.024,0.0614,0.7767,100,100,-0.24,-0.861,76,0.012,23.74,6200,24,23.9,0,0
m_01350,takeaway,52,36,0.707279353,93,69.87,0.416,6497.61,0.1466,0.0335,0.8214,100,96.22,-0.129,0.642,57,0.309,17.99,2200,9,5.5,0,0
m_01351,grocer,175,94,0.537498221,85,21.9,0.481,1861.65,0.0355,0.008,0.9299,100,96.99,-0.053,3.169,17,0.269,26.09,700,6,1.2,0,0
m_01352,cafe_bakery,213,155,0.730254113,278,5.2,0.365,1446.54,0.0179,0.0118,0.699,93.31,94.93,-0.462,-1.428,10,0.544,30.16,500,6,6.8,0,0
m_01353,cafe_bakery,368,254,0.690374654,214,8.48,0.559,1815.72,0.0371,0.1024,0.9004,93.74,97.79,1.938,2.221,39,0.077,38.39,600,6,7.8,0,0
m_01354,kiosk,111,18,0.168140306,49,21.26,0.196,1041.87,0.0694,0.017,0.8931,97.23,100,0.753,2.831,25,0.054,26.25,500,6,7.3,0,1
m_01355,grocer,213,139,0.653592013,164,14.71,0.298,2411.68,0.11,0.0297,0.9366,98.76,91.72,1.899,0.652,38,0.142,15.96,400,12,12.4,0,0
m_01356,kiosk,157,122,0.779452337,265,25.19,0.28,6675.01,0.1701,0.0335,0.8455,99.61,97.4,-1.315,-2.158,25,0.376,17.67,3200,18,1.7,0,0
m_01357,grocer,79,65,0.829024655,133,19.68,0.447,2616.99,0.1657,0.0501,0.8282,94.62,88.79,1.877,2.914,17,0.273,15.76,1200,24,26.3,0,0
m_01358,takeaway,68,55,0.821175447,119,9.04,0.135,1075.85,0.1006,0.0728,0.8809,96.78,93.99,0.179,2.132,62,0.126,26.76,400,6,6.9,0,0
m_01359,cafe_bakery,165,87,0.530631733,177,13.28,0.567,2349.71,0.093,0.0538,0.9113,94.55,95.39,1.026,1.397,40,0.229,13.91,1000,24,9.3,0,0
m_01360,cafe_bakery,60,37,0.632254446,87,25.9,0.434,2252.93,0.0996,0.0251,0.7147,93.98,96.91,-2.864,0.195,28,0.033,19.81,400,18,8.9,0,0
m_01361,takeaway,54,30,0.565492225,65,20.34,0.613,1322.4,0.0841,0.0605,0.957,98.22,98.35,2.44,2.615,38,0.2,43.75,500,9,10.5,0,0
m_01362,grocer,159,97,0.615102219,96,25.35,0.344,2433.89,0.0534,0.101,0.7212,96.78,100,0.661,-1.4,106,0.212,25.93,700,6,8.5,0,0
m_01363,grocer,104,73,0.710195061,117,6.54,0.267,765.44,0.008,0.0177,0.8161,98.37,90.04,2.796,2.014,8,0.215,28.46,300,6,8.4,0,0
m_01364,kiosk,235,193,0.821968265,386,9.47,0.449,3656.61,0.2005,0.0201,0.7035,95.28,99.12,1.668,-0.343,33,0.081,14.62,1000,6,6.6,0,0
m_01365,grocer,36,28,0.79952154,42,31.48,0.505,1322.1,0.0435,0.0036,0.8529,99.01,100,-3.071,-3.053,30,0.472,27.18,500,12,12.8,0,0
m_01366,cafe_bakery,141,119,0.845153806,294,6.73,0.243,1979.44,0.107,0.0329,0.8305,93.62,94.15,2.282,-1.709,31,0.151,11.08,700,24,14.3,0,0
m_01367,cafe_bakery,197,154,0.786093772,230,24.48,0.05,5630.95,0.0731,0.0262,0.9525,95.63,93.65,0.28,1.108,71,0.662,29.05,1000,24,22.2,0,0
m_01368,kiosk,386,262,0.68020581,687,6.18,0.076,4246.05,0.0736,0.0047,0.7182,93.68,96.48,0.963,0.744,26,0.084,15.17,1700,6,8.2,0,1
m_01369,takeaway,264,197,0.747475763,221,17.34,0.389,3832.83,0.0619,0.0278,0.852,97.85,95.4,0.813,1.187,11,0.587,40.88,1000,18,19.7,0,0
m_01370,kiosk,355,213,0.601742844,530,12.07,0.581,6396.23,0.0781,0.0921,0.6565,100,95.13,-0.148,-0.434,35,0.109,46.99,2700,24,24.2,0,0
m_01371,kiosk,157,141,0.903948177,169,8.95,0.155,1513.28,0.1952,0.1322,0.8899,98.11,100,-0.607,0.722,50,0.096,21.18,600,24,5.1,0,0
m_01372,grocer,196,137,0.703409872,268,18.19,0.309,4875.18,0.0803,0.1089,0.7643,96.69,100,1.058,1.551,29,0.192,12.01,2300,9,9.1,0,0
m_01373,grocer,185,148,0.804928585,222,30.6,0.298,6793.23,0.1116,0.13,0.897,96.41,94.7,-1.248,5.02,75,0.506,23.15,2800,9,10.2,0,0
m_01374,cafe_bakery,358,303,0.846452737,667,10.36,0.638,6908.47,0.0247,0.0207,0.445,95.26,100,0.042,-0.484,34,0.274,11.15,1500,9,10.4,0,0
m_01375,cafe_bakery,384,309,0.806670067,391,3.25,0.689,1271,0.2358,0.0427,0.909,100,94.58,2.103,2.349,52,0.26,24.18,300,9,11.3,0,0
m_01376,cafe_bakery,386,195,0.50708493,497,14.97,0.414,7439.82,0.1166,0.1946,0.5847,98.24,99.03,-1.829,1.593,80,0.145,18.81,3500,6,7.4,0,1
m_01377,grocer,308,195,0.634718563,402,8.89,0.485,3574.86,0.1152,0.0566,0.6917,91.98,91.82,-0.298,0.545,28,0.118,39.11,800,6,8.9,0,0
m_01378,kiosk,216,146,0.678654077,424,26.21,0.481,11111.79,0.0824,0.0286,0.9106,100,92.47,1.752,-2.303,49,0.294,6.93,3800,18,1.8,1,1
m_01379,kiosk,230,103,0.450872025,243,12.05,0.158,2927.05,0.3419,0.1923,0.8553,94.39,94.7,-1.227,3.08,38,0.361,14.57,1100,12,7.5,1,1
m_01380,takeaway,392,233,0.595442582,497,10.61,0.455,5274.9,0.1202,0.0272,0.6518,95.03,99.33,-2.862,0.798,56,0.185,36.43,1000,6,8.1,0,0
m_01381,kiosk,135,105,0.778555472,275,12.91,0.197,3550.09,0.0536,0.1319,0.9492,98.21,96.83,-2.973,-0.882,38,0.12,21.68,700,12,11.4,0,0
m_01382,grocer,158,118,0.747536125,151,30.59,0.324,4619.26,0.0362,0.0858,0.689,95.21,89.42,-0.705,-1.469,31,0.201,42.95,1700,18,19.3,0,0
m_01383,takeaway,361,152,0.423462687,333,20.95,0.521,6976.34,0.0101,0.1029,0.7161,100,90.67,2.526,0.822,61,0.225,28.14,2400,9,2.5,0,0
m_01384,grocer,172,108,0.630862452,179,8.01,0.362,1434.68,0.1398,0.0278,0.9571,96.28,89.09,-1.144,-1.576,36,0.284,30.05,200,24,2.6,0,0
m_01385,takeaway,116,94,0.817079993,229,6.53,0.515,1496.44,0.0522,0.0415,0.742,98.9,97.27,-0.432,-0.837,57,0.105,30.97,600,6,6.5,0,0
m_01386,takeaway,237,112,0.473205989,95,36.54,0.545,3471.36,0.1314,0.0181,0.672,92.37,96.59,0.08,-0.883,71,0.358,31.83,600,18,1.5,0,0
m_01387,takeaway,150,97,0.652958607,168,10.45,0.086,1754.88,0.1902,0.0479,0.9619,95.15,96.51,1.659,0.392,59,0.211,25.78,700,18,20,0,0
m_01388,grocer,359,282,0.788041704,629,31.12,0.05,19573.59,0.0664,0.0303,0.6395,96.61,96.47,1.286,1.501,18,0.16,26.24,4200,9,10.8,0,0
m_01389,takeaway,366,243,0.664193362,440,14.59,0.524,6420.86,0.0214,0.0181,0.7293,99.99,92.96,-0.23,-0.335,31,0.095,40.06,2100,12,12.5,0,1
m_01390,cafe_bakery,143,95,0.667803505,125,9.57,0.53,1196.73,0.2662,0.0205,0.7089,93.77,96.67,0.899,-0.125,35,0.77,20.47,400,24,25.4,0,1
m_01391,takeaway,225,174,0.773646155,316,10.08,0.388,3183.75,0.0772,0.0403,0.9029,100,100,1.591,0.517,53,0.548,29.6,800,18,20.3,0,0
m_01392,kiosk,394,340,0.863863653,907,15.03,0.409,13629.89,0.1786,0.0273,0.8797,97.38,98.27,-2.468,-1.197,39,0.248,23.84,3800,12,14.3,0,0
m_01393,kiosk,304,218,0.719466623,273,3.13,0.484,853.26,0.0571,0.1042,0.9341,97.98,91.32,-0.565,-0.874,70,0.273,34.34,300,6,7.2,0,0
m_01394,cafe_bakery,109,59,0.55027345,94,9.79,0.481,920,0.0307,0.1111,0.9888,94.76,94.66,-1.801,-0.635,27,0.177,40.72,400,12,14.3,0,1
m_01395,grocer,248,144,0.580954613,428,44.14,0.304,18891.75,0.1303,0.0406,0.8621,94.1,93.48,-1.09,0.876,60,0.012,22.67,7000,6,8.1,0,0
m_01396,cafe_bakery,259,131,0.506494608,367,51.6,0.493,18937.85,0.0931,0.0304,0.7953,90.47,99.52,0.975,3.518,45,0.093,18.09,4900,6,8.6,0,0
m_01397,takeaway,271,156,0.579075675,136,10.47,0.298,1424.4,0.1152,0.0614,0.71,97.9,91.77,-1.8,-2.191,31,0.422,20.43,400,6,1,1,1
m_01398,takeaway,39,32,0.830331084,62,23.73,0.387,1471.51,0.0452,0.1406,0.9313,98.88,96.72,3.464,0.778,45,0.023,37.15,500,9,10.3,0,0
m_01399,kiosk,140,107,0.769332337,100,20.61,0.38,2060.95,0.0357,0.0712,0.9622,95.91,94.62,0.989,-0.159,95,0.337,30.45,700,18,8.5,1,1
m_01400,kiosk,346,179,0.518661612,507,7.21,0.221,3653.28,0.2288,0.0246,0.9817,92.25,92.88,-0.877,-0.04,43,0.48,27.2,1800,9,11.7,0,0
m_01401,cafe_bakery,119,96,0.807187475,170,23.97,0.239,4074.95,0.2027,0.0276,0.8851,95.33,96.83,-0.197,-0.676,36,0.091,26.04,1400,6,7.6,0,0
m_01402,grocer,140,110,0.78702916,189,12.72,0.685,2404.47,0.0731,0.2091,0.8382,98.12,95.11,-1.932,2.582,49,0.345,20.88,600,12,7.4,1,1
m_01403,kiosk,149,80,0.541605851,112,16.91,0.216,1893.96,0.0183,0.0257,0.8771,97.55,98.97,-2.212,-4.552,40,0.207,36.56,900,18,18.6,0,0
m_01404,kiosk,95,56,0.598165174,114,26.79,0.405,3054.35,0.0328,0.0161,0.7292,99.02,94.05,-0.578,-1.971,30,0.601,29.72,1500,18,8.6,1,1
m_01405,kiosk,87,48,0.555952537,53,13.27,0.437,703.53,0.0382,0.1368,0.7807,92.15,91.27,1.963,2.48,33,0.075,45.79,200,12,8.3,0,0
m_01406,kiosk,158,149,0.945950443,381,13.18,0.342,5021.68,0.1532,0.0248,0.9441,95.78,95.17,-2.11,2.63,5,0.376,27.67,1900,18,19.4,0,0
m_01407,kiosk,353,218,0.619135465,409,22.45,0.451,9182.52,0.0671,0.0531,0.52,96.7,97,1.85,3.82,89,0.354,30.57,1400,24,3.8,0,0
m_01408,takeaway,30,19,0.6476767,38,31.65,0.399,1202.73,0.0718,0.0926,0.6911,98.9,98.44,-0.279,0.913,61,0.076,23.34,600,24,8.7,1,1
m_01409,takeaway,134,125,0.935920404,331,21.71,0.219,7185.44,0.0531,0.0185,0.8948,95.19,95.25,0.358,1.264,13,0.56,21.52,3300,12,13.3,0,0
m_01410,kiosk,52,30,0.594843437,36,13.59,0.431,489.26,0.0327,0.0305,0.7087,98.6,99.37,0.11,-3.426,25,0.155,27.29,100,12,14,0,0
m_01411,cafe_bakery,237,221,0.93409858,261,29.73,0.268,7760.7,0.1684,0.0185,0.7535,94.15,90.63,1.162,0.306,31,0.116,39.91,1200,18,18.6,0,0
m_01412,cafe_bakery,122,73,0.601281489,125,20.11,0.611,2513.84,0.2136,0.0152,0.848,97.65,99.92,1.647,1.419,47,0.03,23.29,500,24,6,0,0
m_01413,grocer,323,213,0.661039693,538,35.56,0.414,19131.78,0.1625,0.0223,0.8115,96.12,98.28,-0.322,-0.676,50,0.152,23.12,8900,12,9.7,0,0
m_01414,grocer,246,186,0.756480353,172,41.01,0.245,7053.45,0.0972,0.01,0.8143,95.95,94.23,0.765,0.116,35,0.178,13.7,2400,24,18.3,0,0
m_01415,kiosk,320,281,0.880842975,716,21.5,0.401,15391.93,0.1156,0.1297,0.817,100,100,1.951,2.764,27,0.243,52.76,4900,12,13.7,0,0
m_01416,cafe_bakery,264,121,0.459602726,230,34.12,0.211,7848.37,0.0208,0.0639,0.7807,96,97.24,1.221,3.214,17,0.308,22.02,3200,9,0.9,1,1
m_01417,kiosk,192,119,0.62498898,242,34.71,0.389,8399.83,0.0563,0.0556,0.8379,95.73,100,-0.62,0.801,49,0.259,13.68,2800,9,7.4,0,0
m_01418,grocer,348,136,0.392348521,277,15.54,0.316,4305.56,0.0414,0.0592,0.8292,92.73,92.89,-0.293,0.198,24,0.272,29.75,1800,6,2.6,0,0
m_01419,grocer,206,127,0.620439261,117,34.7,0.226,4060.4,0.0871,0.1415,0.815,99.97,93.27,-1.48,1.758,49,0.071,30.45,1800,9,3.5,0,0
m_01420,takeaway,381,230,0.605502626,310,17.39,0.224,5391.79,0.0753,0.0048,0.9021,95.37,98.2,2.727,-0.439,70,0.067,35.87,1300,6,6.4,0,0
m_01421,takeaway,398,283,0.711369419,696,25.33,0.715,17626.9,0.1082,0.0062,0.8187,96.9,96.27,0.46,2.388,41,0.154,29.88,5900,24,14.2,0,0
m_01422,cafe_bakery,247,191,0.776855731,326,16.35,0.364,5328.61,0.063,0.0655,0.803,94.47,90.24,-2.105,-0.75,21,0.031,10.43,1700,6,1.4,0,0
m_01423,kiosk,279,181,0.649042233,367,5.74,0.285,2106.98,0.0138,0.0335,0.8136,98.25,100,-1.26,1.8,7,0.183,20.38,800,24,24,0,0
m_01424,cafe_bakery,124,101,0.817451231,290,47.75,0.259,13847.7,0.0686,0.0611,0.9893,99.8,100,-0.23,0.261,16,0.166,38.63,4100,24,22.2,0,0
m_01425,cafe_bakery,331,200,0.605744367,180,24.74,0.421,4452.9,0.03,0.0351,0.9478,100,96.77,2.013,-0.938,66,0.274,37.26,1300,9,10.2,0,0
m_01426,cafe_bakery,278,94,0.338581369,168,26.03,0.254,4372.6,0.0728,0.0718,0.8593,96.65,93.25,-0.287,1.018,100,0.287,32.25,2000,9,4.5,0,0
m_01427,grocer,363,205,0.565220755,326,18.44,0.186,6010.27,0.1239,0.0581,0.9106,95.22,93.34,0.906,-0.485,18,0.182,42.71,2600,12,13.9,0,0
m_01428,kiosk,128,81,0.640548633,83,34.56,0.345,2868.58,0.0678,0.0474,0.797,95.02,97.55,-1.072,2.289,44,0.297,25.63,1400,6,8.7,0,0
m_01429,cafe_bakery,321,179,0.558448114,517,15.32,0.344,7922.32,0.1004,0.0067,0.857,97.05,100,0.967,-1.689,54,0.204,39.56,1500,9,6.4,0,0
m_01430,grocer,204,130,0.640683589,378,15.96,0.287,6034.64,0.0479,0.0845,0.3193,97.76,100,1.952,0.749,62,0.2,23.61,1800,12,12.6,0,1
m_01431,grocer,98,57,0.581663317,84,8.08,0.216,679.14,0.0188,0.0532,0.6006,98.63,94.79,1.185,-1.164,125,0.227,45.32,300,9,9.6,0,0
m_01432,cafe_bakery,93,79,0.85098613,227,19.6,0.291,4449.76,0.0559,0.0304,0.4966,94.46,94.58,-3.685,2.702,10,0.045,22.87,1800,12,12.2,0,0
m_01433,cafe_bakery,238,156,0.655952783,136,33.55,0.28,4563.47,0.0301,0.057,0.8501,97.4,95.34,-0.229,1.729,24,0.246,16.32,1400,12,6.8,1,1
m_01434,takeaway,148,107,0.723463145,316,15.44,0.259,4879.95,0.0413,0.0144,0.9663,93.94,97.63,-1.587,0.21,21,0.314,15.92,1400,9,10,0,0
m_01435,grocer,67,54,0.813808783,142,7.32,0.391,1039.08,0.033,0.0271,0.8523,96.61,92.58,1.007,0.269,75,0.375,41.87,400,6,7.5,0,0
m_01436,grocer,188,84,0.448635939,106,29.58,0.684,3135.11,0.1307,0.061,0.978,100,90.55,0.105,3.669,54,0.35,42.99,1300,6,6.8,0,0
m_01437,grocer,271,178,0.66002713,377,22.58,0.55,8511.66,0.1563,0.0881,0.9774,96.32,95.07,2.568,1.818,71,0.199,18.6,3600,18,20.9,0,0
m_01438,kiosk,148,100,0.677413629,255,44.55,0.641,11361.07,0.1997,0.1678,0.6306,94.35,97.24,-0.499,-1.212,21,0.314,21.18,2300,9,9.4,0,0
m_01439,kiosk,383,246,0.643555799,369,10.09,0.265,3722.3,0.0365,0.081,0.8955,98.05,100,0.109,2.169,81,0.535,4.01,1100,6,2.4,0,0
m_01440,takeaway,318,246,0.776250623,388,24.79,0.601,9619.55,0.0386,0.026,0.9222,99.68,91.68,-0.185,-0.825,48,0.244,15.58,3600,18,10.3,0,0
m_01441,takeaway,219,89,0.40899297,194,7.09,0.384,1375.53,0.1254,0.0342,0.7018,94.69,100,1.078,0.606,24,0.155,25.21,600,6,6.1,0,1
m_01442,kiosk,375,206,0.550477405,231,16.63,0.498,3841.63,0.1087,0.0618,0.7718,92.93,95.59,-1.457,-3.896,44,0.159,25.13,700,24,2.8,0,0
m_01443,kiosk,190,139,0.731928822,147,18.63,0.419,2737.96,0.0825,0.0251,0.8744,94.56,95.02,-1.5,1.93,49,0.13,6.96,1000,9,8.2,0,0
m_01444,kiosk,81,39,0.488766807,52,5.27,0.299,274.07,0.0721,0.0427,0.5074,95.68,89.79,-0.845,-1.039,45,0.035,13.26,100,12,3.7,1,1
m_01445,takeaway,43,35,0.825735759,85,32.15,0.458,2732.67,0.15,0.0063,0.8809,100,97.57,0.877,-0.115,65,0.158,46.5,800,24,26.7,0,0
m_01446,cafe_bakery,377,316,0.839193551,507,27.18,0.423,13782.49,0.0559,0.0068,0.8031,92.79,97.1,1.559,-2.486,42,0.291,39.44,3200,18,18.2,0,0
m_01447,takeaway,385,241,0.626754262,461,22.58,0.085,10407.69,0.0836,0.0439,0.7928,91.92,100,-0.14,0.661,33,0.362,29.33,1900,6,8,0,0
m_01448,takeaway,303,211,0.698520752,259,7.43,0.331,1924.73,0.049,0.0187,0.7085,97.82,94.97,0.887,0.441,23,0.132,29.63,400,12,13.2,0,1
m_01449,grocer,68,42,0.619622889,51,10.76,0.481,548.64,0.0435,0.0473,0.8588,94.86,100,0.762,-2.249,52,0.303,28.03,200,12,14.7,0,0
m_01450,kiosk,138,86,0.6289595,191,29.04,0.392,5546.21,0.1487,0.0361,0.8934,94.03,94.78,-0.086,0.365,51,0.175,26.74,1800,18,0.7,0,0
m_01451,kiosk,45,20,0.453109089,20,16.53,0.42,330.58,0.1027,0.0519,0.8706,98.95,94.63,-0.122,-0.23,27,0.14,28.13,200,12,6.7,0,0
m_01452,grocer,48,34,0.721907245,77,14.53,0.237,1118.65,0.0476,0.0283,0.6913,97.27,89.28,1.144,2.748,43,0.093,12.29,300,9,10.4,0,0
m_01453,takeaway,121,109,0.907169803,183,34.1,0.388,6240.82,0.1047,0.0467,0.5712,100,100,2.873,-1.117,30,0.298,25.42,1100,18,18.8,0,0
m_01454,cafe_bakery,241,160,0.666632858,364,18.21,0.336,6629.43,0.0958,0.0966,0.8991,99.2,96.55,1.482,1.258,27,0.194,7.77,1900,9,10.8,0,1
m_01455,kiosk,54,37,0.698639676,60,7.89,0.319,473.69,0.0468,0.0685,0.8174,93.38,95.98,1.804,-2.641,84,0.287,25.92,200,12,12.7,0,0
m_01456,grocer,394,280,0.711863113,745,28.83,0.248,21477.39,0.0479,0.0141,0.8582,91.96,94.84,3.059,0.46,27,0.16,32.18,4000,18,3.5,0,0
m_01457,cafe_bakery,198,150,0.75988874,138,7.18,0.487,991.24,0.0152,0.0258,0.9095,100,96.94,-1.047,1.015,84,0.356,22.34,200,12,14.7,0,0
m_01458,grocer,127,103,0.814983413,284,16.62,0.402,4719.1,0.055,0.0427,0.3788,96.63,93.16,1.052,1.115,50,0.264,30.51,1900,6,6,0,1
m_01459,grocer,220,140,0.638852158,194,19.79,0.387,3838.92,0.034,0.0162,0.7806,100,97.8,2.184,0.062,53,0.105,26.93,700,24,26.8,0,1
m_01460,cafe_bakery,322,204,0.636438839,182,25.35,0.658,4613.68,0.1212,0.0868,0.7254,99.9,92.18,1.409,3.764,24,0.016,32.43,1300,9,11.9,0,0
m_01461,grocer,145,114,0.790183076,232,6.03,0.421,1399.05,0.0638,0.0241,0.7776,100,95.46,-0.899,-0.421,74,0.185,31.54,400,9,9.6,0,0
m_01462,kiosk,47,23,0.502894908,29,2.69,0.53,77.92,0.2111,0.1011,0.7892,94.17,97.99,-1.195,1.263,22,0.254,19.45,0,6,7.8,0,0
m_01463,takeaway,48,30,0.630321501,54,2.78,0.391,150.3,0.1722,0.0521,0.8613,96.75,100,2.45,-0.33,44,0.163,13.73,100,6,6.8,0,0
m_01464,takeaway,345,185,0.538435877,474,36.58,0.297,17339.16,0.0568,0.0695,0.9215,99.43,96.84,0.624,-1.376,104,0.212,14.47,6400,6,6.7,0,0
m_01465,takeaway,71,60,0.850449674,152,5.28,0.191,803.27,0.1444,0.0046,0.6385,96.75,100,0.458,-2.075,38,0.155,18.82,200,6,7.2,0,0
m_01466,grocer,265,180,0.679532373,381,42,0.386,16003.11,0.1282,0.1156,0.8479,97.17,95.95,0.029,-1.529,29,0.113,36.05,4500,6,1.1,0,0
m_01467,cafe_bakery,172,111,0.646956723,327,30.65,0.05,10020.99,0.0751,0.0594,0.7467,97.73,92.26,2.265,1.509,31,0.174,35.22,3800,18,19.4,0,0
m_01468,cafe_bakery,317,202,0.637504987,367,8.89,0.391,3263.35,0.1332,0.1332,0.4676,94.83,100,1.461,2.954,30,0.336,23.25,1400,6,6.3,0,1
m_01469,grocer,52,32,0.616904476,28,3.57,0.397,100.05,0.0382,0.0043,0.9592,94.35,95.54,-0.279,1.503,26,0.038,25.04,0,6,7.2,0,0
m_01470,grocer,362,160,0.443371303,416,17.41,0.317,7241.59,0.0502,0.043,0.6649,96.45,99.79,1.367,-0.37,62,0.214,14.63,2500,9,7.8,1,1
m_01471,takeaway,288,200,0.697791661,257,11.89,0.336,3055.93,0.0356,0.005,0.8306,95.76,93.52,0.267,-0.957,51,0.246,15.27,800,24,21.7,0,0
m_01472,grocer,196,137,0.701917589,162,34.43,0.162,5577.73,0.0281,0.0701,0.6142,94.37,98.08,1.308,0.628,37,0.103,32.13,900,6,4.3,0,0
m_01473,kiosk,106,46,0.442327109,43,19.67,0.558,845.68,0.0281,0.087,0.8091,96.62,97.38,2.034,-1.783,43,0.257,23.67,200,18,0.5,1,1
m_01474,kiosk,391,324,0.828849301,492,16.74,0.299,8233.9,0.0409,0.0211,0.6856,93.08,96,1.855,2.068,15,0.312,24.63,2700,9,9.8,0,0
m_01475,grocer,141,69,0.491501077,104,14.58,0.204,1516.14,0.0428,0.1227,0.9847,99.29,100,-2.589,1.039,12,0.138,34.65,400,18,4.1,0,0
m_01476,grocer,211,143,0.681810939,209,25.31,0.432,5289.77,0.0322,0.0139,0.8629,98.77,97.72,0.77,-1.636,46,0.351,32.4,1000,24,6.5,0,0
m_01477,kiosk,175,127,0.731135863,267,15.79,0.367,4216.25,0.0091,0.0116,0.6806,99.05,94.52,2.217,3.283,25,0.053,25.68,2000,18,3.5,0,0
m_01478,grocer,115,83,0.729043019,203,46.8,0.296,9500.9,0.0571,0.0998,0.8272,94.48,100,-1.078,-2.112,64,0.6,39.88,3800,24,3.3,1,1
m_01479,kiosk,184,95,0.517962713,271,5.14,0.28,1391.89,0.0248,0.1282,0.9035,94.1,88.75,2.984,0.404,22,0.016,22.66,600,18,19.6,0,0
m_01480,takeaway,86,64,0.744352845,64,13.6,0.349,870.56,0.0355,0.0346,0.8916,100,90.17,0.931,1.968,9,0.408,18.37,200,18,19.1,0,0
m_01481,cafe_bakery,30,24,0.815941472,27,23.2,0.552,626.46,0.1596,0.063,0.7153,96.41,99.52,1.438,1.769,17,0.328,15.35,300,24,0.3,0,0
m_01482,grocer,137,75,0.552998057,157,21.42,0.42,3362.94,0.075,0.0259,0.7445,98.71,96.91,1.436,-0.95,45,0.33,40,1300,6,3,1,1
m_01483,cafe_bakery,71,33,0.475849862,33,46.73,0.345,1542,0.0824,0.0433,0.8318,93.54,93.81,-2.017,-0.525,16,0.165,21.67,400,12,1.4,0,0
m_01484,takeaway,183,114,0.626205712,184,10.21,0.478,1878.93,0.0279,0.0788,0.5936,96.14,97.57,1.493,-1.611,39,0.527,28.14,500,9,9,0,1
m_01485,kiosk,349,230,0.660220808,500,1.61,0.354,806.77,0.0644,0.1507,0.8839,100,100,0.74,0.738,15,0.057,46.73,300,9,2.6,0,0
m_01486,cafe_bakery,90,62,0.698930361,156,29.28,0.41,4567.04,0.2435,0.0291,0.9134,97.4,91.77,-0.672,1.94,27,0.047,20.06,700,18,19.6,0,1
m_01487,grocer,30,15,0.500762617,19,19.11,0.373,363.04,0.0241,0.0416,0.9367,96.25,95.65,2.435,-3.519,38,0.088,29.14,100,18,20.6,0,0
m_01488,cafe_bakery,71,47,0.663471917,106,29.43,0.438,3119.24,0.195,0.0341,0.7426,98.7,96.15,-2.842,1.412,49,0.115,29.08,1200,12,13.9,0,0
m_01489,cafe_bakery,218,138,0.637184438,306,20.8,0.283,6363.81,0.0625,0.1039,0.961,97.95,97.23,-0.919,-0.684,25,0.223,28.47,2700,12,12.2,0,0
m_01490,kiosk,131,89,0.68619622,239,2.35,0.179,562.1,0.1269,0.0429,0.5556,100,98.58,2.18,0.114,30,0.335,37.18,100,12,14.3,0,0
m_01491,cafe_bakery,211,150,0.711174459,223,21.6,0.486,4816.22,0.1364,0.0873,0.803,97.12,88.13,1.514,-1.83,22,0.078,31.82,1500,9,1,0,0
m_01492,kiosk,40,30,0.750603831,73,10.16,0.576,741.75,0.156,0.169,0.7335,98.94,98.14,-0.806,-0.938,28,0.066,29.88,300,12,13.4,0,0
m_01493,takeaway,153,134,0.876463342,328,13.61,0.186,4463.96,0.1169,0.0344,0.9584,96.6,88.37,-1.068,4.285,36,0.44,44.78,1300,9,10.9,0,1
m_01494,kiosk,181,132,0.734308234,175,15.46,0.377,2705.09,0.0531,0.0935,0.8672,94.03,95.85,-0.243,-0.377,42,0.199,13.2,500,9,0.5,1,1
m_01495,grocer,189,153,0.813214497,331,7.18,0.283,2376,0.0931,0.0243,0.8107,98.27,91.78,0.588,0.278,49,0.112,16.14,900,18,4.8,0,0
m_01496,takeaway,233,206,0.887137545,470,9.93,0.483,4664.82,0.0229,0.0226,0.7541,92.6,96.79,-0.515,-1.53,40,0.461,27.35,2200,9,9.3,0,0
m_01497,kiosk,318,250,0.788327755,350,26.34,0.387,9217.34,0.0901,0.1393,0.6654,99.96,98.66,0.021,5.466,23,0.202,33.23,4300,12,12.2,0,0
m_01498,cafe_bakery,202,129,0.638795832,231,26.31,0.849,6077.77,0.1628,0.0025,0.7968,93.05,96.23,0.289,1.232,37,0.38,27.59,2800,9,11.3,0,1
m_01499,kiosk,341,194,0.570684144,341,4.67,0.305,1594,0.1833,0.0081,0.8556,94.34,93.39,-0.333,0.257,80,0.368,21.41,800,9,1.4,0,0
m_01500,kiosk,226,137,0.606809397,342,19.24,0.581,6578.86,0.0743,0.0202,0.4136,94.09,90.74,-0.492,2.141,18,0.191,40.65,2900,24,19.6,0,0
m_01501,takeaway,126,118,0.944153705,94,28.04,0.595,2635.48,0.2741,0.0428,0.8748,98.86,95.85,-1.574,1.01,43,0.222,36.11,600,12,12.3,0,0
m_01502,kiosk,114,61,0.538908843,116,18.05,0.43,2093.98,0.1631,0.1009,0.53,93.64,94.37,0.151,-0.044,74,0.101,21.99,900,6,5,0,0
m_01503,kiosk,149,118,0.793101816,142,19.92,0.356,2828.55,0.0277,0.002,0.9139,98.53,97.35,0.121,0.043,35,0.633,44.4,1200,9,1.5,0,0
m_01504,takeaway,251,156,0.622242125,346,4.96,0.364,1716.1,0.0397,0.019,0.6852,94.98,94.28,-1.215,-2.778,7,0.274,23.84,700,6,4.5,0,0
m_01505,cafe_bakery,119,97,0.821195163,222,33.67,0.352,7474.86,0.1839,0.0743,0.6792,96.65,100,0.614,-0.431,42,0.299,25.29,3400,24,17.3,0,0
m_01506,kiosk,368,167,0.45491617,317,7.65,0.52,2426.54,0.0164,0.018,0.6169,95.39,96.19,1.957,-0.711,34,0.12,12.7,400,18,20.4,0,0
m_01507,kiosk,207,130,0.630467763,259,13.16,0.219,3407.23,0.1097,0.0143,0.7295,100,99.68,0.286,0.942,50,0.239,30.63,1100,18,5.4,0,0
m_01508,kiosk,349,269,0.772504126,401,28.19,0.326,11303.85,0.1083,0.0684,0.6571,92.01,94,0.835,-0.123,40,0.337,47.25,4800,9,9.6,0,0
m_01509,grocer,282,158,0.562619396,235,40.56,0.308,9531.11,0.0335,0.0729,0.9058,98.47,98.94,1.671,1.672,27,0.023,46.86,2500,6,6.3,0,0
m_01510,grocer,153,102,0.667995651,248,13.87,0.091,3439.81,0.3196,0.0492,0.9754,96.97,98.5,0.138,0.499,23,0.087,24.43,700,24,12.5,0,0
m_01511,grocer,114,51,0.451737677,55,53.44,0.479,2939.1,0.0463,0.0412,0.8481,94.66,93.28,1.528,-1.382,64,0.158,22.6,600,9,10.3,0,1
m_01512,grocer,305,276,0.907045468,689,18.45,0.509,12711.49,0.0606,0.0987,0.6742,98.18,90.01,-3.265,3.277,20,0.221,28.22,4500,18,18.9,0,0
m_01513,cafe_bakery,152,112,0.742916719,250,17.18,0.255,4294.98,0.0711,0.077,0.8795,94.12,100,-0.873,-0.473,55,0.373,42.27,1400,9,11,0,1
m_01514,takeaway,121,69,0.577396373,189,8.47,0.505,1600.52,0.1017,0.1025,0.7282,93.78,94.32,-1.464,1.408,23,0.616,30.05,500,12,7.1,0,0
m_01515,grocer,374,312,0.834262319,428,13.34,0.112,5710.61,0.2664,0.0922,0.9037,93.56,93.42,2.304,-2.322,33,0.327,35.99,2700,9,10.2,0,0
m_01516,kiosk,208,126,0.605811692,241,19.45,0.354,4686.92,0.0259,0.0666,0.8044,97.25,94.8,1.136,1.84,9,0.21,34.95,1900,9,11,0,1
m_01517,cafe_bakery,47,23,0.501330569,20,23.39,0.331,467.71,0.1016,0.0585,0.8907,95.2,92.21,-1.625,-2.972,105,0.201,39.33,200,9,9.4,0,0
m_01518,grocer,213,151,0.713003947,423,22.74,0.363,9617.4,0.1053,0.0685,0.9426,94.4,98.52,-1.276,4.174,14,0.28,36.61,4100,12,14,0,0
m_01519,kiosk,200,144,0.72464047,329,12.43,0.362,4089.22,0.0327,0.0257,0.8057,98.03,95.96,-1.869,1.669,50,0.274,21.62,1200,6,8.1,0,0
m_01520,grocer,349,272,0.779715632,590,36.39,0.338,21470.61,0.0829,0.0967,0.5596,100,96.21,0.679,-0.135,72,0.252,29.57,6800,6,7.5,0,0
m_01521,takeaway,293,208,0.711401004,501,17.54,0.292,8785.4,0.0685,0.0637,0.7651,92.74,100,0.478,1.443,28,0.231,23.52,4000,9,11.2,0,0
m_01522,grocer,100,85,0.855670966,121,16.83,0.334,2036.4,0.0228,0.0156,0.886,97.99,96.4,-0.446,-2.235,47,0.369,37.36,900,24,9,0,0
m_01523,kiosk,85,55,0.652584054,117,8.06,0.554,942.48,0.1562,0.0296,0.7605,98.57,100,-1.128,-0.105,40,0.313,33.19,400,6,8,0,0
m_01524,kiosk,253,188,0.745529061,481,24.81,0.263,11935.98,0.1645,0.0414,0.8863,100,95.92,0.14,1.79,43,0.148,33.6,3600,18,18.4,0,0
m_01525,grocer,47,40,0.861765322,39,16.23,0.688,633.03,0.0937,0.0582,0.7987,96.13,89.98,4.052,1.446,36,0.315,31.65,300,18,6.8,1,1
m_01526,cafe_bakery,148,110,0.746211757,320,13.99,0.255,4477.15,0.0577,0.0277,0.8932,100,92.45,-0.389,0.285,27,0.213,12.81,1800,24,26.1,0,0
m_01527,kiosk,81,59,0.732967724,162,6.31,0.386,1022.28,0.0802,0.1372,0.641,98.75,93.09,1.903,0.931,71,0.05,33.59,300,6,7.8,0,1
m_01528,cafe_bakery,37,26,0.724240296,75,6.51,0.436,488.31,0.0163,0.1043,0.9411,91.36,96.45,-0.263,2.461,59,0.414,15.35,100,18,17.1,0,0
m_01529,takeaway,369,301,0.817429893,776,20.7,0.306,16064.53,0.1659,0.0253,0.924,97.9,100,1.639,1.746,27,0.162,17.92,7000,6,6.6,0,0
m_01530,takeaway,63,39,0.634781088,56,39.5,0.557,2211.86,0.026,0.0747,0.9745,96.95,96.75,1.09,-3.457,43,0.228,39.26,1000,18,2.1,0,0
m_01531,cafe_bakery,33,23,0.716030627,47,14.69,0.432,690.6,0.0627,0.0818,0.8793,99.95,95.09,0.135,0.284,80,0.081,24.14,100,18,5.2,0,0
m_01532,kiosk,375,281,0.751332451,299,14.63,0.319,4374.31,0.1258,0.0639,0.9256,100,94.79,1.143,0.337,40,0.229,14.29,1900,18,20.2,0,0
m_01533,takeaway,99,66,0.67062802,162,25,0.556,4049.62,0.1955,0.0241,0.7828,94.09,98.18,1.982,-2.201,32,0.232,21.8,1300,18,20.4,0,0
m_01534,takeaway,332,158,0.477484292,179,32.97,0.198,5901.06,0.1604,0.1256,0.7675,99.72,97.66,0.285,-1.812,7,0.108,35.45,1800,12,13.5,0,1
m_01535,kiosk,41,26,0.647714737,70,11.68,0.265,817.42,0.1189,0.0855,0.819,96.61,99.19,-0.088,3.295,37,0.093,23.28,200,12,14.4,0,0
m_01536,cafe_bakery,86,63,0.742440016,83,8.15,0.434,676.23,0.1456,0.0138,0.7808,94.87,93.19,1.181,-1.152,48,0.151,39.13,200,12,8.6,0,0
m_01537,grocer,70,47,0.680571727,54,15.96,0.47,861.67,0.0868,0.0312,0.7232,100,100,2.63,-0.547,38,0.103,37.1,400,24,24.1,0,0
m_01538,cafe_bakery,291,268,0.923129022,256,22.55,0.398,5771.59,0.0999,0.038,0.7306,95.57,94.62,-1.902,-1.299,18,0.109,38.04,2200,12,14.6,0,0
m_01539,cafe_bakery,259,199,0.771860599,470,2.8,0.331,1314.87,0.1108,0.0733,0.5736,97.1,93.46,-1.718,1.127,21,0.098,34.53,400,12,14.1,0,1
m_01540,grocer,205,143,0.701838533,172,12.76,0.312,2195.54,0.1842,0.018,0.8363,96.78,100,2.305,0.859,53,0.212,15.29,800,24,5.4,0,0
m_01541,kiosk,119,97,0.817264657,119,14.95,0.52,1779.07,0.1388,0.0071,0.9153,98.54,99.61,-0.629,4.177,14,0.149,25.4,600,12,14.5,0,0
m_01542,grocer,62,27,0.435729603,31,13.72,0.386,425.21,0.0456,0.0245,0.7855,100,93.42,2.05,-0.773,39,0.305,32.38,100,6,8.8,0,1
m_01543,kiosk,240,123,0.515061075,181,5.86,0.219,1060.91,0.2502,0.1253,0.7523,100,98.71,-0.827,1.347,47,0.279,19.99,500,18,8.4,0,0
m_01544,grocer,115,99,0.866144341,284,12.8,0.211,3634.15,0.0368,0.0285,0.7973,99.71,94.3,-0.52,-3.474,40,0.387,33.11,1200,18,6.6,0,0
m_01545,takeaway,248,181,0.732126007,338,15.11,0.577,5105.96,0.033,0.0399,0.9532,91.93,97.68,1.743,-2.536,18,0.014,38.67,2100,6,8.2,0,0
m_01546,kiosk,284,206,0.725541136,283,9.1,0.242,2574.11,0.1806,0.0442,0.6325,100,96.94,1.284,2.963,10,0.238,16.74,1000,18,19.1,0,0
m_01547,grocer,344,201,0.584945648,236,19.54,0.391,4610.71,0.1125,0.0138,0.9693,98.8,100,-1.518,2.51,15,0.402,9.92,1800,6,6.1,0,0
m_01548,grocer,212,129,0.609321689,108,27.19,0.553,2936.95,0.092,0.1412,0.592,100,100,1.078,1.188,41,0.058,28.97,1100,24,24.6,0,0
m_01549,grocer,31,27,0.883092889,43,27.77,0.431,1194.17,0.0813,0.1388,0.8697,96.1,100,-0.819,2.553,10,0.229,52.42,300,18,18,0,0
m_01550,kiosk,133,117,0.885028211,121,10.63,0.236,1285.79,0.1579,0.0093,0.7856,96.96,99.06,0.837,-1.851,32,0.439,27.48,600,9,9.7,0,0
m_01551,cafe_bakery,345,220,0.639000993,189,22.29,0.198,4212.39,0.1183,0.0105,0.7622,99.85,90.99,0.275,3.605,54,0.128,15.28,1000,9,8,0,0
m_01552,kiosk,227,160,0.706100846,164,21.18,0.63,3473.81,0.0567,0.0012,0.612,100,96.74,-0.073,-1.77,56,0.557,33.58,1400,24,11.6,1,1
m_01553,kiosk,259,217,0.838475286,325,44.55,0.194,14477.27,0.2196,0.0411,0.9013,97.58,94.24,-0.742,0.948,32,0.098,31.29,5000,9,11.9,0,0
m_01554,takeaway,199,123,0.619419944,301,22.36,0.267,6729.11,0.1934,0.077,0.9006,93.26,95.79,-2.322,5.844,49,0.113,33.75,2100,6,8.1,0,0
m_01555,takeaway,90,65,0.72266813,61,23.16,0.406,1412.91,0.0662,0.0663,0.6664,98.79,96.34,-0.762,-1.464,22,0.301,49.88,300,24,25.6,0,0
m_01556,cafe_bakery,361,269,0.747035575,616,30.41,0.317,18730.89,0.1487,0.1201,0.9273,96.44,89.14,1.226,2.997,52,0.234,15.87,7500,12,12.6,0,0
m_01557,kiosk,315,191,0.607526856,413,6.96,0.436,2876.37,0.0946,0.1455,0.7766,93.83,94.86,0.869,2.233,50,0.56,35.56,500,12,8.3,0,0
m_01558,takeaway,398,336,0.845106409,920,17.25,0.13,15872.96,0.1373,0.0716,0.8941,96.6,96.51,-1.064,-0.767,33,0.348,27.81,7200,6,6.5,0,0
m_01559,kiosk,346,289,0.836583028,348,40.92,0.318,14239.89,0.0202,0.0289,0.8028,98.43,99.7,1.845,4.48,23,0.21,32.21,6000,24,24.6,0,0
m_01560,grocer,137,96,0.704138528,244,41.4,0.452,10102.51,0.2285,0.0421,0.6423,100,92.87,0.738,-1.523,32,0.257,21.27,4200,12,11.6,1,1
m_01561,takeaway,124,99,0.801950056,267,12.79,0.452,3415.94,0.0454,0.0219,0.3938,95.55,92.84,1.123,0.227,38,0.364,14.05,600,12,4.3,1,1
m_01562,cafe_bakery,121,87,0.726489151,256,40.28,0.264,10312.68,0.0464,0.0275,0.8892,95.68,92.57,-1.357,1.583,8,0.29,44.57,5100,12,13.6,0,0
m_01563,grocer,369,338,0.917302696,871,14.03,0.197,12220.2,0.1342,0.0606,0.571,96.7,94.73,2.911,0.109,60,0.095,45.99,2300,12,13.1,0,0
m_01564,grocer,236,102,0.436032318,109,19.96,0.382,2175.92,0.0633,0.0955,0.817,100,91.49,0.928,6.517,28,0.288,47.5,600,12,13.1,0,0
m_01565,kiosk,198,132,0.669505391,380,5.16,0.153,1961.17,0.1003,0.0347,0.7929,100,100,2.516,-2.216,49,0.738,20.67,600,24,3.8,1,1
m_01566,cafe_bakery,388,243,0.626946898,630,35.43,0.543,22322.8,0.032,0.097,0.8107,98.69,99.1,-0.732,3.536,29,0.423,26.53,10500,18,18.6,0,0
m_01567,takeaway,253,176,0.697759517,223,13.59,0.374,3030.74,0.1023,0.0081,0.8051,98.58,100,-2.528,-4.225,48,0.115,40.24,1200,12,11.7,0,0
m_01568,takeaway,366,256,0.700357137,297,6.01,0.245,1783.78,0.117,0.0287,0.8109,96.06,93.87,-1.201,-5.482,26,0.245,26.49,500,24,8.3,1,1
m_01569,grocer,394,315,0.8004318,900,15.34,0.192,13806.61,0.1396,0.0384,0.8589,99.32,99.44,1.78,0.406,70,0.597,21.2,5500,18,19.9,0,1
m_01570,takeaway,59,26,0.443770636,29,2.16,0.255,62.54,0.0129,0.0337,0.704,94.02,91.15,-1.476,1.774,62,0.165,32.21,0,6,6.2,0,1
m_01571,kiosk,163,126,0.777689933,316,24.36,0.116,7697.53,0.0695,0.0246,0.9655,98.44,100,2.457,3.28,35,0.073,15.7,2500,9,11.3,0,0
m_01572,grocer,301,225,0.748095441,380,31.72,0.424,12053.63,0.0997,0.0522,0.9245,90.9,95.14,-0.867,3.517,15,0.16,9.85,2400,24,24.7,0,1
m_01573,cafe_bakery,330,80,0.244695227,191,8.33,0.23,1590.24,0.0653,0.0703,0.6634,92.08,95.66,0.802,0.7,27,0.139,51.52,300,6,7.7,0,0
m_01574,takeaway,84,74,0.888214594,74,8.11,0.41,600.26,0.027,0.0472,0.6878,91.2,100,0.572,1.297,41,0.324,25.03,300,24,12,0,0
m_01575,takeaway,147,117,0.795931462,280,23.33,0.431,6531.89,0.0873,0.1106,0.8381,100,100,-0.245,0.786,62,0.094,36.22,2500,18,18.2,0,0
m_01576,grocer,232,149,0.643869945,287,25.02,0.495,7179.33,0.0456,0.032,0.8387,96.53,92.08,-0.236,3.352,21,0.135,25.27,1300,6,6.1,0,0
m_01577,takeaway,325,213,0.657443823,592,10.96,0.388,6487.21,0.0559,0.1024,0.6899,92.94,95.58,-1.258,-2.171,50,0.199,30.41,1900,9,6.9,0,0
m_01578,cafe_bakery,71,52,0.745595216,63,9.13,0.519,575.02,0.1049,0.0532,0.905,100,100,3.158,-1.03,41,0.163,28.57,300,12,14.5,0,0
m_01579,cafe_bakery,252,216,0.860904946,224,28.52,0.558,6389.11,0.0171,0.0133,0.9561,94.67,94.53,0.995,2.012,29,0.091,13.05,1500,9,11.1,0,0
m_01580,grocer,139,97,0.69827654,119,5.56,0.389,662.01,0.3059,0.0753,0.9,98.58,97.22,-2.218,2.406,36,0.268,22,300,9,3.7,1,1
m_01581,kiosk,110,68,0.622103409,66,12.34,0.398,814.28,0.1241,0.1005,0.8051,94.65,98.15,-1.817,2.992,23,0.427,35.23,100,24,18.8,0,0
m_01582,kiosk,220,134,0.611608059,396,8.97,0.266,3550.91,0.0701,0.0335,0.7635,99.38,100,1.014,0.159,47,0.321,31.31,900,24,3.1,0,0
m_01583,cafe_bakery,183,132,0.725513581,141,23.12,0.202,3259.65,0.0906,0.1258,0.7888,96.96,98.67,0.201,-0.696,39,0.308,27.85,1200,9,7.8,0,0
m_01584,takeaway,265,139,0.528154335,172,9.46,0.542,1627.24,0.0438,0.1031,0.967,94.76,95.03,-2.507,1.708,27,0.437,7.61,500,18,7.3,1,1
m_01585,cafe_bakery,147,70,0.482672714,180,30.74,0.441,5532.68,0.017,0.0912,0.8818,92.99,88.15,4.025,-1.894,78,0.345,33.15,2300,24,26.1,0,0
m_01586,cafe_bakery,334,243,0.729795836,326,12.03,0.453,3923.2,0.0446,0.0939,0.6324,94.87,98.81,-3.966,3.633,48,0.182,23.44,1700,12,13,0,0
m_01587,grocer,58,42,0.733897754,54,20.72,0.261,1118.8,0.0387,0.0759,0.882,93.98,96.69,-0.478,-0.706,46,0.315,21.86,200,18,18.3,0,0
m_01588,grocer,348,136,0.392160361,309,9.58,0.594,2961.32,0.0434,0.0874,0.8742,91.72,100,0.244,-0.253,35,0.483,19.69,800,9,10.4,0,0
m_01589,takeaway,41,31,0.77208426,51,18.42,0.316,939.25,0.1657,0.1593,0.6796,99.2,98.3,-0.808,1.803,39,0.234,28.83,400,6,6.1,0,0
m_01590,kiosk,302,172,0.569552574,453,10.42,0.23,4719.81,0.1254,0.1953,0.9495,100,93.73,1.495,-1.153,20,0.123,26.91,1800,18,5.1,0,0
m_01591,cafe_bakery,158,109,0.692395246,240,7.79,0.264,1870.16,0.0406,0.117,0.8921,94.96,91.01,0.984,-1.999,28,0.024,24,500,24,7.2,1,1
m_01592,kiosk,171,77,0.455687731,110,24.93,0.586,2742.38,0.0077,0.065,0.839,90.75,95.31,0.428,2.606,53,0.29,41.5,1000,12,14.3,0,0
m_01593,cafe_bakery,37,15,0.407616492,31,9.4,0.183,291.44,0.1573,0.1161,0.7428,98.09,97.45,0.107,-1.786,52,0.364,28.37,100,6,6.4,0,0
m_01594,grocer,289,192,0.666324327,519,9.52,0.237,4939.88,0.0811,0.0132,0.8016,97.47,96.42,1.021,0.82,20,0.149,13.41,2400,18,16.5,0,0
m_01595,kiosk,91,43,0.481202063,68,17.45,0.785,1186.67,0.169,0.0164,0.673,94,90.95,-0.099,0.343,23,0.166,21.65,500,18,7.5,1,1
m_01596,kiosk,273,105,0.385274046,254,19.32,0.491,4906.64,0.1052,0.0341,0.9186,96.82,84.85,-2.052,-3.499,48,0.248,30.14,1300,18,5,0,0
m_01597,cafe_bakery,298,171,0.575254722,293,7.59,0.24,2223.44,0.0673,0.0159,0.8748,88.73,92.17,1.666,-1.793,49,0.341,34.71,600,9,5.9,0,0
m_01598,kiosk,342,240,0.704589254,478,22.03,0.188,10530.07,0.0508,0.0459,0.9102,97.02,86.24,2.84,1.009,23,0.32,18.07,4400,18,20,0,1
m_01599,takeaway,291,108,0.374454239,260,9.93,0.099,2583.07,0.0587,0.0792,0.8239,96.54,92.07,0.342,2.766,53,0.373,18.09,900,9,6.1,1,1
m_01600,grocer,141,121,0.859351206,112,6.25,0.365,700.33,0.1012,0.0008,0.896,100,96.97,0.373,-1.224,24,0.251,32.88,200,24,14,0,0
m_01601,takeaway,303,242,0.799307857,435,13.45,0.459,5850.51,0.0663,0.057,0.8866,97.76,100,0.162,-1.472,33,0.41,28.78,1300,12,2.1,0,0
m_01602,grocer,335,170,0.508640374,171,13.32,0.578,2277.26,0.0535,0.0941,0.8304,97.27,86.21,-1.761,1.563,34,0.041,31.7,800,6,8.6,0,1
m_01603,cafe_bakery,147,104,0.713451941,249,20.96,0.066,5219.3,0.0552,0.0429,0.8659,100,91.9,-0.599,1.904,52,0.281,21.19,2500,6,6.7,0,0
m_01604,kiosk,75,43,0.57755209,91,45.5,0.151,4140.19,0.0317,0.0524,0.8159,94.62,97.58,1.411,2.168,58,0.15,36.31,1100,9,9.4,0,0
m_01605,kiosk,359,217,0.607106075,329,17.26,0.332,5680.12,0.1749,0.1251,0.6666,92.51,94.2,0.598,0.742,29,0.304,35.73,2300,24,20.5,0,0
m_01606,cafe_bakery,84,45,0.546895083,43,22.68,0.768,975.41,0.1712,0.051,0.7321,99.74,96.65,2.793,-0.761,45,0.331,34.29,200,6,6.5,0,0
m_01607,takeaway,249,155,0.624863036,439,5.05,0.483,2216.77,0.0493,0.015,0.9116,100,97.51,1.34,1.867,86,0.521,23.39,900,18,18.8,0,0
m_01608,takeaway,117,91,0.778735284,135,31.57,0.406,4262.47,0.1797,0.1522,0.6813,100,94.35,-0.391,0.132,64,0.259,23.2,1700,12,4.9,0,0
m_01609,cafe_bakery,76,53,0.700684154,74,14.86,0.166,1099.99,0.039,0.0678,0.7199,96.3,100,1.232,1.642,21,0.462,26.15,200,12,4.1,0,0
m_01610,takeaway,317,166,0.525054345,169,6.64,0.05,1122.92,0.0409,0.0119,0.7302,94.87,100,-0.073,-0.738,36,0.405,10.33,500,9,9.7,0,0
m_01611,takeaway,83,52,0.629916866,107,30.88,0.356,3304.38,0.1125,0.0387,0.9639,93.27,91.73,-2.246,-0.12,41,0.097,23.88,1600,18,17.5,0,0
m_01612,cafe_bakery,277,157,0.569700689,217,15.27,0.335,3313.49,0.1096,0.0155,0.8153,94.34,99.71,1.793,1.371,34,0.26,36.63,1300,6,6.9,0,0
m_01613,grocer,286,212,0.741846593,562,28.01,0.31,15740.29,0.1308,0.0052,0.7217,92.49,100,0.987,-3.814,38,0.584,19.52,6200,24,8.1,0,0
m_01614,grocer,52,40,0.788059781,92,48.32,0.293,4445.2,0.0262,0.0459,0.6306,95.68,100,4.638,2.977,50,0.075,45.96,1400,9,10.3,0,0
m_01615,grocer,93,67,0.727068142,54,5.48,0.238,295.8,0.192,0.0254,0.9647,100,93.24,-0.578,0.199,58,0.106,15.19,0,18,16.2,0,0
m_01616,takeaway,323,163,0.50674143,333,9.66,0.203,3216.29,0.0267,0.1336,0.7902,95.37,94.69,1.328,-5.336,55,0.278,18.27,1100,9,1.5,0,0
m_01617,kiosk,217,175,0.806462004,229,25.16,0.558,5762.27,0.0736,0.0596,0.6418,97.39,89.07,-0.884,0.638,50,0.341,20.84,2700,24,26.9,0,0
m_01618,takeaway,74,65,0.887839339,54,15.92,0.217,859.62,0.2804,0.0335,0.7896,98.64,93.72,-1.074,-0.567,20,0.247,33.47,300,12,13.2,0,0
m_01619,takeaway,396,159,0.40185058,343,2.36,0.309,807.82,0.0589,0.0983,0.8943,95.92,93.84,3.725,-1.785,49,0.252,24.24,400,9,7.8,0,0
m_01620,kiosk,128,71,0.562383389,88,12.51,0.344,1101.22,0.1486,0.0072,0.6689,95.89,97.83,-2.867,4.216,25,0.202,15.46,500,24,6.1,0,0
m_01621,kiosk,31,12,0.416009125,33,13.83,0.456,456.55,0.1203,0.0323,0.9075,100,91.46,0.168,1.974,20,0.106,33.03,100,24,12.9,1,1
m_01622,cafe_bakery,371,341,0.920146366,702,15.28,0.222,10727.67,0.0975,0.0889,0.7756,97.56,96.29,2.832,-0.016,29,0.017,30.33,4300,6,6.2,0,0
m_01623,kiosk,36,22,0.625888566,27,9.42,0.497,254.32,0.0742,0.0438,0.6627,100,96.83,-2.098,0.409,17,0.399,20.03,100,18,5.8,0,0
m_01624,cafe_bakery,234,218,0.932593335,643,36.2,0.263,23277.99,0.1037,0.1267,0.8242,100,94.14,-0.547,0.834,26,0.032,45.02,11600,24,26.7,0,0
m_01625,grocer,397,283,0.714519871,566,5.05,0.326,2860.83,0.0752,0.1238,0.9627,94.39,99.35,1.577,-2.957,40,0.261,35.03,800,9,11.2,0,0
m_01626,kiosk,243,148,0.612562714,172,20.06,0.596,3450.59,0.1002,0.0139,0.7995,96.53,94.19,-1.589,5.558,58,0.091,33.45,600,18,4.2,0,0
m_01627,kiosk,246,172,0.700068802,333,11.04,0.205,3676.21,0.1014,0.0211,0.6602,96.5,97.3,0.708,0.389,53,0.279,21.75,700,18,14.2,0,0
m_01628,takeaway,173,88,0.51241762,256,10.51,0.458,2691.83,0.1,0.0389,0.8148,95.51,90.8,-0.972,3.917,11,0.155,17.46,900,12,7.7,1,1
m_01629,takeaway,76,45,0.593743363,77,33.46,0.501,2576.62,0.1194,0.2717,0.8442,95.71,92.89,2.222,-1.396,33,0.473,42.17,1100,18,14.9,0,0
m_01630,kiosk,241,215,0.893987994,373,13.37,0.396,4986.08,0.0543,0.0244,0.8131,100,99.84,2.168,1.474,29,0.421,18.86,1700,18,14.6,0,0
m_01631,kiosk,362,265,0.733994753,480,20.13,0.332,9662.43,0.0776,0.0093,0.8191,97.3,89.32,-0.506,-2.067,13,0.398,33.01,4800,12,12.2,0,0
m_01632,cafe_bakery,63,43,0.685939383,60,26.16,0.669,1569.75,0.1011,0.0741,0.8877,100,99.01,-4.094,-5.463,73,0.508,37.06,700,24,24.7,0,0
m_01633,takeaway,355,175,0.493226324,202,16.38,0.348,3307.76,0.0412,0.0651,0.8828,95.78,94.69,0.987,2.109,64,0.279,13.73,1600,12,8.7,0,0
m_01634,takeaway,183,136,0.747979487,282,33.73,0.381,9512.22,0.0333,0.0259,0.7586,100,87.87,1.748,0.69,41,0.393,25.68,1800,24,25.6,0,0
m_01635,takeaway,228,171,0.750251586,473,6.15,0.3,2909.54,0.0708,0.0058,0.7487,100,94.22,1,-0.761,57,0.06,18.05,500,6,8.3,0,0
m_01636,grocer,91,50,0.549755537,120,20.87,0.373,2504.6,0.0609,0.0203,0.8315,96.75,98.94,0.81,-6.45,38,0.337,31.47,1200,12,4.7,0,0
m_01637,kiosk,260,209,0.804761455,211,45.78,0.495,9658.73,0.0367,0.0304,0.9642,98.34,100,0.61,-0.641,20,0.232,19.56,2600,9,10.7,0,0
m_01638,kiosk,97,68,0.702011814,114,19.82,0.309,2259.94,0.055,0.2343,0.8049,99.65,100,-0.3,0.847,15,0.345,18.92,400,12,9.9,1,1
m_01639,kiosk,131,96,0.734570937,77,4.18,0.05,322.19,0.0071,0.0151,0.7606,95.33,92.28,-0.936,-1.855,40,0.134,14.57,100,6,8.2,0,0
m_01640,grocer,296,230,0.77992238,339,21.32,0.427,7225.96,0.0424,0.0184,0.8741,100,99.2,0.263,0.564,83,0.089,27.02,1400,9,11.2,0,0
m_01641,kiosk,48,37,0.778619734,84,37.05,0.188,3112.32,0.1123,0.0488,0.6495,94.57,94.21,-0.156,-0.969,5,0.391,10.87,1300,6,1.3,1,1
m_01642,takeaway,195,144,0.738611254,207,12.62,0.461,2612.23,0.0677,0.0504,0.6234,95.44,93.55,1.221,-2.103,41,0.271,42.63,1300,18,19.3,0,0
m_01643,cafe_bakery,249,219,0.880234645,580,12.52,0.35,7261.35,0.0539,0.1205,0.8277,95.47,100,-1.094,0.015,36,0.153,25.65,3100,24,24.2,0,0
m_01644,takeaway,78,65,0.840919537,120,24.57,0.491,2947.96,0.2418,0.0543,0.842,97.68,96.91,-0.466,-4.04,44,0.066,35.93,600,6,8.9,0,0
m_01645,takeaway,139,96,0.69094341,218,21.98,0.208,4791.98,0.1115,0.0448,0.7238,97.98,96.92,0.297,1.303,35,0.319,26.91,1900,9,10.6,0,1
m_01646,grocer,157,100,0.639044419,274,16.75,0.27,4589.2,0.0893,0.0288,0.8738,95.09,89.29,-0.973,0.497,92,0.209,30.79,700,24,24.3,0,0
m_01647,kiosk,275,223,0.814047987,513,9.88,0.299,5070.58,0.0925,0.0688,0.7987,96.66,92.13,-1.926,1.51,14,0.069,14.71,1300,12,12.3,0,0
m_01648,kiosk,391,213,0.546002503,590,11.74,0.128,6924.29,0.08,0.0194,0.8127,93.66,92.4,1.125,2.557,28,0.232,33.06,1300,9,9.9,0,0
m_01649,takeaway,339,250,0.738040042,644,7.98,0.517,5136.8,0.0607,0.0049,0.8721,100,98.05,-1.802,-0.205,33,0.057,15.73,2300,12,1.8,0,0
m_01650,kiosk,100,68,0.680559937,139,3.82,0.106,531.06,0.0705,0.009,0.8332,99.08,98.93,0.436,-5.076,17,0.508,41.26,100,18,18.2,0,0
m_01651,cafe_bakery,36,26,0.725890793,37,31.59,0.515,1168.78,0.023,0.069,0.8177,95.96,100,0.954,-0.213,52,0.443,22.49,500,18,19.9,0,0
m_01652,grocer,49,38,0.785444134,55,25.36,0.414,1394.57,0.1935,0.0709,0.5919,96.42,92.24,2.286,-1.99,29,0.17,34.53,200,24,26,0,0
m_01653,grocer,250,95,0.380586991,258,23.88,0.32,6161.38,0.062,0.0498,0.8596,95.01,100,3.613,3.165,27,0.46,15.31,1900,12,13.6,0,1
m_01654,takeaway,87,38,0.438742217,34,23.62,0.402,802.96,0.1064,0.0627,0.8807,94.21,94.96,2.13,-0.442,54,0.243,35.06,400,18,19.8,0,0
m_01655,kiosk,115,78,0.685902418,223,14.12,0.398,3148.22,0.0069,0.0242,0.7774,93.76,96.32,-0.908,1.983,34,0.278,10.75,800,6,7,0,0
m_01656,cafe_bakery,343,181,0.528390382,275,12.93,0.29,3556.03,0.0669,0.0325,0.7974,94.22,95.53,-0.295,3.222,20,0.572,11.58,1200,9,9.9,0,1
m_01657,kiosk,353,308,0.873617792,747,6.69,0.395,5000.11,0.1218,0.0075,0.8479,99.88,97.01,0.604,-1.195,19,0.187,37.99,1200,18,11.9,0,0
m_01658,kiosk,340,272,0.80051007,415,26.62,0.46,11045.95,0.1417,0.2195,0.9018,100,98.79,0.058,0.451,35,0.295,37,2100,24,15.3,1,1
m_01659,cafe_bakery,123,46,0.381130334,133,61.25,0.208,8146.81,0.0203,0.0339,0.9389,92.89,100,0.381,0.378,58,0.204,23.06,3700,18,5.2,0,0
m_01660,grocer,259,185,0.71485594,162,20.77,0.402,3364.33,0.0626,0.1682,0.9116,99.1,95.02,2.019,4.713,24,0.689,23.93,700,24,12.6,0,0
m_01661,kiosk,255,102,0.40232027,160,28.88,0.05,4620.4,0.1518,0.0494,0.8602,93.34,96.35,0.342,2.832,44,0.074,26.24,1600,12,5,1,1
m_01662,cafe_bakery,98,89,0.910936583,241,28.94,0.061,6975.51,0.0463,0.0363,0.6448,99.29,92.36,1.519,-1.828,55,0.266,30.44,2400,24,25.8,0,0
m_01663,takeaway,234,131,0.560806117,183,38.45,0.435,7036.15,0.034,0.0181,0.822,97.25,98.71,-1.55,-0.921,50,0.255,37.5,1100,24,17.7,0,0
m_01664,kiosk,224,174,0.778762011,244,9.02,0.287,2200.46,0.0461,0.0062,0.6994,95.44,97.06,0.867,-0.628,26,0.144,24.23,1000,24,13.6,0,0
m_01665,kiosk,176,155,0.884378814,430,5.12,0.222,2203.23,0.141,0.001,0.9213,98.34,92.89,-2.368,-1.325,49,0.521,12,400,9,9.5,0,0
m_01666,cafe_bakery,308,213,0.694218054,559,18.3,0.342,10229.2,0.0933,0.0295,0.6364,100,91.03,1.819,-0.333,53,0.145,26.77,2800,24,3.5,0,0
m_01667,takeaway,280,229,0.820481163,236,14.95,0.291,3528.73,0.1273,0.0498,0.7179,91.38,96.64,-0.139,-0.76,16,0.044,20.24,800,6,8.9,0,0
m_01668,cafe_bakery,227,210,0.929056089,436,58.25,0.202,25396.41,0.0487,0.0537,0.6679,100,100,-1.933,0.373,25,0.137,40.63,4800,18,19,0,0
m_01669,grocer,298,252,0.846741905,325,8.06,0.104,2621.02,0.0282,0.0568,0.9015,94.61,100,-0.281,0.07,32,0.598,23.85,800,6,6.2,0,0
m_01670,kiosk,312,259,0.832848951,329,45.38,0.055,14931.65,0.19,0.1019,0.5107,100,90.83,0.848,2.607,27,0.188,39.56,6500,24,13.7,0,0
m_01671,kiosk,239,188,0.789560875,404,15.05,0.461,6079.07,0.0455,0.0312,0.8186,99.6,99.74,-1.723,-1.224,18,0.518,27.23,2900,24,11.3,1,1
m_01672,takeaway,129,81,0.631302248,86,7.4,0.287,636.11,0.0179,0.0553,0.9397,93.64,99.19,-1.184,-3.038,20,0.178,21.13,100,12,12.1,0,0
m_01673,kiosk,310,254,0.820044319,465,40.58,0.495,18869.57,0.063,0.0497,0.8088,95.25,100,-0.459,-0.687,31,0.35,39.37,9300,18,18.1,0,0
m_01674,cafe_bakery,295,250,0.847693487,340,9.12,0.285,3099.68,0.1269,0.0842,0.7126,98.44,97.9,1.385,-0.926,32,0.035,19.84,1200,9,9.3,0,1
m_01675,cafe_bakery,393,310,0.789150615,830,28.98,0.403,24054.57,0.0771,0.1522,0.9567,99.84,94.66,-2.884,3.247,47,0.083,27.6,7000,24,17.5,0,0
m_01676,cafe_bakery,85,55,0.651809949,111,18.63,0.331,2067.6,0.2321,0.0036,0.6728,98.43,99.14,0.822,1.991,33,0.203,24.13,700,18,0.4,1,1
m_01677,kiosk,185,125,0.677490888,159,45.29,0.357,7201.25,0.0308,0.0194,0.8344,98.17,85.69,-0.247,2.896,18,0.424,19.5,2200,24,26.6,0,0
m_01678,cafe_bakery,371,286,0.771186023,811,32.67,0.364,26499.39,0.144,0.0115,0.8046,95.08,92.03,1.742,2.225,52,0.473,30.71,6300,24,24.5,0,1
m_01679,cafe_bakery,220,125,0.57059609,326,14.8,0.283,4824.25,0.0202,0.0573,0.7799,97.1,92.52,0.737,-3.645,31,0.129,21.63,2300,18,20.8,0,0
m_01680,takeaway,378,195,0.518048235,269,40.7,0.166,10948.61,0.0198,0.0267,0.8519,96.78,93.31,2.174,-1.405,41,0.1,19.26,1900,24,26.7,0,0
m_01681,takeaway,34,28,0.83362896,81,22.34,0.465,1809.63,0.1029,0.0422,0.8803,92.5,89.92,0.751,-2.697,32,0.235,25.8,600,6,8.7,0,0
m_01682,cafe_bakery,43,34,0.7914617,47,17.03,0.589,800.52,0.0783,0.0238,0.7619,98.01,93.74,-1.683,3.434,25,0.131,21.5,400,12,10.4,0,0
m_01683,cafe_bakery,324,94,0.292512996,135,18.38,0.599,2481.16,0.1464,0.1823,0.7084,95.9,93.79,0.778,1.98,31,0.597,23.48,700,24,1.3,0,0
m_01684,kiosk,162,137,0.847846235,225,29.65,0.267,6671.98,0.0388,0.1213,0.8567,100,94.95,0.872,1.097,49,0.544,26.13,1600,12,8.3,1,1
m_01685,grocer,222,146,0.658614027,169,14.32,0.24,2420.03,0.25,0.0722,0.8394,100,97.14,-0.914,-0.837,60,0.344,33.47,700,9,9.7,0,0
m_01686,cafe_bakery,188,150,0.802322305,346,11.8,0.267,4083.87,0.1065,0.066,0.8279,97.55,91,-0.689,-0.612,31,0.294,22.91,2000,12,2.7,1,1
m_01687,takeaway,180,113,0.629845379,228,10.03,0.324,2287.09,0.0678,0.0375,0.7911,100,94.19,-3.488,-1.42,41,0.227,14.55,800,18,20.6,0,0
m_01688,kiosk,377,275,0.731473735,761,20.59,0.342,15672.32,0.0204,0.0776,0.959,98.85,95.63,1.221,1.6,15,0.046,32.59,3200,6,6.4,0,0
m_01689,kiosk,64,47,0.737774491,62,10.52,0.2,652.34,0.1409,0.0889,0.9311,96.93,88.58,-0.098,0.507,14,0.068,21.46,300,6,6.8,0,0
m_01690,cafe_bakery,315,208,0.661615276,244,29.91,0.128,7298.48,0.192,0.1132,0.7163,92.75,95.71,-0.748,1.688,45,0.118,30.95,1100,24,26.6,0,0
m_01691,kiosk,359,268,0.74785638,425,14.1,0.357,5991.07,0.0984,0.0072,0.7195,96.52,96.95,-1.404,1.137,48,0.324,38.51,1300,9,11.4,0,0
m_01692,cafe_bakery,273,141,0.516884586,158,23.4,0.05,3696.45,0.1531,0.0457,0.8092,96,99.03,-0.642,1.951,23,0.047,26.96,1300,18,3.8,1,1
m_01693,kiosk,176,99,0.564512073,285,33.76,0.335,9622.3,0.0135,0.0377,0.8416,96.67,90.72,0.758,1.333,25,0.206,18.68,1700,12,13.1,0,1
m_01694,takeaway,89,62,0.702946588,147,39.11,0.208,5748.5,0.0345,0.0252,0.8238,96.31,95.39,0.37,2.504,65,0.325,25.21,900,24,24.2,0,0
m_01695,takeaway,282,169,0.601534754,431,19.32,0.467,8325.07,0.0443,0.0039,0.9119,100,100,-0.404,1.779,40,0.203,19.69,3100,18,4,0,0
m_01696,cafe_bakery,203,145,0.714868464,354,3.4,0.507,1204,0.0292,0.1128,0.7578,100,89.06,-1.742,-0.729,29,0.32,19.26,600,9,9.3,0,0
m_01697,kiosk,85,74,0.877938788,98,3.58,0.511,351.16,0.1974,0.0116,0.9448,95.54,95.97,-0.421,1.279,56,0.412,23.58,100,24,12.4,0,0
m_01698,cafe_bakery,163,74,0.459785436,82,29.44,0.298,2414.22,0.0275,0.0291,0.9772,93.03,89.91,-1.163,0.919,21,0.552,15.13,1200,18,0.8,1,1
m_01699,kiosk,385,310,0.806843505,540,8.68,0.18,4686.27,0.0336,0.0546,0.6646,94.09,94.28,-0.245,-0.081,69,0.257,16.61,1500,6,1.4,0,0
m_01700,kiosk,128,88,0.687792006,230,13.68,0.228,3145.86,0.0277,0.0572,0.767,100,92.78,1.012,0.265,36,0.253,34.12,1400,24,24.1,0,0
m_01701,cafe_bakery,96,69,0.722591021,105,32.03,0.393,3362.69,0.1772,0.0572,0.7854,99.87,97.5,-0.731,2.314,23,0.208,28.75,1200,24,19.8,0,0
m_01702,kiosk,282,240,0.851595363,197,11.91,0.103,2345.49,0.135,0.0159,0.8509,93.58,94.82,2.583,1.382,71,0.03,30.39,700,12,14.3,0,0
m_01703,kiosk,103,71,0.695277767,159,6.71,0.559,1066.95,0.0319,0.0324,0.736,92.6,90.89,-0.784,2.161,16,0.156,34.48,200,18,19.2,0,0
m_01704,grocer,370,301,0.815818759,373,13.97,0.3,5210.06,0.0248,0.1227,0.8382,95.23,100,-2.502,0.38,27,0.36,9,1900,12,3.2,1,1
m_01705,takeaway,347,293,0.845466572,584,26.16,0.425,15277.87,0.2058,0.0303,0.8313,100,96.71,-0.266,2.6,61,0.605,24.16,7400,24,25.5,0,0
m_01706,cafe_bakery,393,258,0.657067307,214,11.75,0.083,2514.63,0.0741,0.0389,0.5818,98.26,99.95,-0.84,1.847,29,0.333,42.32,600,9,10,0,1
m_01707,grocer,367,258,0.704590836,495,24.05,0.211,11903.73,0.0398,0.0646,0.8746,96.29,91.62,5.185,-1.312,23,0.256,44.26,3600,12,2.9,0,0
m_01708,kiosk,120,61,0.511423916,101,6.87,0.064,693.78,0.1443,0.04,0.8513,96.62,94.43,-0.63,-0.416,50,0.129,20.42,200,18,2.8,1,1
m_01709,kiosk,108,55,0.511150828,150,9.83,0.503,1473.89,0.0082,0.0152,0.8413,91.36,100,-2.229,-1.399,44,0.338,18.38,300,12,9.5,1,1
m_01710,takeaway,156,90,0.58067628,214,14.1,0.326,3017.28,0.0313,0.0171,0.7696,96.12,93,0.062,-1.859,51,0.016,6.68,500,12,1.4,0,0
m_01711,kiosk,203,152,0.751943504,133,34.51,0.436,4589.19,0.0333,0.0298,0.8991,100,95.98,-0.245,5.659,47,0.352,23.02,2100,6,8.9,0,0
m_01712,cafe_bakery,355,168,0.474420295,426,12.75,0.36,5432.48,0.0382,0.0358,0.8121,95.82,95.74,-1.748,3.636,56,0.23,32.9,2200,6,7.7,0,0
m_01713,takeaway,301,228,0.760727486,579,11.56,0.42,6691.34,0.0627,0.11,0.7289,96.27,86.55,0.539,2.611,42,0.052,36.11,3300,24,24.8,0,0
m_01714,grocer,268,227,0.849845307,512,11.59,0.299,5933.25,0.0416,0.0631,0.7538,97.99,95.72,0.849,1.198,38,0.347,14.04,2800,12,13.6,0,1
m_01715,takeaway,354,227,0.642692018,645,24.03,0.319,15501.02,0.2459,0.0526,0.8706,93.63,94.32,0.122,-0.784,62,0.323,25.17,7300,6,8.2,0,0
m_01716,cafe_bakery,268,148,0.555419627,379,27.67,0.336,10488.54,0.0624,0.0234,0.686,98,95.34,-0.4,-1.916,87,0.303,21.78,2200,6,0.5,0,0
m_01717,cafe_bakery,170,126,0.741811806,161,33.62,0.411,5412.52,0.0241,0.0852,0.844,94.52,93.12,-0.552,-0.12,41,0.565,16.31,1800,12,7.5,1,1
m_01718,grocer,182,127,0.702598065,208,49.44,0.415,10282.66,0.0533,0.0996,0.6798,95.5,90.84,-0.935,-1.141,23,0.147,20.93,3000,9,5.1,1,1
m_01719,kiosk,221,166,0.754361405,260,20.68,0.772,5376.21,0.0323,0.0793,0.7957,95.87,92.75,-1.922,1.728,31,0.367,35.47,2000,9,11.4,0,0
m_01720,kiosk,62,50,0.810479636,95,10.62,0.602,1008.74,0.0494,0.014,0.7905,95.87,93.89,2.227,0.604,18,0.32,31.85,400,18,12.8,0,0
m_01721,kiosk,304,249,0.820073345,721,15.38,0.083,11088.08,0.2283,0.0761,0.7841,97.31,98.43,3.656,2.013,67,0.322,30.62,5500,6,2.1,0,0
m_01722,cafe_bakery,271,171,0.63407845,368,8.99,0.329,3309.75,0.0993,0.0303,0.8162,96.78,93.76,-1.54,0.785,29,0.406,40.4,600,18,4.2,1,1
m_01723,cafe_bakery,300,166,0.55453561,247,18.43,0.289,4552.53,0.127,0.0265,0.5176,96.45,96.44,-0.904,-3.081,28,0.489,25.91,1800,9,11.5,0,0
m_01724,cafe_bakery,227,141,0.624921399,404,10.05,0.542,4061.25,0.0823,0.0107,0.7805,97.37,96.8,-1.622,-0.045,39,0.405,25.58,1700,6,7.4,0,0
m_01725,grocer,319,156,0.491143531,365,33.5,0.303,12227.95,0.0197,0.0084,0.7415,94.28,93.84,1.336,1.075,23,0.165,31.34,5200,6,5.1,1,1
m_01726,kiosk,381,307,0.805915083,425,19.72,0.42,8379.8,0.0356,0.0579,0.6759,90.53,99.89,-1.523,0.85,24,0.289,17.01,2000,12,10.5,0,0
m_01727,cafe_bakery,240,114,0.477579974,318,39.74,0.05,12637.9,0.1533,0.0145,0.8614,96.97,94.5,1.048,-0.809,18,0.218,35.33,2500,9,9.5,0,0
m_01728,kiosk,194,146,0.754528319,227,27.1,0.123,6150.62,0.1535,0.0152,0.8818,94.94,93.76,0.642,-0.68,20,0.464,33.14,1700,12,10.9,0,0
m_01729,kiosk,68,49,0.722305623,94,25.66,0.664,2411.91,0.1123,0.0517,0.9394,98.36,100,-0.23,-1.03,44,0.342,30.77,700,12,6,0,0
m_01730,grocer,318,182,0.573679318,337,6.67,0.358,2248.33,0.1005,0.0182,0.935,95.34,96.55,2.04,-3.04,41,0.213,19.98,1000,6,7.2,0,0
m_01731,cafe_bakery,364,326,0.897723768,923,24.01,0.2,22158.48,0.1119,0.0289,0.7621,91.31,86.43,-0.525,0.242,28,0.526,33.84,11000,12,2.3,1,1
m_01732,kiosk,288,229,0.797583748,317,48.83,0.386,15479.23,0.0844,0.0262,0.6376,96.64,85.36,0.003,1.858,94,0.155,44.21,7000,9,10.5,0,0
m_01733,kiosk,350,252,0.722820403,386,13,0.192,5018.54,0.0908,0.0499,0.9293,100,100,-1.825,-0.651,37,0.509,32.34,1200,6,7.3,0,0
m_01734,cafe_bakery,348,260,0.748247554,585,30.58,0.307,17887.3,0.0149,0.0514,0.8114,97.94,96.33,-3.662,-2.184,66,0.122,21.44,5400,6,6.9,0,1
m_01735,grocer,325,211,0.64933489,580,5.31,0.132,3082.63,0.0454,0.108,0.9171,92.74,95.3,1.59,2.289,32,0.337,44.78,1400,9,9.9,0,0
m_01736,kiosk,216,147,0.683301706,154,8.09,0.232,1246.24,0.0702,0.0094,0.7601,95.12,87.13,-0.927,3.026,3,0.101,31.48,400,24,3.7,0,0
m_01737,cafe_bakery,66,25,0.390754551,31,16.06,0.288,497.88,0.0045,0.0479,0.9409,95.51,95.41,1.735,-0.581,15,0.256,44.41,100,18,19.4,0,0
m_01738,kiosk,31,24,0.775042099,69,11.68,0.518,806.06,0.0593,0.116,0.8125,96.45,91.78,-0.528,-1.576,77,0.369,17.47,300,18,6.5,0,0
m_01739,kiosk,105,54,0.514490409,135,9.95,0.42,1343.36,0.1014,0.0367,0.797,95.24,94.74,-0.163,0.01,88,0.306,20.36,500,6,8.3,0,1
m_01740,grocer,189,161,0.8528326,251,11.72,0.446,2941.9,0.0698,0.0805,0.8783,91.73,93.09,0.309,0.862,71,0.369,35.12,1300,18,19.9,0,0
m_01741,takeaway,305,187,0.615049591,296,22.46,0.346,6649.03,0.1575,0.032,0.6454,96.59,94.84,-0.809,-0.599,40,0.146,2,2800,9,3.1,0,0
m_01742,grocer,198,124,0.626691187,227,30.79,0.473,6989.9,0.1172,0.0386,0.7557,100,96.77,-2.423,-2.84,44,0.076,46.16,1600,18,13.5,0,0
m_01743,kiosk,38,28,0.753315627,63,23.6,0.219,1486.56,0.1743,0.0045,0.7139,95.04,97.49,-1.307,2.221,33,0.22,40.03,500,12,12.1,0,1
m_01744,grocer,107,72,0.681719743,146,24.41,0.24,3563.16,0.2036,0.0445,0.6079,93.27,95.74,-1.425,0.784,60,0.06,20.38,700,18,7.3,1,1
m_01745,grocer,392,262,0.668611583,656,16.5,0.411,10821.97,0.0354,0.0074,0.813,100,96.43,-0.05,3.398,40,0.277,39.55,2000,12,13.9,0,0
m_01746,kiosk,395,200,0.50832341,183,7.93,0.308,1451.6,0.1934,0.1632,0.9094,100,88.86,1.675,0.385,52,0.249,27.91,700,24,3,1,1
m_01747,kiosk,169,107,0.635126698,278,15.7,0.348,4363.3,0.0434,0.0802,0.9538,95.78,95.66,-1.088,3.245,19,0.284,25,1100,9,10.6,0,0
m_01748,cafe_bakery,327,220,0.67553144,204,18.72,0.325,3818.72,0.0391,0.0347,0.8552,97.71,96.83,-0.149,-0.153,28,0.373,17.64,1500,18,8.8,1,1
m_01749,takeaway,296,197,0.668775873,539,31.59,0.538,17025.49,0.0822,0.0913,0.6906,97.66,95.68,0.358,-0.909,53,0.725,37.64,7000,18,18.7,0,0
m_01750,takeaway,374,297,0.794795352,265,43.34,0.546,11485.75,0.0752,0.0154,0.954,99.67,100,-1.191,-0.7,23,0.236,34.29,2600,24,24.9,0,0
m_01751,takeaway,358,202,0.564559777,218,21.36,0.256,4656.02,0.1686,0.0375,0.8137,93.65,94.94,0.578,3.949,30,0.529,30.22,800,9,7.6,1,1
m_01752,kiosk,262,163,0.624229593,195,29.73,0.086,5797.1,0.0499,0.0971,0.3947,96.91,90.7,1.651,-0.075,36,0.165,15.96,1600,18,1.4,0,0
m_01753,cafe_bakery,176,67,0.383075093,86,2.84,0.243,244.31,0.04,0.0495,0.6824,93.73,96,0.59,3.463,43,0.585,32.61,100,9,8.6,0,0
m_01754,kiosk,261,149,0.570916373,250,13.95,0.215,3486.82,0.049,0.0082,0.9336,98.04,93.7,-0.075,-0.623,25,0.281,37.33,1000,24,11.4,0,0
m_01755,grocer,148,57,0.388467673,127,16.45,0.475,2088.98,0.0195,0.0551,0.8394,100,89.1,-1.261,-2.469,53,0.421,45.02,500,12,6.1,0,0
m_01756,cafe_bakery,158,96,0.613518989,265,23.24,0.488,6158.48,0.0094,0.0753,0.7094,98,94.78,-0.178,1.698,39,0.313,26.09,1000,6,8,0,0
m_01757,kiosk,255,219,0.861342811,427,43.93,0.195,18759.34,0.0748,0.0894,0.7375,94.45,100,-1.129,-0.983,6,0.26,22.36,6600,12,1.6,1,1
m_01758,takeaway,241,196,0.814928689,386,20.6,0.237,7950.94,0.2019,0.0317,0.5816,99.99,94.52,-0.88,0.907,17,0.08,17.07,2500,24,0.5,0,0
m_01759,cafe_bakery,244,201,0.827265412,301,4.78,0.128,1439.75,0.017,0.0993,0.875,95.17,100,-0.183,0.702,17,0.153,28.62,700,9,9.5,0,1
m_01760,cafe_bakery,172,107,0.627614405,274,24.58,0.37,6733.65,0.0794,0.2328,0.7999,98.42,98.87,-0.312,0.672,20,0.428,36.03,1300,9,11.7,0,0
m_01761,takeaway,181,123,0.679892701,128,13.3,0.343,1701.78,0.1736,0.0766,0.9608,94.67,100,1.55,3.597,51,0.192,47.25,600,24,24.4,0,0
m_01762,kiosk,33,28,0.852277749,40,23.18,0.468,927.26,0.0413,0.0437,0.8906,93.01,97.82,-0.882,0.805,15,0.553,32.72,300,9,11.5,0,0
m_01763,takeaway,252,159,0.631927735,161,25.77,0.425,4148.65,0.0586,0.4169,0.6662,94.72,96.31,0.583,0.539,17,0.021,41.04,1400,9,0.7,1,1
m_01764,grocer,243,170,0.703100578,216,4.52,0.442,976.43,0.0994,0.0133,0.7726,88.89,96.36,-0.697,-0.41,96,0.315,29.2,200,9,9.2,0,0
m_01765,grocer,376,215,0.573049496,449,15.91,0.119,7143.85,0.1236,0.1031,0.8108,93.75,97.11,-1.366,1.376,20,0.159,34.89,1500,9,9.7,0,0
m_01766,takeaway,216,166,0.769337922,178,16.28,0.256,2898.41,0.0628,0.0122,0.938,100,94.96,0.91,1.192,29,0.069,22.37,500,6,6.7,0,0
m_01767,takeaway,203,118,0.585546878,120,20.45,0.492,2453.56,0.076,0.0189,0.8203,88.54,93.97,0.628,-0.503,39,0.228,30.48,500,6,7.2,0,1
m_01768,cafe_bakery,55,42,0.780662699,109,10.47,0.269,1141.76,0.1291,0.0582,0.7378,92.29,97.84,-0.9,2.184,23,0.271,17.72,400,6,7.1,0,0
m_01769,grocer,102,61,0.604195232,64,8.57,0.106,548.49,0.1169,0.0764,0.871,100,93.47,-4.688,-0.109,29,0.159,38.7,200,24,14.6,0,0
m_01770,takeaway,155,128,0.826212898,273,43.52,0.471,11881.08,0.0288,0.0179,0.9472,94.12,88.53,1.681,1.46,22,0.506,49.06,3200,18,15.1,0,0
m_01771,cafe_bakery,169,88,0.524004052,138,19.21,0.263,2651.24,0.0438,0.1151,0.7731,95.79,90.76,1.166,-2.352,27,0.247,29.51,700,24,3.1,1,1
m_01772,grocer,164,70,0.429964849,194,9.2,0.509,1785.23,0.1635,0.0276,0.8695,96.95,100,1.731,2.127,23,0.223,23.57,500,6,6.8,0,0
m_01773,grocer,175,109,0.627811967,256,11.9,0.347,3046.11,0.2153,0.1531,0.6734,92.06,94.72,1.812,-1.136,37,0.439,65,1100,9,9.9,0,0
m_01774,grocer,314,250,0.798373934,232,44.67,0.308,10364.13,0.094,0.0796,0.7666,100,99.07,0.022,1.651,27,0.149,39.48,4000,12,14.4,0,0
m_01775,takeaway,78,44,0.574211335,121,35.11,0.554,4248.18,0.103,0.0064,0.9223,96.64,93.21,-0.625,2.862,11,0.434,43.06,1200,6,6,0,0
m_01776,takeaway,152,105,0.69256947,179,11.06,0.155,1978.9,0.0138,0.0279,0.7485,95.1,99.56,-2.687,1.12,88,0.05,31.97,500,24,7.1,0,0
m_01777,kiosk,90,50,0.556003713,72,8.02,0.565,577.22,0.0425,0.0684,0.4732,99.83,97.61,0.203,2.605,13,0.388,17.74,200,9,8.5,1,1
m_01778,cafe_bakery,143,111,0.778553795,253,8.44,0.254,2135.07,0.0433,0.1289,0.7703,93.01,100,-0.674,-1.857,45,0.466,25.9,800,6,8.6,0,0
m_01779,grocer,283,236,0.836589775,561,32.97,0.374,18498.56,0.0842,0.091,0.7709,97.12,100,-1.174,0.135,23,0.499,28.85,4600,12,14.9,0,0
m_01780,kiosk,47,31,0.661473418,45,12.73,0.376,572.73,0.1896,0.0289,0.9263,93.96,98.94,-2.038,-0.996,38,0.121,27.67,100,6,4.2,0,0
m_01781,kiosk,155,73,0.472205923,114,5.8,0.286,660.87,0.1095,0.0296,0.7997,93.23,93.65,-1.545,-1.022,13,0.29,17.06,300,12,7.6,1,1
m_01782,grocer,38,25,0.664259501,28,12.14,0.236,340.02,0.2341,0.0412,0.7311,100,91.3,-2.019,-2.856,40,0.273,27.74,200,9,4.8,1,1
m_01783,kiosk,383,309,0.808339966,650,20.31,0.295,13204.38,0.1998,0.0155,0.6669,97.38,95.44,1.489,0.461,49,0.129,16.43,5200,12,14,0,0
m_01784,kiosk,299,158,0.530589771,459,15.73,0.198,7221.54,0.1935,0.0885,0.6086,99.84,96.08,1.673,2.181,36,0.036,14.59,3100,24,11.7,0,0
m_01785,cafe_bakery,120,88,0.741302258,151,35.46,0.644,5354.15,0.0248,0.0299,0.9237,95.44,94.36,-1.113,2.833,37,0.163,20.13,2700,9,5,0,0
m_01786,grocer,103,79,0.772462793,236,20.47,0.278,4830.19,0.0726,0.0727,0.892,93.91,98.82,1.837,-1.813,21,0.2,25.05,1100,9,9.9,0,0
m_01787,kiosk,66,17,0.271887499,20,22.17,0.524,443.49,0.0815,0.1238,0.9194,87.65,96.31,0.154,-0.659,29,0.328,25.71,100,9,3.4,1,1
m_01788,takeaway,204,129,0.635446649,329,28.69,0.504,9438.71,0.0928,0.0591,0.9694,96.05,95.99,2.202,-1.181,11,0.101,26.59,3500,6,1.7,0,0
m_01789,grocer,308,181,0.588871315,514,27.81,0.404,14294.83,0.1215,0.0695,0.878,92.03,100,0.895,-1.318,16,0.165,45.97,7100,9,9.8,0,1
m_01790,kiosk,246,202,0.823005763,467,12.1,0.33,5652.62,0.1262,0.0755,0.9034,97.28,96.42,0.948,-0.293,54,0.106,26.62,2000,9,11.5,0,0
m_01791,kiosk,355,250,0.705660932,260,8.12,0.379,2110.69,0.1083,0.1099,0.8494,93.12,90.58,0.368,0.339,111,0.326,9.41,1000,9,1.6,0,0
m_01792,takeaway,157,103,0.662194678,156,19.49,0.436,3039.99,0.0657,0.1166,0.8836,98.4,100,-1.083,-0.28,44,0.427,24.36,1500,9,9.7,0,0
m_01793,grocer,132,103,0.782344274,101,17.88,0.365,1806.25,0.0209,0.0525,0.9306,100,96.84,-1.98,-2.485,38,0.368,25.13,800,12,9.7,0,0
m_01794,cafe_bakery,206,116,0.565893298,246,20.56,0.115,5057.67,0.042,0.084,0.6638,100,94.91,0.307,2.238,9,0.186,4.93,1800,9,2.4,1,1
m_01795,takeaway,104,39,0.37692941,116,21.61,0.077,2506.24,0.0282,0.0557,0.7602,97.96,92.18,-0.143,0.656,36,0.206,27.4,1000,6,7.7,0,0
m_01796,grocer,390,240,0.617193739,389,41.64,0.576,16197.42,0.0558,0.0401,0.5808,96.97,100,3.899,1.087,17,0.25,21.92,6200,12,7.5,0,0
m_01797,kiosk,98,64,0.65984909,74,14.28,0.05,1056.39,0.0544,0.0553,0.9647,94.9,100,1.122,1.202,41,0.109,26.45,300,6,7.8,0,0
m_01798,cafe_bakery,207,161,0.782163002,223,22.12,0.379,4933.44,0.1021,0.1343,0.8018,94.66,93.31,-1.267,1.533,69,0.338,29.5,1000,18,4.1,0,0
m_01799,kiosk,223,145,0.651122551,298,8.09,0.315,2411.8,0.0443,0.0913,0.8613,94.24,97.19,-0.127,0.607,22,0.183,25.78,400,12,4.6,0,0
m_01800,grocer,51,32,0.6378244,65,9.94,0.374,646.07,0.0947,0.1239,0.8553,100,97.76,-0.553,-1.367,33,0.316,25.96,100,6,5.9,0,0
m_01801,kiosk,203,142,0.700582082,185,17.2,0.179,3182.06,0.0889,0.0664,0.9635,95.82,89.03,-0.059,3.331,34,0.267,21.9,1100,9,9.8,0,1
m_01802,takeaway,198,132,0.666788801,323,8.98,0.403,2900.03,0.0687,0.1173,0.8031,100,95.83,-1.967,1.577,35,0.488,32.68,800,12,12.4,0,0
m_01803,kiosk,125,101,0.815050018,100,24.86,0.381,2485.59,0.081,0.0345,0.9154,94.21,89.04,1.361,-1.495,43,0.1,23.02,500,12,12.2,0,0
m_01804,takeaway,77,56,0.738444113,121,22.69,0.764,2746.08,0.1372,0.0464,0.8992,96.58,95.93,-0.593,-1.467,22,0.213,33.4,1100,6,6.5,0,0
m_01805,grocer,46,29,0.649671084,50,11.16,0.369,557.85,0.1186,0.0372,0.6002,93.2,100,0.981,4.28,17,0.146,16.05,200,24,22,0,0
m_01806,grocer,33,27,0.832847789,29,14.94,0.552,433.13,0.0842,0.1349,0.8673,98.6,90.2,-0.905,-0.025,76,0.276,22.82,100,12,3.6,1,1
m_01807,kiosk,208,97,0.467887925,212,33.17,0.125,7031.87,0.0791,0.0159,0.7909,96.39,100,-0.596,-1.055,41,0.084,31.84,3400,24,14.5,0,0
m_01808,cafe_bakery,63,38,0.618208542,86,19.35,0.503,1663.9,0.0452,0.0462,0.8916,96.9,100,0.89,-0.761,62,0.146,15.79,500,6,5.4,0,0
m_01809,cafe_bakery,384,284,0.741932703,502,55.55,0.384,27887.21,0.056,0.0631,0.7457,96.07,95.98,-3.107,1.202,58,0.297,21.45,9100,6,6.4,0,0
m_01810,cafe_bakery,120,86,0.719446944,219,14.94,0.39,3272.73,0.0772,0.0672,0.8969,98.67,98.06,1.481,-0.651,22,0.433,32.54,1500,12,10,0,0
m_01811,kiosk,271,146,0.541510113,280,16.05,0.393,4494.28,0.062,0.0326,0.8374,99.01,94.87,2.205,0.567,46,0.476,19.46,2100,9,3.2,0,0
m_01812,grocer,279,160,0.573720659,228,17.2,0.606,3921.83,0.3016,0.0619,0.8047,99.49,94.21,2.176,4.919,47,0.284,39.11,1400,6,7.4,0,0
m_01813,takeaway,213,108,0.507822751,312,5.25,0.388,1637.03,0.1301,0.0943,0.5901,94.18,96.81,-1.051,-2.842,29,0.289,27.26,500,18,12.2,1,1
m_01814,kiosk,356,190,0.535709979,546,15.59,0.232,8511.69,0.2478,0.1054,0.9439,97.96,92.9,0.453,-0.512,23,0.237,24.07,1800,24,26.5,0,1
m_01815,cafe_bakery,70,41,0.594625096,41,15.25,0.258,625.35,0.0962,0.0803,0.8257,95.51,97.89,-0.669,0.423,29,0.037,32.97,100,12,12,0,0
m_01816,cafe_bakery,116,70,0.605189801,201,26.19,0.473,5265.08,0.1161,0.1176,0.7239,100,96.17,-2.229,-3.228,30,0.112,27.82,2300,18,5.9,0,0
m_01817,takeaway,123,74,0.607264677,185,33.95,0.417,6280.11,0.1663,0.0458,0.8623,97.74,91.73,0.133,1.334,26,0.157,27.48,1700,6,7.9,0,0
m_01818,cafe_bakery,80,72,0.902063858,74,14.14,0.12,1046.43,0.0508,0.0252,0.9056,97.9,98.84,-2.185,2.091,20,0.263,25.24,500,24,12.4,0,0
m_01819,grocer,139,105,0.759708483,203,3.38,0.427,686.62,0.075,0.0283,0.6045,96.17,98.94,0.899,-2.477,44,0.003,25.65,200,24,26.9,0,0
m_01820,kiosk,145,105,0.724993508,92,18.84,0.188,1733.44,0.0897,0.0307,0.7814,94.56,100,1.228,0.137,17,0.38,16.67,400,24,16.6,0,0
m_01821,takeaway,312,116,0.37317445,243,8.9,0.416,2163.75,0.0176,0.0555,0.9252,97.22,94.08,1.937,0.666,51,0.058,33.61,400,18,19.9,0,0
m_01822,grocer,141,97,0.691536381,276,19.86,0.229,5481.02,0.1507,0.0372,0.6581,100,100,0.769,1.449,92,0.177,21.13,1700,18,9.1,1,1
m_01823,grocer,354,324,0.915866041,521,19.55,0.308,10184.61,0.2387,0.0109,0.8936,94.69,100,-0.62,5.638,37,0.437,36.98,5000,6,7.6,0,0
m_01824,takeaway,315,186,0.593231388,356,10.6,0.268,3773.98,0.0522,0.0315,0.8935,100,96.12,-0.283,-1.183,35,0.319,17.8,1500,9,6.1,1,1
m_01825,cafe_bakery,363,270,0.744677842,351,18.94,0.578,6647.15,0.0406,0.0825,0.784,98.71,96.47,0.184,1.375,27,0.192,38.84,2100,9,4.5,1,1
m_01826,kiosk,68,42,0.619358069,83,5.95,0.41,493.45,0.1041,0.0441,0.6761,90.91,98.71,2.194,0.045,55,0.259,19.48,100,12,13,0,1
m_01827,cafe_bakery,394,308,0.781917967,790,20.6,0.539,16275.09,0.1579,0.0017,0.9443,94.25,87.34,2.21,-0.296,31,0.468,34.52,5200,24,24.6,0,0
m_01828,takeaway,257,187,0.73125664,238,27.64,0.784,6578.42,0.0274,0.105,0.6352,100,90.54,-0.126,0.332,35,0.256,23.06,1400,9,9.6,0,0
m_01829,kiosk,393,331,0.843385027,667,23.3,0.357,15539.17,0.0464,0.1244,0.8706,96.64,93.8,1.474,1.122,42,0.123,28.95,5000,12,14.2,0,0
m_01830,kiosk,161,59,0.370208981,93,12.28,0.575,1142.33,0.1027,0.0484,0.7114,94.29,94.64,-0.774,0.319,20,0.247,21.24,200,24,5,0,0
m_01831,takeaway,382,158,0.414923834,386,26.45,0.245,10209.32,0.0395,0.0356,0.8197,94.38,96.45,0.654,0.851,20,0.407,19.3,1600,9,2.9,1,1
m_01832,cafe_bakery,247,167,0.680094003,391,24.71,0.538,9660.14,0.0543,0.0647,0.7868,96.59,97.07,-0.524,0.139,27,0.204,23.55,4700,9,11.9,0,0
m_01833,takeaway,56,47,0.842971796,109,25.37,0.229,2764.83,0.0321,0.1025,0.9325,99.75,90.51,0.366,-1.574,25,0.022,33.56,1100,6,5.9,0,0
m_01834,grocer,181,139,0.772922028,226,36.3,0.347,8203.94,0.1485,0.0713,0.9649,95.99,100,-1.233,1.951,71,0.096,33.55,3800,12,14.1,0,0
m_01835,takeaway,80,54,0.687192943,114,21.78,0.431,2482.56,0.0672,0.0302,0.9172,94.67,97.33,-2.131,2.353,36,0.063,32.5,600,6,8.4,0,1
m_01836,cafe_bakery,378,209,0.55390263,466,8.29,0.454,3861.47,0.0966,0.1164,0.8968,90.2,96.24,-1.869,2.263,18,0.19,29.49,1300,24,8.4,1,1
m_01837,cafe_bakery,142,112,0.794464372,257,9.29,0.159,2387.29,0.0509,0.0382,0.8943,94.27,97.96,0.875,1.649,28,0.184,47.75,700,18,19.9,0,0
m_01838,kiosk,112,60,0.535883125,123,21.79,0.22,2679.87,0.0517,0.0026,0.9442,94.91,93.54,-1.671,-1.252,47,0.106,19.01,700,6,4.3,0,0
m_01839,kiosk,234,226,0.966069162,611,4.63,0.442,2830.04,0.1687,0.1964,0.8857,97.96,95.05,-0.512,-1.607,66,0.164,25.93,900,18,20.8,0,0
m_01840,grocer,187,95,0.50993277,127,15.44,0.295,1960.64,0.0994,0.0209,0.9409,98.22,91.67,1.336,2.132,127,0.238,2.66,1000,9,10,0,0
m_01841,takeaway,65,29,0.44830924,26,13.67,0.14,355.32,0.0188,0.052,0.841,100,87.18,1.681,-2.108,16,0.16,31.3,100,18,9.7,0,0
m_01842,grocer,332,178,0.538102007,519,24.29,0.339,12605.11,0.1419,0.1282,0.7087,93.43,95.05,-1.469,-1.071,90,0.119,18.36,3100,24,19.7,0,0
m_01843,takeaway,342,275,0.806351105,256,7.23,0.332,1851.66,0.0122,0.0207,0.8047,97.4,100,-3.601,4.592,41,0.055,26.76,300,24,26.9,0,0
m_01844,kiosk,304,238,0.786097842,663,24.57,0.377,16290.16,0.1152,0.1188,0.631,97.48,93.73,-1.205,1.316,65,0.087,19.91,2600,18,14,0,0
m_01845,kiosk,258,212,0.824618913,455,14.87,0.429,6765.86,0.0471,0.0267,0.7163,94,89.77,0.301,0.619,26,0.282,25.55,2200,24,26.4,0,0
m_01846,kiosk,178,87,0.493891454,245,20.94,0.42,5129.9,0.0372,0.0232,0.9506,99.74,98.26,1.007,-3.404,63,0.429,28.61,1900,6,7.5,0,0
m_01847,grocer,230,179,0.778596591,365,7.69,0.235,2807.97,0.0563,0.0238,0.6409,100,94.09,-1.77,-1.042,68,0.278,20.13,1200,6,5.6,0,0
m_01848,cafe_bakery,222,173,0.779324593,450,25.13,0.288,11309.71,0.0626,0.0568,0.8197,97.07,97.75,-2.65,1.972,52,0.276,30.28,3000,6,7.1,0,0
m_01849,takeaway,91,66,0.728563821,157,30.47,0.489,4784.39,0.0569,0.0176,0.9895,95.57,98.64,-1.362,-2.667,82,0.28,22.93,1800,6,3.7,1,1
m_01850,cafe_bakery,60,27,0.458524767,52,82.26,0.269,4277.6,0.091,0.0522,0.8913,100,93.97,-0.779,1.105,21,0.383,20.7,600,18,18.6,0,0
m_01851,kiosk,123,92,0.750525772,147,20.12,0.291,2958.16,0.0509,0.0432,0.6634,98.31,97.66,3.131,-2.464,26,0.304,33.59,500,6,6.1,0,0
m_01852,kiosk,198,183,0.926491653,147,29.85,0.124,4388.35,0.1094,0.048,0.5479,93.35,95.86,0.165,-0.948,30,0.223,29.34,1900,9,10.6,0,0
m_01853,cafe_bakery,89,50,0.566819224,67,8.96,0.346,600.22,0.1058,0.0302,0.9895,96.42,88.13,0.973,-2.847,19,0.166,9.88,100,9,10.2,0,1
m_01854,cafe_bakery,69,31,0.457229658,89,35.19,0.402,3131.68,0.029,0.0372,0.779,95.91,93.9,1.65,0.49,47,0.473,23.92,1300,9,11.1,0,0
m_01855,kiosk,345,331,0.962201852,465,6.27,0.054,2914.56,0.2037,0.0591,0.7006,94.46,92.68,-0.674,-3.101,50,0.056,17.4,1300,9,2.7,0,0
m_01856,kiosk,168,124,0.739739199,304,43.17,0.189,13125.07,0.1771,0.0685,0.7695,94.6,89.97,0.151,0.132,13,0.421,40.35,6400,12,10.3,0,0
m_01857,takeaway,246,202,0.824712327,387,18.94,0.137,7330.06,0.1165,0.1178,0.7359,94.99,92.61,0.379,1.578,59,0.45,19.86,1600,24,21.6,1,1
m_01858,cafe_bakery,223,195,0.875864242,288,6.71,0.468,1932.25,0.019,0.0041,0.8854,99.43,98.68,0.909,0.7,51,0.348,20.93,900,6,7.9,0,0
m_01859,grocer,301,256,0.850777127,762,13.91,0.063,10596.95,0.0169,0.1008,0.8773,96.12,96.06,-0.193,1.23,47,0.202,27.63,2500,12,13.4,0,0
m_01860,kiosk,303,169,0.5599139,152,29.67,0.338,4509.87,0.247,0.0934,0.8406,97.26,88.58,1.566,0.752,6,0.144,32.12,1000,12,5.2,0,0
m_01861,kiosk,139,60,0.436950622,124,15.62,0.458,1936.8,0.0263,0.0479,0.7908,99.9,91.56,1.655,0.118,40,0.114,20.47,700,18,4.9,0,0
m_01862,cafe_bakery,343,289,0.843823096,524,15.49,0.378,8116.61,0.0812,0.0012,0.874,96.1,96.06,-0.425,0.163,89,0.085,28.73,1600,6,8.1,0,0
m_01863,cafe_bakery,167,110,0.65906468,106,28.11,0.284,2979.17,0.0547,0.0979,0.827,93.39,95.99,1.139,0.886,45,0.441,29.85,1100,6,6.3,0,0
m_01864,grocer,339,160,0.472065439,203,16.43,0.402,3335.65,0.1959,0.0512,0.7809,99.83,94.72,0.584,-1.884,28,0.565,10.96,1400,12,1.4,1,1
m_01865,cafe_bakery,179,153,0.856032058,356,33.93,0.506,12079.38,0.1507,0.0513,0.5487,95.86,99.01,3.993,-0.492,25,0.157,31.78,5500,6,6.9,0,0
m_01866,cafe_bakery,71,37,0.522272894,38,12.04,0.334,457.41,0.0886,0.0149,0.6689,100,97.48,1.344,4.368,64,0.16,22.21,100,9,11.8,0,1
m_01867,kiosk,311,182,0.585992533,466,4.92,0.05,2291.75,0.1499,0.0208,0.7972,100,93.71,0.579,1.269,26,0.554,15.84,400,6,8.1,0,0
m_01868,takeaway,41,35,0.862542414,76,17.02,0.522,1293.89,0.1794,0.0274,0.8168,98.59,93.3,-0.854,2.798,45,0.515,44.94,400,18,20.1,0,0
m_01869,cafe_bakery,315,134,0.426705297,136,18.27,0.41,2485.23,0.029,0.0673,0.7893,97.68,95.19,-1.552,0.981,19,0.442,18.66,1000,6,8.3,0,1
m_01870,kiosk,45,41,0.916981567,58,11.74,0.345,680.9,0.0931,0.0991,0.5991,100,87.67,0.792,-1.164,81,0.146,34.66,300,12,12.2,0,1
m_01871,grocer,106,77,0.726974165,84,20.59,0.053,1729.64,0.0311,0.0453,0.946,97.75,97.17,-2.562,-0.309,62,0.342,31.85,300,9,11.7,0,1
m_01872,grocer,253,187,0.742929417,477,5.55,0.305,2648.77,0.0263,0.0279,0.9174,90.49,90.97,2.436,-3.185,64,0.104,10.9,1000,24,2.2,0,0
m_01873,takeaway,378,321,0.849449663,633,20.94,0.219,13257.7,0.1453,0.0406,0.8611,96.69,100,-3.089,3.049,56,0.158,19.83,4600,12,12.3,0,0
m_01874,takeaway,181,125,0.693301892,100,8,0.168,800.45,0.0824,0.0496,0.6808,98.71,89.15,-1.544,2.091,37,0.073,16.39,200,12,14.9,0,0
m_01875,kiosk,74,58,0.792787737,115,6.69,0.33,769.71,0.1389,0.0185,0.8334,93.99,97.48,1.5,-1.373,18,0.167,36.09,200,18,19.4,0,1
m_01876,cafe_bakery,116,94,0.813673239,175,17.97,0.27,3144.34,0.0163,0.0134,0.7729,100,88.04,-0.053,1.829,19,0.124,34.95,1500,9,11.7,0,0
m_01877,grocer,361,182,0.506910348,403,6.31,0.279,2544.75,0.0443,0.1069,0.8838,96.56,93.42,0.275,1.649,53,0.417,42.86,1100,18,19.6,0,0
m_01878,takeaway,298,265,0.890473261,232,3.72,0.461,863.53,0.141,0.0398,0.8897,98.69,97.58,-1.031,0.454,33,0.277,17.56,200,9,8.7,0,0
m_01879,kiosk,67,31,0.469901371,27,22.6,0.388,610.15,0.0734,0.0747,0.7317,100,99.67,-0.191,1.252,38,0.253,50.44,100,18,18.6,0,0
m_01880,cafe_bakery,172,144,0.838385483,225,8.64,0.276,1944.64,0.0973,0.0088,0.9271,98.81,99.47,1.026,1.44,40,0.056,36.39,800,12,14.8,0,0
m_01881,takeaway,127,83,0.661202861,192,23.97,0.257,4602.64,0.0198,0.0319,0.8453,96.68,98.75,-1.248,1.069,12,0.181,43.55,1200,6,6.3,0,0
m_01882,cafe_bakery,95,86,0.912743655,194,14.51,0.282,2815.34,0.0803,0.0422,0.8089,98.2,99.19,-0.393,0.602,50,0.017,28.72,400,9,6,0,0
m_01883,grocer,343,221,0.645738342,312,17.96,0.313,5602.77,0.0203,0.0372,0.8308,96.42,99.53,0.008,0.472,34,0.131,24.52,2100,6,8.7,0,0
m_01884,cafe_bakery,258,173,0.67176789,220,29.94,0.438,6586.49,0.1566,0.024,0.6168,96.72,93.74,-0.406,-0.835,74,0.166,18.92,2200,9,9.5,0,1
m_01885,kiosk,96,80,0.841500183,184,21.88,0.194,4025.71,0.0909,0.0707,0.8245,93.56,94.45,1.126,2.117,34,0.245,39.78,900,12,12.7,0,0
m_01886,cafe_bakery,270,180,0.670344974,154,24.27,0.569,3737.91,0.051,0.0248,0.8554,96.22,98.68,0.689,4.263,60,0.108,26.06,1800,12,12,0,1
m_01887,grocer,183,149,0.817752235,301,23.76,0.438,7151.99,0.2051,0.0516,0.415,93.39,100,-0.157,-1.94,58,0.089,26.18,2900,24,16.8,0,0
m_01888,kiosk,52,47,0.914068345,81,11.04,0.05,894.21,0.1311,0.09,0.7996,96.99,95.32,-2.559,0.369,37,0.235,38.52,200,9,9.4,0,0
m_01889,takeaway,196,183,0.935794845,242,21.3,0.363,5155.75,0.0591,0.0369,0.9039,95.78,93.77,1.773,-1.007,21,0.303,35.48,2600,12,12.5,0,0
m_01890,grocer,98,77,0.791612977,149,9.4,0.506,1401.07,0.0866,0.098,0.5051,98.51,93.64,-1.386,1.401,47,0.179,25.38,400,6,5.7,1,1
m_01891,takeaway,120,56,0.470660072,71,21.33,0.408,1514.62,0.043,0.0355,0.6637,92.51,92.59,2.664,1.153,54,0.308,28.83,400,18,8.5,0,0
m_01892,kiosk,355,225,0.63525749,459,14.09,0.288,6466.46,0.3159,0.0437,0.6395,94.22,97.78,-1.267,0.569,92,0.141,30.29,1200,9,5.8,0,0
m_01893,grocer,292,90,0.309663818,101,15.91,0.341,1607.39,0.0495,0.0492,0.9311,94.24,100,0.381,-0.883,57,0.156,28.15,600,24,3.6,1,1
m_01894,takeaway,79,53,0.676066959,89,40.43,0.377,3598.13,0.0367,0.078,0.6094,96.96,97.84,0.954,-0.646,42,0.551,39.18,1300,9,10,0,0
m_01895,cafe_bakery,344,246,0.71756164,473,23.18,0.465,10965.85,0.0826,0.0164,0.7526,96.26,95.82,-0.295,-1.221,44,0.283,32.72,3300,12,13.1,0,0
m_01896,grocer,242,48,0.199778337,41,11.59,0.138,475.25,0.1015,0.0737,0.7156,100,100,0.468,-3.143,45,0.19,24.42,100,24,13.1,0,0
m_01897,cafe_bakery,353,158,0.450358898,338,5.53,0.259,1868.39,0.0997,0.0154,0.8877,97.13,95.93,-0.424,2.758,55,0.19,40.36,600,9,7.1,1,1
m_01898,kiosk,306,223,0.729101378,546,18.3,0.596,9993.08,0.1823,0.0205,0.6349,97,100,2.834,1.637,30,0.274,21.47,1800,18,19.7,0,0
m_01899,cafe_bakery,155,71,0.459653288,206,6.07,0.355,1250.07,0.0605,0.0247,0.7564,93.83,91.61,0.303,2.881,42,0.039,26.58,400,18,13.1,1,1
m_01900,kiosk,227,161,0.710254218,200,43.35,0.579,8670.05,0.0136,0.0505,0.8725,96.13,96.83,-0.175,-0.398,13,0.412,25.29,4100,18,19.7,0,0
m_01901,kiosk,226,159,0.707872784,200,16.19,0.798,3238.65,0.1538,0.0277,0.8931,93,92.04,0.366,1.28,23,0.107,23.68,1400,12,12.2,0,0
m_01902,takeaway,296,208,0.703851843,305,28.25,0.276,8615.84,0.1452,0.0218,0.636,98.48,92.29,1.698,-1.395,44,0.129,24.5,3200,6,8.6,0,0
m_01903,kiosk,121,82,0.680916034,226,7,0.17,1581.97,0.1153,0.0202,0.8735,99.49,92.74,0.586,-0.839,67,0.381,37.16,700,24,6,0,0
m_01904,takeaway,153,131,0.856471372,222,22.84,0.31,5070.39,0.241,0.046,0.8484,92.48,96.24,0.275,4.399,41,0.461,28.3,2500,12,12.8,0,0
m_01905,grocer,120,69,0.577465246,101,31.63,0.515,3194.93,0.0643,0.0661,0.9042,97.13,94.14,-2.152,-0.446,58,0.368,44.72,1300,12,11.5,0,0
m_01906,kiosk,139,120,0.863793875,291,23.93,0.536,6964.01,0.1299,0.0706,0.6599,96.69,87.72,1.733,2.195,59,0.377,22.61,1300,9,11.4,0,0
m_01907,grocer,89,45,0.516364447,39,27.04,0.691,1054.45,0.0268,0.1069,0.9364,100,94.26,0.525,0.802,57,0.273,21.77,200,24,24.9,0,0
m_01908,kiosk,43,35,0.826867088,70,21.64,0.344,1514.68,0.1241,0.0633,0.6133,94,93.5,-0.668,-2.49,17,0.179,14.76,600,9,9.1,0,0
m_01909,kiosk,377,264,0.701685301,472,13.3,0.423,6276.63,0.042,0.0431,0.92,94.72,89,0.49,0.031,28,0.273,14.72,2200,12,14.5,0,1
m_01910,grocer,57,27,0.488022332,58,9.66,0.243,560.18,0.0194,0.0017,0.6358,97.79,97.81,2.086,1.056,67,0.067,20.09,200,12,6,1,1
m_01911,grocer,358,134,0.37509328,322,10.7,0.05,3443.84,0.0711,0.045,0.5938,95.54,98.66,1.073,1.719,36,0.264,19.68,1200,24,5.3,0,0
m_01912,cafe_bakery,31,24,0.790700596,36,43.93,0.344,1581.58,0.1157,0.0719,0.4938,95.69,98.47,2.953,-3.274,39,0.469,22,300,18,10.3,0,0
m_01913,grocer,317,203,0.64168136,446,19.46,0.177,8677.21,0.1358,0.0473,0.8866,95.64,100,1.312,-1.631,42,0.28,29.26,1600,12,12.3,0,0
m_01914,kiosk,151,97,0.646859022,189,33.33,0.447,6299.21,0.0705,0.0204,0.6485,98.57,91.51,-2.894,0.921,76,0.192,19.64,1400,24,7.9,1,1
m_01915,grocer,221,159,0.722980507,174,12.03,0.068,2093.76,0.125,0.0602,0.6018,100,91.61,1.891,-1.582,25,0.295,44.27,800,9,11.5,0,0
m_01916,grocer,134,92,0.686614444,252,26.12,0.239,6582.14,0.1148,0.0803,0.7202,96.75,95.86,-2.615,2.738,55,0.335,26.72,2300,6,7.1,0,0
m_01917,takeaway,211,173,0.822224072,425,9.21,0.39,3912.97,0.06,0.0623,0.8718,96.19,95.52,2.026,0.176,44,0.152,35.81,600,12,14.7,0,0
m_01918,kiosk,197,141,0.716588515,398,14.75,0.406,5872.13,0.0996,0.0999,0.9451,98.99,96.53,1.328,1.273,41,0.778,19,1700,6,3.4,0,0
m_01919,kiosk,226,194,0.860079818,462,12.91,0.343,5966.72,0.2174,0.0493,0.6113,97.62,99.34,2.52,2.892,29,0.359,23.85,1200,6,3.6,0,0
m_01920,grocer,175,91,0.521043384,121,41.12,0.63,4975.99,0.091,0.0352,0.8502,97.48,94.98,0.664,-2.129,50,0.119,30.79,1400,12,14.2,0,1
m_01921,cafe_bakery,228,142,0.624850794,248,10.26,0.585,2545.57,0.1019,0.0605,0.9036,100,100,0.429,1.225,35,0.209,31.93,800,18,20.4,0,0
m_01922,kiosk,335,202,0.604622255,333,24.47,0.247,8148.93,0.0462,0.0323,0.7487,93.8,92.91,1.858,0.569,70,0.168,36.59,2500,18,12.4,1,1
m_01923,kiosk,190,90,0.474325576,79,21.97,0.591,1735.44,0.022,0.1299,0.8479,96.21,93.97,-1.765,0.63,56,0.31,14.76,800,18,9.3,0,0
m_01924,takeaway,163,142,0.873416563,241,7.46,0.614,1797.23,0.1789,0.1321,0.6896,94.06,91.56,0.06,-0.147,51,0.238,54.04,300,12,12.6,0,0
m_01925,kiosk,78,52,0.6691613,81,33.53,0.331,2715.96,0.2056,0.0358,0.6933,95.39,82.35,-0.345,0.619,63,0.223,43.76,600,24,1.8,0,0
m_01926,cafe_bakery,163,89,0.551517194,71,35.75,0.357,2538.37,0.1439,0.0635,0.8163,93.18,89,-0.644,-5.552,26,0.205,30.02,800,12,13.7,0,0
m_01927,cafe_bakery,76,38,0.506002106,101,19.5,0.342,1969.96,0.0214,0.0114,0.7523,95.87,99.58,-0.856,2.788,83,0.204,31.22,800,18,20.6,0,0
m_01928,cafe_bakery,97,65,0.677431663,72,17.61,0.253,1268.25,0.032,0.0247,0.9246,98.11,100,0.237,-2.372,44,0.297,29.94,600,6,6.8,0,0
m_01929,grocer,382,127,0.334975883,241,4.85,0.268,1168.37,0.2249,0.0767,0.6873,89.11,90.88,1.077,3.849,37,0.288,18.22,400,6,2.4,0,0
m_01930,takeaway,63,40,0.636569643,101,6.7,0.548,677.05,0.042,0.1442,0.797,96.02,99.73,2.231,-1.599,64,0.195,14.18,300,9,2.2,0,0
m_01931,grocer,208,113,0.545041658,240,14.51,0.416,3482.29,0.1223,0.0111,0.7799,96.73,86.29,-0.427,-1.686,26,0.082,16.34,1200,24,21,0,0
m_01932,kiosk,338,204,0.605599003,239,9.41,0.267,2247.84,0.2031,0.0271,0.8789,96.17,91.87,-0.551,1.11,40,0.146,15.07,1000,12,7.6,1,1
m_01933,kiosk,382,186,0.488190612,401,28.27,0.211,11335.38,0.0093,0.0055,0.8658,91.97,94.13,-4.231,0.843,38,0.556,44.66,3100,12,13.8,0,0
m_01934,takeaway,84,67,0.807513069,165,6.52,0.236,1075.19,0.0581,0.0383,0.9386,99.87,100,2.197,1.202,33,0.013,22.94,300,6,5.3,0,0
m_01935,takeaway,90,68,0.765478048,182,6.1,0.325,1109.72,0.0545,0.0379,0.894,99.83,100,-2.037,1.024,57,0.267,38.86,500,18,20.9,0,0
m_01936,takeaway,167,128,0.769405749,192,23.22,0.487,4457.98,0.06,0.071,0.8428,100,94.15,0.721,0.019,50,0.097,25.4,1500,24,10.1,0,0
m_01937,kiosk,235,140,0.596955581,122,21.09,0.221,2573.52,0.0285,0.0732,0.8534,95.32,95.73,0.439,-0.435,36,0.313,26.59,900,12,13.3,0,0
m_01938,kiosk,385,253,0.658229043,540,18.68,0.485,10088.5,0.0808,0.0883,0.6866,97.52,100,1.486,1.465,68,0.021,25.46,4300,9,11.9,0,1
m_01939,cafe_bakery,106,45,0.431142998,58,26.18,0.38,1518.29,0.1246,0.084,0.6607,94.81,100,-1.319,-1.083,44,0.132,22.05,600,12,5.9,1,1
m_01940,takeaway,90,61,0.681920959,153,11.39,0.371,1743.3,0.1318,0.0145,0.5194,93.78,100,0.861,0.539,48,0.312,45.33,400,9,9.8,0,0
m_01941,takeaway,123,114,0.933359325,261,13.29,0.504,3467.67,0.1102,0.0012,0.9121,93.63,91.16,2.443,-3.089,52,0.567,29.15,700,9,11.8,0,0
m_01942,grocer,353,254,0.720244916,635,20.71,0.477,13151.57,0.0789,0.0098,0.8526,97.6,99.5,0.349,0.808,22,0.334,41.85,2000,24,21.2,1,1
m_01943,takeaway,41,36,0.89128963,105,19.44,0.139,2040.8,0.1231,0.0303,0.941,99.51,93.42,-1.314,0.497,37,0.656,30.16,800,18,18.2,0,0
m_01944,grocer,170,59,0.349814984,123,9.93,0.187,1221.86,0.1815,0.04,0.8662,100,100,-2.201,0.218,34,0.14,42.03,400,18,18.3,0,0
m_01945,kiosk,74,37,0.50011047,103,30.9,0.316,3182.59,0.1703,0.0166,0.9221,96.85,98.53,2.233,3.712,30,0.013,28.8,900,6,8.4,0,0
m_01946,kiosk,88,64,0.730393228,141,7.61,0.403,1072.95,0.2007,0.0131,0.8876,94.95,91.91,-0.659,3.29,33,0.527,25.19,200,12,14.6,0,1
m_01947,cafe_bakery,369,198,0.53818715,237,13.97,0.555,3310.15,0.2333,0.0571,0.6141,96.71,100,-0.361,2.129,96,0.274,13.17,700,6,2.6,1,1
m_01948,kiosk,30,24,0.828769694,61,7.99,0.36,487.54,0.1787,0.02,0.7239,99.91,98.12,3.793,2.085,29,0.306,35.3,200,6,8,0,0
m_01949,cafe_bakery,148,117,0.796373599,272,54.44,0.606,14808.72,0.1531,0.1419,0.775,100,97.59,1.384,0.511,64,0.478,43.23,3000,18,19.8,0,0
m_01950,kiosk,368,266,0.722871729,785,17.9,0.244,14051.66,0.0486,0.0563,0.8198,100,96.12,1.718,0.915,49,0.345,37.84,4800,12,13.8,0,0
m_01951,kiosk,255,158,0.6221873,211,9.01,0.269,1901.79,0.0372,0.0092,0.7877,100,93.91,2.462,1.165,43,0.063,23.64,600,12,1.3,0,0
m_01952,takeaway,56,22,0.410648494,33,12.98,0.304,428.36,0.0647,0.0079,0.71,100,98.47,-2.34,1.505,32,0.06,35.88,200,12,8.7,0,0
m_01953,takeaway,202,145,0.718429072,378,20.54,0.227,7762.28,0.1128,0.082,0.9299,97.22,100,2.302,0.443,15,0.222,17.3,3400,12,14.2,0,0
m_01954,cafe_bakery,389,247,0.636344184,231,28.15,0.524,6503.12,0.1176,0.0522,0.9539,97.85,100,2.506,1.384,28,0.256,17.79,3000,9,4,0,0
m_01955,kiosk,178,116,0.654970346,254,9.61,0.05,2442.12,0.043,0.0795,0.6492,100,95.26,-0.669,0.429,32,0.205,21,1200,18,20.5,0,0
m_01956,takeaway,225,203,0.903963077,401,36.79,0.274,14752.14,0.0445,0.1715,0.8831,98.54,87.58,1.128,1.143,37,0.201,21.14,4600,6,6.8,0,0
m_01957,kiosk,226,197,0.87177056,230,17.49,0.522,4022.95,0.0426,0.0459,0.8495,99.6,93.81,1.451,2.135,71,0.064,33.82,1600,6,8.8,0,1
m_01958,kiosk,274,226,0.825310166,262,23.34,0.303,6116.05,0.1729,0.027,0.8902,95.18,96.58,-1.062,-1.012,35,0.164,36.21,2300,9,11,0,0
m_01959,grocer,99,84,0.857010278,216,12.36,0.511,2669.43,0.0657,0.0107,0.8661,100,97.14,1.372,0.565,6,0.237,23.83,900,18,19,0,0
m_01960,kiosk,340,231,0.679777204,192,32.89,0.68,6315.71,0.1025,0.0746,0.9084,95.5,99.59,-0.953,0.452,57,0.154,43.87,2200,12,13.2,0,0
m_01961,cafe_bakery,395,238,0.602642655,581,21.44,0.362,12455.99,0.0567,0.0599,0.843,100,98.9,3.888,-1.736,49,0.176,22.85,5200,18,19.3,0,0
m_01962,grocer,82,70,0.863273094,168,11.79,0.525,1980.04,0.0658,0.0343,0.7476,96.73,98.96,0.242,3.082,44,0.092,39.65,900,18,14.2,0,0
m_01963,cafe_bakery,332,278,0.838573746,619,13.43,0.713,8312.07,0.0541,0.0516,0.8082,95.4,93.47,0.851,-1.351,58,0.09,24.31,1900,9,10.2,0,0
m_01964,takeaway,332,149,0.449864719,253,28.76,0.41,7276.8,0.1132,0.2152,0.928,91.02,93.91,-2.441,3.165,42,0.031,28.11,1300,24,11.1,0,0
m_01965,grocer,304,173,0.571005303,149,22.6,0.343,3367.4,0.1138,0.0761,0.6584,96.35,91.67,0.594,-2.385,63,0.07,28.67,800,18,19.6,0,0
m_01966,grocer,167,148,0.886462132,379,14.28,0.485,5413.04,0.0427,0.0632,0.5799,93.26,97.04,1.83,-2.693,59,0.109,36.37,2300,6,8.8,0,0
m_01967,cafe_bakery,203,117,0.578119617,125,27.87,0.528,3483.95,0.151,0.0638,0.7738,94.23,99.46,-1.342,-0.372,49,0.114,25.98,1200,12,14,0,0
m_01968,cafe_bakery,340,284,0.835811699,402,20.14,0.344,8096.79,0.0153,0.0372,0.5842,98.53,100,-0.783,1.096,78,0.31,11.2,3000,6,7.2,0,0
m_01969,cafe_bakery,86,57,0.668254915,164,4.23,0.277,694.18,0.0943,0.0273,0.6197,92.45,85.97,-1.066,1.084,40,0.253,35.68,300,12,3.9,1,1
m_01970,kiosk,336,280,0.834486335,409,15.96,0.608,6529.35,0.0685,0.0585,0.8571,100,97.88,-1.731,2.886,30,0.051,27.93,1400,6,6.9,0,0
m_01971,kiosk,370,234,0.633486478,318,28.4,0.309,9032.08,0.1322,0.03,0.6647,100,91.83,-1.943,-1.24,50,0.016,45.4,3500,6,8.4,0,0
m_01972,takeaway,282,216,0.76901669,635,43.17,0.529,27416.08,0.1084,0.0436,0.7817,95.55,98.36,1.544,2.152,24,0.202,15.05,5700,9,9.9,0,0
m_01973,kiosk,156,113,0.725815933,111,8.43,0.389,935.89,0.0488,0.1334,0.5196,100,91.81,-1.899,-3.017,20,0.171,25.92,300,24,24.6,0,0
m_01974,kiosk,236,97,0.412456975,111,27.35,0.624,3035.81,0.0666,0.0527,0.6452,92.81,98.94,-2.675,-1.634,30,0.46,11.88,600,12,12.8,0,1
m_01975,cafe_bakery,48,33,0.691136962,58,17.42,0.223,1010.17,0.0675,0.0621,0.874,98.2,93.41,-0.798,-0.226,41,0.188,29.01,200,12,13.2,0,0
m_01976,kiosk,374,249,0.666583805,630,7.46,0.222,4697.33,0.0201,0.067,0.8683,98.07,93.5,0.075,-1.901,26,0.083,29.02,1700,12,8.5,0,0
m_01977,takeaway,156,93,0.598324417,255,7.91,0.478,2016.79,0.0222,0.0477,0.8709,100,99.21,0.871,1.394,39,0.228,42.02,1000,24,25.3,0,0
m_01978,cafe_bakery,51,34,0.685715491,83,8.65,0.18,717.96,0.0215,0.0499,0.9206,95.88,93.79,-1.331,-1.002,14,0.491,32.84,200,24,21.8,0,0
m_01979,takeaway,323,205,0.636163923,604,5.88,0.367,3550.79,0.0744,0.0768,0.8725,98.39,99.84,-0.882,2.306,49,0.171,22.91,1300,12,15,0,0
m_01980,takeaway,273,207,0.760711111,173,6.99,0.582,1209.1,0.0852,0.0244,0.7843,96.45,98.97,0.811,2.037,40,0.307,28.88,500,18,11.7,0,0
m_01981,grocer,260,181,0.697476008,391,17.83,0.082,6972.8,0.0658,0.0151,0.8064,95.89,95.55,1.357,-1.05,47,0.201,37.81,1800,9,7,0,0
m_01982,cafe_bakery,50,40,0.809311668,42,4.16,0.41,174.71,0.1551,0.1022,0.7368,96.59,94.19,1.865,-0.404,35,0.423,10.4,100,6,6.6,0,1
m_01983,grocer,307,218,0.711704419,611,9.72,0.532,5935.93,0.134,0.0818,0.9202,96.43,100,0.719,0.121,20,0.106,33.41,2300,18,19.4,0,0
m_01984,kiosk,265,222,0.838596847,634,13.52,0.346,8570.64,0.1481,0.0408,0.8292,95.1,99.32,-2.487,3.009,32,0.435,20.84,2000,24,3,0,0
m_01985,grocer,323,206,0.639350529,302,9.75,0.211,2945.91,0.0401,0.0336,0.7085,97.8,100,-1.313,-1.585,85,0.247,24.35,900,18,19.8,0,0
m_01986,takeaway,336,214,0.637454963,560,6.43,0.311,3601.31,0.2322,0.0705,0.9102,94.31,89.03,1.881,-4.447,21,0.519,28.17,1600,6,7.8,0,0
m_01987,kiosk,108,79,0.735909308,172,17.08,0.224,2937.34,0.1341,0.0643,0.9821,95.8,94.84,2.656,-0.547,48,0.141,12.82,900,24,5.5,0,0
m_01988,takeaway,107,67,0.632709622,68,9.62,0.36,654.26,0.0349,0.0206,0.9145,100,94.18,-0.132,-1.539,68,0.694,12.92,300,18,13,0,0
m_01989,kiosk,371,221,0.595908553,469,10.14,0.308,4753.78,0.0377,0.0092,0.7506,96.65,98.05,-0.264,-2.763,17,0.235,34.52,1200,18,3,0,0
m_01990,kiosk,226,140,0.619754174,412,15.51,0.273,6389.08,0.1641,0.0171,0.5501,99.66,92.2,-1.501,0.226,64,0.46,23.75,1500,6,0.7,0,0
m_01991,takeaway,192,146,0.763736505,215,24.38,0.42,5240.72,0.0224,0.0589,0.7386,96.77,92.77,2.13,-2.047,55,0.245,27.61,2200,18,18,0,0
m_01992,kiosk,136,110,0.812220787,88,11.2,0.587,985.59,0.1236,0.0739,0.674,99.31,96.16,-1.588,0.976,24,0.218,30.25,300,12,14.1,0,0
m_01993,takeaway,266,149,0.561856487,439,11.58,0.399,5083.63,0.0932,0.067,0.7697,96.48,88.5,2.943,-2.106,16,0.427,15.57,2000,6,3,0,0
m_01994,cafe_bakery,308,282,0.91660836,482,7.26,0.552,3497.22,0.1233,0.0481,0.6844,89.24,87.95,-0.122,6.207,77,0.25,20.56,1700,12,6.8,0,0
m_01995,takeaway,30,22,0.756367655,38,28.22,0.587,1072.3,0.1231,0.0339,0.9067,96.91,95.54,-1.29,2.418,21,0.286,19.04,500,6,8.2,0,0
m_01996,cafe_bakery,234,206,0.884485492,487,17.26,0.262,8405.37,0.0131,0.0523,0.7467,94,100,-2.675,-1.166,28,0.178,4.73,2700,18,5.2,0,0
m_01997,kiosk,397,240,0.606190381,511,27.2,0.391,13898.58,0.1473,0.1619,0.8607,96.1,96.45,-0.406,-1.242,97,0.301,26.02,4800,12,11.4,0,0
m_01998,cafe_bakery,133,94,0.710689816,137,29.73,0.286,4073.34,0.0909,0.0346,0.9129,99.06,94.49,-0.189,-0.08,32,0.383,26.36,1100,6,6,0,0
m_01999,cafe_bakery,133,72,0.546585703,73,11.1,0.128,810.35,0.1715,0.0424,0.8631,100,97.73,-0.478,1.772,15,0.459,32.75,300,12,13.4,0,0
m_02000,kiosk,354,289,0.818435492,757,48.17,0.403,36463.81,0.022,0.0173,0.7707,92.77,98.31,0.008,-0.596,13,0.322,31.52,16100,12,12.5,0,0
m_02001,kiosk,52,36,0.693013539,67,26.03,0.192,1744.25,0.0611,0.0792,0.9473,96.28,95.49,2.078,-2.023,37,0.282,10.65,400,18,12.7,0,0
m_02002,grocer,177,123,0.697179283,280,18.3,0.423,5123.32,0.0443,0.002,0.937,97.05,93.3,0.928,-2.602,34,0.425,10.87,900,9,10.4,0,0
m_02003,kiosk,199,121,0.611873903,325,11.75,0.117,3820.08,0.2178,0.113,0.8734,97.15,89.73,0.292,0.262,22,0.529,21.78,1100,18,7.8,0,0
m_02004,kiosk,325,236,0.728895851,198,10.59,0.376,2096.1,0.1668,0.0344,0.9086,97.17,99.6,1.713,-1.149,13,0.343,30.08,700,9,11.7,0,1
m_02005,takeaway,77,60,0.791823029,161,16.97,0.114,2732.07,0.0419,0.0501,0.8932,98.69,94.12,-1.374,0.866,37,0.032,22.82,400,6,7.4,0,0
m_02006,takeaway,190,119,0.63132538,292,19.45,0.451,5679.28,0.0936,0.0659,0.8093,95.69,97.9,1.07,-3.953,16,0.062,20.18,1600,18,18.5,0,0
m_02007,grocer,86,60,0.701093122,172,3.36,0.291,577.62,0.0186,0.0619,0.8232,96.4,100,1.042,1.245,27,0.249,41.16,100,24,26,0,0
m_02008,grocer,321,171,0.533235362,224,12.85,0.277,2878.78,0.0392,0.1247,0.8953,98.18,94.77,2.25,-0.342,25,0.138,33.74,1400,12,13.4,0,0
m_02009,grocer,263,128,0.487526222,193,18.96,0.519,3659.32,0.164,0.0192,0.8497,94.9,90.14,-2.056,-3.209,24,0.262,35.06,1300,12,10.7,0,0
m_02010,kiosk,213,196,0.9209905,442,21.66,0.302,9572.03,0.0142,0.0322,0.8232,95.23,95.09,-1.299,1.024,18,0.219,31.47,3600,24,24.7,0,0
m_02011,cafe_bakery,175,116,0.663672452,329,15.43,0.367,5078.11,0.0896,0.2107,0.7896,96.8,95.38,-1.215,1.297,17,0.52,16.92,800,18,20.4,0,1
m_02012,grocer,86,68,0.796543065,202,21.27,0.32,4297.18,0.0769,0.0897,0.9983,95.23,97.98,0.717,-1.313,50,0.37,35.32,700,18,6.9,0,0
m_02013,kiosk,371,198,0.535909001,339,10.6,0.426,3592.65,0.2264,0.0731,0.8094,94.07,93.71,0.336,1.593,46,0.226,53.22,1000,18,19.6,0,0
m_02014,kiosk,269,161,0.600256542,319,20.96,0.506,6685.4,0.0835,0.0249,0.9323,93.72,93.51,0.852,-2.432,10,0.543,34.07,1300,24,1.5,0,0
m_02015,grocer,148,123,0.835022972,144,19.31,0.475,2780.84,0.2931,0.0378,0.8787,96.87,94.46,-3.16,-4.29,62,0.012,26.98,500,9,9.4,0,1
m_02016,takeaway,183,101,0.556367362,235,29.46,0.28,6923.29,0.0482,0.0961,0.8987,100,97.49,2.208,-0.04,22,0.108,12.64,1800,18,16.2,1,1
m_02017,takeaway,298,178,0.599242075,470,37.86,0.531,17794.83,0.0468,0.0793,0.6255,98.18,99.6,0.353,-1.474,21,0.296,20.43,8600,12,2.3,0,0
m_02018,kiosk,296,202,0.684298035,516,29.87,0.213,15414.52,0.0023,0.0598,0.6147,94.14,100,0.829,-2.192,29,0.363,34.95,7300,24,3.6,0,0
m_02019,grocer,200,142,0.713723696,221,14.28,0.239,3155.9,0.0947,0.0566,0.9766,100,100,0.555,1.441,25,0.171,34.46,1100,6,6.1,0,0
m_02020,grocer,142,73,0.516587638,213,7.55,0.331,1607.93,0.0665,0.1602,0.7729,95.5,95.47,-0.942,0.73,66,0.109,17.66,500,9,5,0,0
m_02021,grocer,274,167,0.612530512,177,9.71,0.507,1718.75,0.0185,0.0825,0.7027,100,93.12,0.777,3.58,39,0.357,32.81,500,6,7.1,0,0
m_02022,kiosk,273,83,0.305542327,156,37.28,0.174,5815.75,0.0813,0.0506,0.7879,96.78,93.51,0.114,1.134,23,0.145,18.34,2900,6,6.9,0,1
m_02023,cafe_bakery,251,173,0.693153642,349,17.5,0.484,6108.78,0.0656,0.0377,0.8904,97.8,90.75,0.094,1.406,34,0.362,36.64,1400,6,4.1,1,1
m_02024,grocer,56,34,0.617685804,67,19.76,0.342,1324.23,0.0896,0.0715,0.5734,95.9,96.5,0.74,-1.447,12,0.165,34.08,400,18,15,0,0
m_02025,cafe_bakery,204,167,0.818935242,412,27.18,0.285,11197.95,0.0586,0.015,0.7065,96.1,92.04,-0.154,-3.98,33,0.133,37.79,4200,6,8.4,0,0
m_02026,kiosk,257,214,0.83442784,458,16.87,0.515,7727.94,0.0594,0.0838,0.4451,100,91.57,-2.041,4.256,17,0.245,23.09,3200,24,5.2,1,1
m_02027,takeaway,381,278,0.72973278,269,32.46,0.23,8730.65,0.0659,0.0674,0.8869,96.46,91.84,-0.272,1.285,58,0.393,35.26,1300,18,12.8,1,1
m_02028,cafe_bakery,224,177,0.790862031,211,6.92,0.693,1460.38,0.0547,0.0353,0.9019,99.83,99.55,2.438,3.508,43,0.145,29.15,300,6,7,0,0
m_02029,grocer,156,75,0.481415394,147,22.25,0.324,3270.64,0.1285,0.0128,0.7581,97.14,95.67,-0.83,-2.063,32,0.406,31.97,700,12,13.1,0,0
m_02030,cafe_bakery,235,133,0.566064101,309,43.85,0.372,13550.83,0.0696,0.0357,0.4296,96.65,90.55,0.141,2.313,59,0.09,28.65,2500,24,7.3,0,0
m_02031,cafe_bakery,95,77,0.817401041,148,33.94,0.581,5023.45,0.0976,0.0094,0.6034,98.87,99.52,1.252,0.878,39,0.056,19.36,2100,9,9.1,0,0
m_02032,kiosk,63,47,0.746294611,74,35.07,0.376,2595.23,0.0642,0.0139,0.8148,96.65,100,3.179,2.425,65,0.1,31.26,1000,6,6.8,0,0
m_02033,grocer,280,105,0.376418955,95,6.44,0.528,611.63,0.0548,0.0426,0.6358,94.64,94.16,-0.384,1.461,38,0.229,32.53,200,6,7,0,0
m_02034,cafe_bakery,394,281,0.714725298,710,19.12,0.057,13577.68,0.0336,0.0764,0.7638,94.72,92.87,-1.841,-0.158,44,0.192,16.96,3200,24,7.6,0,0
m_02035,grocer,343,201,0.58705064,380,15.63,0.284,5939.22,0.1301,0.0597,0.9387,98.74,92.51,1.009,0.862,53,0.084,33.71,3000,9,11.4,0,0
m_02036,kiosk,245,128,0.52338091,254,9.67,0.41,2456.48,0.0383,0.0461,0.7692,90.37,97.06,-1.218,-0.406,53,0.389,33.18,1200,9,10.7,0,0
m_02037,takeaway,44,24,0.550618852,43,19.31,0.512,830.12,0.0259,0.0553,0.8901,98.13,99.65,0.443,1.974,15,0.254,21.24,200,24,1.9,0,0
m_02038,takeaway,395,348,0.88244085,481,7.6,0.465,3655.52,0.4227,0.0977,0.5878,92.69,96.67,0.909,-1.292,23,0.281,30.65,800,9,2.8,1,1
m_02039,cafe_bakery,196,97,0.495628754,136,21.24,0.451,2889.29,0.0836,0.0448,0.8402,97.52,90.62,-0.719,-1.105,23,0.321,21.85,700,24,13.4,0,0
m_02040,cafe_bakery,137,83,0.606351852,77,9.2,0.509,708.11,0.2507,0.0342,0.6087,100,100,-0.408,-0.022,41,0.256,33.87,200,24,12.2,0,0
m_02041,cafe_bakery,360,220,0.612867393,518,20.63,0.421,10683.85,0.0505,0.0653,0.8867,94.35,95.78,1.229,1.53,29,0.332,19.13,4300,9,9,0,1
m_02042,kiosk,306,223,0.73167644,311,9.98,0.05,3102.69,0.0195,0.0216,0.9131,98.57,95.2,1.639,0.407,13,0.105,41.23,500,12,12.8,0,0
m_02043,kiosk,307,120,0.390924119,174,13.77,0.566,2396.75,0.0062,0.092,0.9709,100,97.72,0.066,-0.354,22,0.2,40.7,1100,18,20,0,0
m_02044,kiosk,132,78,0.594242517,232,12.98,0.224,3011.3,0.1868,0.0114,0.9688,95.27,100,0.253,2.413,21,0.302,36.17,700,12,14.5,0,0
m_02045,kiosk,396,307,0.776762478,506,15.44,0.397,7811.24,0.0267,0.0063,0.6724,95.06,91.45,-1.686,1.477,82,0.346,47.49,3500,24,26.7,0,0
m_02046,kiosk,197,107,0.546468358,205,16.4,0.377,3361.55,0.0415,0.0492,0.4693,98.13,90.63,0.177,-0.619,73,0.227,42.28,1200,9,10.9,0,0
m_02047,kiosk,226,179,0.792422754,295,13.02,0.357,3839.88,0.0476,0.041,0.8068,100,95.81,-0.587,-1.785,54,0.321,37.37,1300,9,9.1,0,0
m_02048,grocer,307,208,0.679979876,299,8.55,0.184,2557.65,0.1481,0.0339,0.8494,100,95.86,0.118,-0.051,31,0.339,43.63,600,18,14.8,0,0
m_02049,kiosk,274,165,0.603875963,134,30.59,0.059,4098.86,0.1004,0.0671,0.6286,94.78,99.61,2.127,-0.947,47,0.405,26.76,1500,9,7.4,0,0
m_02050,takeaway,93,43,0.465691517,115,16.82,0.2,1934.52,0.0554,0.0485,0.9338,98.94,100,-1.689,-1.244,49,0.293,22.47,600,24,3.2,1,1
m_02051,takeaway,141,112,0.800191633,206,19.56,0.474,4029.89,0.0346,0.0238,0.8242,95.56,93.99,1.763,1.799,23,0.307,37.8,1400,9,11.6,0,1
m_02052,kiosk,163,121,0.747590797,288,13.02,0.133,3749.76,0.012,0.0346,0.7418,93.61,97.31,0.292,2.555,34,0.333,26.91,1800,18,20.7,0,0
m_02053,kiosk,380,291,0.76800321,846,55.38,0.218,46848.86,0.1793,0.0203,0.7085,96.3,97.84,-0.04,0.181,23,0.205,37.22,10300,12,13.1,0,0
m_02054,kiosk,294,162,0.553460084,130,17.7,0.413,2301.25,0.0575,0.0299,0.6688,96.31,98.23,-1.303,0.289,13,0.072,20.29,1000,18,5.1,0,0
m_02055,kiosk,165,70,0.426225199,159,31.48,0.196,5005.21,0.0042,0.0465,0.6815,97.26,89.52,0.419,-1.18,41,0.47,21.41,1800,18,12.1,0,0
m_02056,grocer,301,159,0.529628218,168,13.91,0.269,2337.6,0.1194,0.1167,0.5791,98.26,98.09,3.257,-1.827,48,0.489,13.41,1200,24,12.6,1,1
m_02057,takeaway,303,185,0.610761117,334,22.77,0.362,7605.44,0.0791,0.0857,0.7038,97.7,92.67,-3.821,1.892,31,0.14,16.88,1900,9,11.8,0,0
m_02058,grocer,175,50,0.28640149,133,15.05,0.392,2002.17,0.2619,0.1088,0.9068,100,98.29,-2.933,-2.241,65,0.112,31.44,900,6,6.6,0,0
m_02059,cafe_bakery,179,136,0.760313399,130,28.64,0.193,3722.55,0.124,0.0125,0.763,100,91.37,-0.265,-0.939,49,0.43,13.9,800,6,8.6,0,0
m_02060,takeaway,360,212,0.590058432,631,12.17,0.371,7677.65,0.0342,0.0253,0.8037,97.05,96.23,0.491,-1.003,20,0.496,18.1,3000,18,18.1,0,1
m_02061,kiosk,237,148,0.627671801,307,7.88,0.41,2420.21,0.112,0.0135,0.8315,95.52,94.76,1.409,1.148,31,0.601,19.99,900,12,12.8,0,0
m_02062,cafe_bakery,85,16,0.189081445,26,19.52,0.159,507.64,0.0472,0.0186,0.7868,96.4,100,0.678,-0.095,15,0.213,23.92,200,12,13.9,0,1
m_02063,kiosk,296,155,0.523957103,130,29.73,0.382,3865.25,0.1268,0.0253,0.7612,96.31,92.41,-2.454,-0.839,58,0.128,28.88,1100,6,4.9,0,0
m_02064,cafe_bakery,248,196,0.791861313,409,15.33,0.243,6270.48,0.1087,0.0228,0.5833,95.23,92.11,0.924,3.019,52,0.068,47.6,3100,6,7.1,0,0
m_02065,kiosk,218,201,0.923073099,379,11.96,0.369,4533.97,0.0363,0.0825,0.9417,92.5,100,-0.259,3.56,40,0.285,35.94,1800,12,13.1,0,0
m_02066,kiosk,298,85,0.287332026,108,6.92,0.458,747.42,0.1484,0.0405,0.3651,92.96,99.39,1.328,1.079,42,0.108,22.11,300,6,7,0,1
m_02067,kiosk,365,261,0.71668831,490,29.97,0.324,14685.43,0.0878,0.0457,0.7933,99.05,96.95,-1.076,0.587,41,0.22,28.22,6200,18,18.6,0,1
m_02068,cafe_bakery,152,84,0.556939561,69,9.45,0.487,651.88,0.0288,0.1202,0.8522,99.25,93.92,-2.298,-0.707,46,0.287,22.62,200,24,13,0,0
m_02069,grocer,185,145,0.788058919,434,12.91,0.469,5602.68,0.0381,0.0247,0.7912,97.98,91.23,-0.677,0.263,47,0.041,36.85,1200,9,9.4,0,0
m_02070,takeaway,100,72,0.729285292,110,12.73,0.486,1400.37,0.0126,0.0683,0.8716,96.27,94.1,0.737,-2.11,23,0.22,33.62,300,18,5,1,1
m_02071,kiosk,269,143,0.533405862,265,16.08,0.41,4261.61,0.12,0.0599,0.7283,95.48,93.68,0.574,2.277,15,0.168,22.58,1500,6,8.2,0,0
m_02072,kiosk,179,97,0.546483248,245,22.66,0.515,5552,0.0464,0.0433,0.9271,92.88,93.02,0.025,0.037,53,0.42,31.85,1700,18,12.8,0,0
m_02073,kiosk,156,103,0.664464193,243,46.39,0.408,11271.91,0.0415,0.0738,0.705,95.05,93.77,-0.917,-1.075,60,0.327,32.54,3000,24,24.5,0,0
m_02074,takeaway,287,138,0.481957812,380,20.02,0.1,7608.05,0.0463,0.0147,0.764,94.8,93.59,-0.198,-0.363,60,0.456,28.54,1600,18,20.7,0,0
m_02075,cafe_bakery,181,57,0.317221817,163,6.95,0.231,1132.63,0.0991,0.0381,0.7276,92.76,99.68,2.223,1.713,70,0.102,31.92,300,9,4.3,0,0
m_02076,kiosk,201,165,0.824907337,200,15.59,0.318,3118.88,0.0385,0.1085,0.9233,97.65,90.26,3.828,-0.213,69,0.201,33.78,800,6,7.3,0,0
m_02077,cafe_bakery,192,166,0.865133379,275,20.2,0.337,5554.65,0.0961,0.1823,0.8452,94.78,97.4,0.638,-1.275,51,0.352,49.3,2100,9,10.6,0,0
m_02078,cafe_bakery,125,62,0.499162842,143,32.75,0.404,4683.3,0.2235,0.0064,0.9887,97.12,96.91,1.538,-3.879,25,0.164,39.98,1700,9,11.7,0,0
m_02079,kiosk,76,56,0.743635288,50,30.63,0.229,1531.33,0.1275,0.0245,0.6796,92.56,95.57,-1.091,0.144,15,0.213,18.38,600,18,18.7,0,0
m_02080,kiosk,336,281,0.838579978,668,15.23,0.651,10171.75,0.0379,0.0221,0.6606,98.76,98.5,2.03,1.051,28,0.249,30.51,4200,24,21.5,0,0
m_02081,cafe_bakery,63,33,0.531172093,26,17.42,0.335,452.81,0.0461,0.0044,0.9556,98.29,97.55,-0.524,-0.681,12,0.093,49.28,200,6,7.9,0,0
m_02082,kiosk,150,79,0.529888624,222,18.91,0.349,4197.56,0.0687,0.0244,0.8949,95.46,96.24,-1.9,-1.288,60,0.32,31.65,700,12,13.2,0,0
m_02083,kiosk,276,207,0.751852476,492,17.46,0.249,8589.38,0.1592,0.0237,0.6327,100,100,1.728,-1.951,16,0.389,46.45,3200,18,12.2,1,1
m_02084,cafe_bakery,78,13,0.175044377,26,15.58,0.199,405.02,0.1595,0.1122,0.8565,96.76,86.02,0.134,-0.452,38,0.244,54.22,200,18,19.3,0,0
m_02085,cafe_bakery,272,248,0.915264737,432,38.44,0.331,16607.76,0.3314,0.0236,0.5314,97.41,100,2.091,-1.928,36,0.42,18.71,8300,18,18,0,0
m_02086,kiosk,301,92,0.307159729,273,10.68,0.354,2915.18,0.0543,0.1198,0.8398,92.31,100,1.24,-1.941,60,0.188,27.3,500,9,10.3,0,0
m_02087,kiosk,275,190,0.694349172,459,27.63,0.337,12683.34,0.0359,0.0364,0.7563,94.65,100,-1.94,-0.658,46,0.108,28.73,3700,9,9.9,0,0
m_02088,kiosk,142,130,0.917395389,334,24.78,0.598,8277.88,0.0755,0.0309,0.8757,95.05,92.36,0.277,4.067,26,0.174,14.96,2000,18,18.6,0,0
m_02089,cafe_bakery,37,27,0.748455055,70,15.22,0.331,1065.43,0.0235,0.0574,0.8865,99.35,96.15,-1.345,4.97,38,0.171,41.91,200,9,10.5,0,0
m_02090,kiosk,358,239,0.668648623,202,10.24,0.337,2068.52,0.1282,0.0154,0.6125,99.89,97.12,1.896,2.655,37,0.256,31.44,800,12,14.4,0,0
m_02091,kiosk,150,95,0.637976523,87,16.78,0.472,1460.08,0.1458,0.0739,0.7981,95.29,94.39,0.129,1.589,20,0.104,11.48,400,24,20.3,0,0
m_02092,grocer,327,164,0.503362592,202,23.22,0.324,4690.55,0.0557,0.0983,0.9325,97.51,96.6,-0.987,-3.576,33,0.033,31.23,2000,6,8.5,0,0
m_02093,kiosk,103,86,0.837845999,192,1.77,0.431,338.91,0.0657,0.0766,0.5973,99.57,96.94,-3.045,5.652,56,0.124,20.12,100,18,14.4,0,0
m_02094,cafe_bakery,90,74,0.829263969,160,7.56,0.158,1209.89,0.0737,0.0644,0.7337,95.98,91.09,1.749,1.084,40,0.187,27.77,300,18,20.8,0,0
m_02095,kiosk,317,124,0.391632736,187,2.73,0.159,509.7,0.0716,0.0771,0.7555,92.61,98.86,-0.514,-1.899,32,0.272,3.08,100,24,4.9,0,0
m_02096,cafe_bakery,377,280,0.743805087,823,19.68,0.368,16199.87,0.118,0.1197,0.9077,99.13,98.53,-0.393,5.673,40,0.398,26.15,3000,18,18.6,0,1
m_02097,kiosk,348,220,0.632843312,221,19.16,0.315,4234.63,0.0375,0.0329,0.8865,98.27,93.19,0.726,0.103,17,0.599,36.42,1100,12,10.1,0,0
m_02098,kiosk,307,250,0.816146653,627,8.16,0.229,5115.3,0.1205,0.026,0.9004,97.87,90.7,-1.327,1.969,60,0.214,23.79,1500,12,14.4,0,1
m_02099,grocer,121,63,0.521488601,117,9.73,0.368,1138.17,0.1891,0.0129,0.9238,99.88,96.42,-2.277,-0.329,82,0.156,10.23,200,18,3.5,1,1
m_02100,takeaway,367,264,0.720742877,454,18.54,0.381,8415.12,0.0577,0.0618,0.4944,100,92.62,0.29,1.435,12,0.172,27.42,2700,6,7.9,0,0
m_02101,kiosk,277,213,0.770073657,182,5.44,0.244,989.66,0.0951,0.0216,0.9109,98.86,97.08,-1.397,1.673,8,0.295,25.98,400,9,9.9,0,0
m_02102,kiosk,93,54,0.584704438,129,24.03,0.272,3100.29,0.0571,0.0607,0.7732,93.49,92.83,-0.115,2.02,38,0.404,43.69,800,18,8.4,0,0
m_02103,grocer,77,58,0.757382623,144,14.18,0.382,2042.5,0.2065,0.0358,0.7232,92.46,100,-1.298,2.867,14,0.447,32.42,400,12,13.7,0,0
m_02104,cafe_bakery,352,222,0.633330246,333,16.11,0.197,5364.66,0.1027,0.1171,0.896,98.05,93.25,-2.039,0.611,38,0.575,25.69,2500,24,1.3,0,0
m_02105,cafe_bakery,131,87,0.66463483,168,16.95,0.259,2846.91,0.0124,0.0249,0.8162,97.2,92.42,-2.462,0.72,41,0.191,15.98,700,24,3.1,0,0
m_02106,cafe_bakery,313,179,0.572379056,382,7.04,0.43,2689.61,0.265,0.1234,0.8059,97.42,96.1,0.152,0.204,48,0.207,27.55,700,6,4.8,0,0
m_02107,cafe_bakery,81,47,0.583569515,75,17,0.346,1274.97,0.055,0.1408,0.8787,100,89.61,1.645,-1.788,37,0.514,47.37,200,18,4,1,1
m_02108,kiosk,133,120,0.909184397,258,22.41,0.278,5781.1,0.034,0.0717,0.8454,99.75,92.54,1.467,-1.509,5,0.057,31.8,2100,9,11.9,0,0
m_02109,grocer,134,95,0.709191967,166,10.36,0.215,1720.55,0.1004,0.0022,0.8002,96.45,89.38,0.037,-0.316,71,0.523,34.57,700,9,9.8,0,1
m_02110,kiosk,134,119,0.890214587,325,9.62,0.198,3126.51,0.0848,0.0961,0.9063,94.79,96.85,2.137,2.824,47,0.252,3.26,800,12,5.1,0,0
m_02111,grocer,279,212,0.762082569,504,44.77,0.33,22564.95,0.0323,0.0674,0.9678,98.93,99.71,-0.803,1.242,25,0.426,37.17,6300,18,20.1,0,0
m_02112,kiosk,368,302,0.821703877,315,8.98,0.654,2827.66,0.052,0.0167,0.6274,98.39,94.28,1.228,0.114,28,0.608,28.94,1400,18,4.2,0,0
m_02113,cafe_bakery,366,280,0.766421962,716,12.49,0.435,8944.13,0.1371,0.0591,0.6288,96.35,100,-0.738,-0.227,27,0.269,28.23,3100,24,16.8,0,0
m_02114,cafe_bakery,304,261,0.859597807,402,34.63,0.15,13921.66,0.113,0.0797,0.7665,88.79,92.6,-1.089,-2.034,20,0.142,29.73,6000,12,6.6,1,1
m_02115,takeaway,104,89,0.858250817,254,5.16,0.456,1311.68,0.0153,0.0795,0.7201,94.12,94.13,1.214,-1.498,37,0.316,30.01,400,18,19.6,0,0
m_02116,takeaway,385,267,0.695011318,568,14.97,0.236,8504.33,0.0193,0.0601,0.7465,99.54,99.58,0.649,0.61,28,0.153,25.42,2200,6,8.6,0,1
m_02117,kiosk,230,188,0.818646249,161,22.13,0.349,3563.5,0.1653,0.0922,0.8136,93.12,98.86,0.944,0.317,52,0.157,23.05,700,18,21,0,1
m_02118,grocer,232,136,0.590072065,328,15.55,0.262,5098.97,0.0493,0.0022,0.941,98.74,97.83,-2.233,1.857,41,0.192,13.97,1200,18,6.5,0,0
m_02119,kiosk,289,113,0.391328794,122,4.59,0.653,559.92,0.0374,0.0358,0.7429,98.33,100,1.544,-0.133,93,0.166,24.3,200,18,18.6,0,0
m_02120,grocer,314,261,0.831998738,712,7.55,0.18,5378.18,0.1096,0.083,0.8844,94.03,95.79,1.016,1.435,23,0.28,39.12,1300,12,14,0,0
m_02121,grocer,382,232,0.607855937,669,4.06,0.397,2712.85,0.0631,0.0188,0.7537,99.7,97.21,-0.604,-2.763,56,0.176,22.42,700,18,1.9,1,1
m_02122,cafe_bakery,245,219,0.896474339,510,14.36,0.247,7325.35,0.0577,0.0452,0.8614,96.76,93.28,0.874,-1.599,25,0.212,35.96,2600,24,24.5,0,0
m_02123,kiosk,255,99,0.391013412,195,20.24,0.461,3946.02,0.0585,0.0811,0.8553,96.55,100,1.644,0.827,30,0.126,17.29,1600,24,24.5,0,0
m_02124,grocer,305,140,0.459940678,297,10.31,0.394,3062.24,0.0723,0.0468,0.8154,93.55,94.2,-1.104,0.333,17,0.144,14.45,1500,24,24.5,0,0
m_02125,takeaway,124,80,0.64583543,139,13.06,0.538,1816,0.0422,0.064,0.8532,100,95.15,-1.094,1.775,32,0.229,23.71,300,6,6.2,0,1
m_02126,cafe_bakery,143,78,0.547387896,76,13.02,0.458,989.61,0.075,0.0167,0.7655,93.42,96.84,-0.433,2.651,21,0.082,37.25,300,6,7.2,0,0
m_02127,cafe_bakery,261,184,0.706630182,523,31.46,0.246,16455.16,0.1746,0.1067,0.6682,93.39,98.67,-3.332,2.743,105,0.198,13.3,4600,6,6.9,0,0
m_02128,grocer,53,30,0.584047753,45,18.37,0.787,826.83,0.2163,0.0838,0.8348,97.42,98.63,0.495,3.472,42,0.279,45.75,200,24,13.3,0,0
m_02129,grocer,148,72,0.492450628,107,16.96,0.433,1814.78,0.1237,0.0964,0.9032,94.06,85.16,1.366,3.942,47,0.054,49.38,300,18,20.6,0,0
m_02130,grocer,295,82,0.278378138,100,28.63,0.267,2863.38,0.0832,0.1032,0.578,100,100,0.855,-0.412,29,0.148,35.07,700,9,9.7,0,1
m_02131,kiosk,391,218,0.557749763,650,6.12,0.381,3980.94,0.1045,0.0211,0.8197,94.04,100,0.719,4.899,87,0.169,22.64,1000,6,7.5,0,1
m_02132,cafe_bakery,222,55,0.252211904,158,18.23,0.445,2880.3,0.1297,0.0793,0.9185,99.38,100,1.535,6.079,59,0.044,23.25,1000,18,5.1,0,0
m_02133,takeaway,177,106,0.598994657,166,11.43,0.439,1897.96,0.1282,0.0729,0.7843,100,96.59,-0.15,-2.305,44,0.217,21.11,300,18,3.5,0,0
m_02134,takeaway,192,142,0.744683426,194,33.91,0.424,6578.72,0.0413,0.1179,0.6835,99.15,100,-2.357,-0.877,29,0.174,21.1,2100,24,5.7,0,0
m_02135,kiosk,283,216,0.765211304,555,28.77,0.495,15965.09,0.1228,0.0497,0.9772,94.73,97.05,0.194,1.02,76,0.435,25.82,7700,9,9.2,0,0
m_02136,kiosk,231,183,0.793473087,316,11.43,0.48,3610.79,0.0449,0.0234,0.879,98.03,97,1.952,0.764,42,0.251,9.72,1500,24,12.1,0,0
m_02137,cafe_bakery,38,25,0.68381684,73,13.56,0.223,989.98,0.0564,0.0927,0.8472,100,98.79,0.542,-3.073,43,0.626,31.49,400,18,19.5,0,0
m_02138,cafe_bakery,229,192,0.8394506,534,8.62,0.666,4601.35,0.1549,0.0595,0.7454,92.5,98.17,-0.558,-1.599,49,0.324,16.68,1500,12,12.6,0,1
m_02139,takeaway,178,79,0.445703722,195,26.2,0.645,5108.37,0.1544,0.0059,0.8049,100,100,1.176,0.734,69,0.241,19.39,1500,24,5.6,1,1
m_02140,grocer,289,190,0.658554673,189,22.99,0.47,4344.87,0.089,0.062,0.9034,98.47,87.39,0.579,-0.135,68,0.344,20.39,1100,9,2.4,0,0
m_02141,cafe_bakery,353,275,0.780689869,644,14.03,0.356,9033.18,0.0892,0.054,0.9319,100,95.64,-0.324,1.542,24,0.298,31.62,3300,9,10.2,0,0
m_02142,takeaway,386,241,0.626443385,716,13.93,0.358,9976.13,0.08,0.0768,0.6544,98.29,91.12,0.179,4.212,41,0.073,39.05,3200,6,7.6,0,0
m_02143,cafe_bakery,255,190,0.74772164,308,12.03,0.301,3704.99,0.058,0.0928,0.9109,97.46,99.72,-0.476,-2.189,38,0.193,17.84,1600,24,11.7,0,0
m_02144,kiosk,164,130,0.796727247,356,32.73,0.321,11651,0.0555,0.0149,0.8828,99.05,92.35,0.922,4.928,42,0.309,40.04,3000,6,7.7,0,0
m_02145,cafe_bakery,194,111,0.573788439,188,14.8,0.05,2781.91,0.1032,0.113,0.9851,93.28,94.87,-1.35,4.062,64,0.293,16.76,700,6,4,1,1
m_02146,kiosk,95,34,0.367127839,99,12.33,0.58,1220.33,0.0254,0.0402,0.8165,94.55,99.75,0.495,-3.152,74,0.218,20.72,500,12,13.7,0,0
m_02147,kiosk,376,305,0.81190791,682,24.73,0.527,16866.76,0.0524,0.0522,0.8601,97.21,100,1.304,-2.088,24,0.131,36.97,5800,9,2.9,0,0
m_02148,grocer,343,287,0.838601402,290,2.54,0.098,736.69,0.0445,0.0162,0.8223,95.43,99.53,0.357,-0.508,28,0.103,11.38,300,18,20.5,0,0
m_02149,grocer,345,227,0.65807056,420,13.42,0.483,5634.59,0.0534,0.0499,0.8418,95.17,99.01,0.374,-1.607,31,0.025,22.48,2500,9,7.5,0,0
m_02150,cafe_bakery,151,121,0.805585841,110,26.7,0.349,2936.6,0.1798,0.1469,0.8946,100,91.25,0.105,1.464,65,0.143,18.72,1000,24,25.5,0,1
m_02151,cafe_bakery,149,83,0.561625243,138,36.95,0.32,5098.55,0.073,0.046,0.7616,100,91.93,0.802,1.57,61,0.165,23.42,1700,9,0.6,1,1
m_02152,cafe_bakery,346,281,0.81361635,790,10.6,0.424,8375.22,0.0396,0.1939,0.5004,89.38,90.64,-0.539,0.583,7,0.297,21.14,4100,9,9.3,0,0
m_02153,cafe_bakery,231,166,0.719434058,217,21.47,0.089,4658.61,0.0691,0.0378,0.8437,97.12,91.78,-0.196,1.048,45,0.234,10.59,2100,18,5.7,0,0
m_02154,takeaway,290,208,0.720042496,601,10.56,0.348,6345.48,0.0315,0.0107,0.7028,93.42,96.63,-1.351,0.032,16,0.224,34.07,2500,9,0.3,1,1
m_02155,kiosk,211,106,0.504004954,108,46.93,0.362,5068.48,0.0154,0.0571,0.8617,100,100,-0.405,1.093,32,0.063,31.46,1800,6,8.5,0,0
m_02156,takeaway,193,119,0.618200555,269,17.59,0.362,4730.79,0.0903,0.0626,0.8218,97.67,100,-3.007,4.126,12,0.077,36.95,900,9,11.8,0,1
m_02157,cafe_bakery,263,108,0.413975874,315,22.89,0.145,7211.09,0.1373,0.0142,0.883,100,88.59,0.043,-4.474,36,0.058,23.92,1100,12,13.2,0,0
m_02158,grocer,330,236,0.716041313,528,3.03,0.417,1598.7,0.1396,0.0051,0.758,94.42,95.85,0.924,0.336,37,0.174,27.06,700,9,9.2,0,0
m_02159,kiosk,153,143,0.936742314,397,11.94,0.509,4741.98,0.1643,0.0151,0.8916,94.15,94.9,-0.1,1.23,23,0.152,36.93,1000,24,2.9,0,0
m_02160,takeaway,329,141,0.42898908,420,24.8,0.411,10417.16,0.0884,0.0739,0.7353,96.34,86.73,1.382,0.102,36,0.349,30.24,3600,24,4.7,0,0
m_02161,cafe_bakery,120,35,0.29492649,77,6.09,0.316,468.73,0.0207,0.0266,0.6611,95.21,99.32,2.003,0.926,31,0.184,37.06,200,6,8.6,0,0
m_02162,cafe_bakery,179,160,0.894482183,403,17.56,0.753,7076.85,0.0417,0.0456,0.711,96.72,99.21,-0.024,2.698,41,0.18,36.33,2700,12,12.3,0,0
m_02163,kiosk,367,74,0.204220956,64,37.9,0.211,2425.4,0.059,0.0159,0.9691,100,93.57,-1.495,-0.732,10,0.277,28.45,800,12,2.9,1,1
m_02164,takeaway,383,275,0.720590605,478,25.59,0.466,12234.1,0.0462,0.0869,0.4775,98.4,94.76,1.637,4.718,21,0.339,28.95,5200,12,12.1,0,0
m_02165,grocer,371,332,0.894920712,476,21.92,0.386,10431.87,0.0414,0.0629,0.7443,96.11,96.58,1.334,-2.67,45,0.22,27.32,3000,18,20.6,0,0
m_02166,kiosk,146,115,0.794359692,300,12.4,0.652,3718.79,0.1049,0.0671,0.9594,97.16,97.66,0.673,1.541,27,0.177,28.96,700,6,8.9,0,0
m_02167,kiosk,342,251,0.735570046,574,7.28,0.408,4176.72,0.1348,0.0441,0.8942,92.25,93.41,-0.787,0.273,19,0.295,22.53,1900,9,9,0,0
m_02168,takeaway,376,275,0.733765933,591,15.47,0.44,9144.35,0.2597,0.0747,0.9247,91.14,92.56,0.567,0.82,21,0.335,31.41,1700,12,13.6,0,1
m_02169,kiosk,391,301,0.770649673,857,23.44,0.426,20086.1,0.0529,0.0367,0.8519,100,91.66,-0.467,1.823,80,0.198,29.84,6900,18,19.8,0,0
m_02170,takeaway,37,29,0.802967077,28,8.62,0.191,241.27,0.123,0.0192,0.9772,94.72,100,-1.101,-0.936,14,0.028,21.97,0,9,11.3,0,0
m_02171,kiosk,305,135,0.444094465,391,25.46,0.22,9955.86,0.0304,0.0318,0.7834,100,100,0.539,2.505,131,0.274,31.87,3600,24,11.5,0,0
m_02172,cafe_bakery,398,269,0.677528808,274,18.14,0.309,4970.18,0.0908,0.0722,0.7981,96.08,91.63,-1.46,4.25,23,0.139,40.33,1300,18,9.5,0,0
m_02173,kiosk,312,212,0.679642861,331,9.64,0.494,3191.95,0.0523,0.0556,0.7771,97.4,92.42,1.134,-0.28,39,0.28,28.08,1200,9,9.7,0,0
m_02174,grocer,116,88,0.760792121,192,5.01,0.385,962.45,0.1059,0.063,0.6557,99.49,91.76,0.422,-0.735,38,0.135,28.69,300,18,3.2,0,0
m_02175,kiosk,312,275,0.884095658,426,6.01,0.319,2559.19,0.1119,0.0825,0.7844,99.84,90.06,-0.167,2.831,35,0.331,29.84,1200,24,5.7,1,1
m_02176,takeaway,68,38,0.570272819,87,15.12,0.556,1315.06,0.1357,0.0049,0.8565,95.46,100,-0.062,2.265,24,0.315,8.94,300,6,6.9,0,0
m_02177,kiosk,207,169,0.820093317,423,30.28,0.053,12807.44,0.0176,0.0396,0.6652,97.21,93.06,-1.61,-2.831,28,0.337,24.36,3200,9,7.1,0,0
m_02178,cafe_bakery,261,189,0.725531585,495,9.74,0.156,4819.03,0.1225,0.0924,0.8765,96.95,99.04,-1.52,1.405,31,0.32,51.15,1300,24,27,0,0
m_02179,takeaway,198,117,0.595226674,139,32.57,0.05,4526.63,0.0889,0.0352,0.8673,98.14,94.65,2.599,1.851,16,0.307,28.43,800,9,1.1,0,0
m_02180,grocer,288,207,0.721396148,248,4.57,0.531,1132.4,0.1419,0.0371,0.7851,97.58,95.12,-0.226,0.19,76,0.224,19.02,500,6,5.9,0,0
m_02181,takeaway,118,95,0.806435655,86,16.69,0.335,1435.67,0.103,0.0223,0.8177,94.81,94.84,-2.136,3.301,25,0.371,27.62,300,12,3.7,0,0
m_02182,cafe_bakery,254,170,0.672116362,319,15.7,0.495,5006.75,0.0309,0.0624,0.63,97.45,97.47,1.378,-2.908,54,0.315,22.36,1100,24,4.7,0,0
m_02183,kiosk,268,195,0.729278404,215,20.33,0.334,4371.94,0.0646,0.0145,0.8945,92.61,95.26,-1.537,-4,39,0.371,29.69,900,12,12,0,0
m_02184,grocer,264,219,0.829663328,328,17.96,0.503,5891.82,0.0886,0.0568,0.9496,97.01,98.98,0.865,2.43,44,0.539,29.83,1100,6,6.4,0,0
m_02185,kiosk,137,87,0.639179719,230,12.29,0.331,2827.71,0.194,0.0454,0.7657,97.36,100,2.211,-1.326,43,0.304,27.37,800,24,1.7,1,1
m_02186,cafe_bakery,142,100,0.707029533,288,12.35,0.411,3558.11,0.0255,0.2091,0.7493,94.06,93.52,-0.326,0.231,19,0.032,36.92,800,9,11.6,0,0
m_02187,takeaway,125,97,0.776247319,253,27.14,0.39,6866.46,0.0565,0.069,0.7482,96.15,96.82,1.737,-1.966,63,0.118,15.89,3100,12,4.1,0,0
m_02188,kiosk,200,100,0.502076662,80,17.23,0.401,1378.44,0.0396,0.0505,0.94,95.46,89.47,1.101,2.005,13,0.419,31.3,700,12,14.8,0,1
m_02189,kiosk,246,131,0.533449937,268,2.89,0.603,775.03,0.1563,0.0344,0.6745,95.52,93.91,2.36,0.982,23,0.566,38.44,200,12,11.6,1,1
m_02190,kiosk,164,126,0.769342748,146,13.08,0.106,1909.14,0.0636,0.0157,0.8747,99.27,96.07,0.873,0.035,38,0.413,25.23,400,18,1.6,0,0
m_02191,cafe_bakery,181,99,0.55158607,161,13.81,0.34,2222.99,0.1236,0.0801,0.6616,98.39,95.2,-0.793,-2.169,31,0.12,36.12,600,9,10.7,0,1
m_02192,cafe_bakery,135,109,0.810157786,189,13.76,0.38,2600.46,0.0669,0.023,0.923,99.88,95.56,-3.124,-0.02,24,0.402,25.71,900,6,6.6,0,1
m_02193,kiosk,110,87,0.794329234,250,24.91,0.357,6227.67,0.0167,0.0909,0.7681,100,98.07,-1.188,0.967,60,0.186,17.09,2000,9,0.1,0,0
m_02194,cafe_bakery,273,121,0.444237063,265,11.17,0.29,2959.29,0.0749,0.0089,0.8044,100,98.9,-0.753,-0.764,46,0.289,8.98,800,24,2,1,1
m_02195,grocer,331,169,0.513202949,234,18.86,0.27,4413.62,0.0951,0.0326,0.702,92.39,87.5,1.489,-0.695,41,0.254,22.44,1100,18,18.6,0,0
m_02196,cafe_bakery,137,111,0.813965912,245,38.27,0.58,9375.77,0.0536,0.0235,0.9351,95.03,96.73,1.821,0.321,32,0.186,24.84,4200,6,5.5,0,0
m_02197,takeaway,348,153,0.440172981,442,30.4,0.339,13437.02,0.1496,0.0976,0.4105,100,94.74,-1.644,1.648,46,0.162,49.93,4300,6,6.1,0,0
m_02198,kiosk,241,211,0.875943979,196,10.53,0.716,2063.89,0.0796,0.0529,0.8493,95.82,94.07,1.834,1.148,54,0.405,28.46,400,6,7.4,0,0
m_02199,cafe_bakery,92,63,0.693438487,163,17.53,0.429,2857.19,0.0772,0.0145,0.8592,95.62,100,-1.16,2.652,27,0.412,22.36,1200,24,1.5,0,0
m_02200,cafe_bakery,165,101,0.617119583,128,1.75,0.307,224.21,0.0253,0.0244,0.8068,98,88.97,-1.25,0.121,18,0.535,33.31,100,9,1.5,1,1
m_02201,grocer,32,16,0.503658245,18,22.68,0.433,408.24,0.0364,0.0727,0.8335,96.15,95.79,-2.075,2.326,16,0.191,24.1,200,24,25.8,0,0
m_02202,grocer,44,24,0.555558682,66,6.91,0.366,456.09,0.0489,0.0181,0.5082,100,100,0.507,-2.032,66,0.036,38.33,200,12,12.3,0,1
m_02203,takeaway,154,66,0.432838689,53,16.09,0.551,852.84,0.0954,0.0278,0.966,96.52,96.29,-0.879,1.096,20,0.563,43.42,200,12,5.2,0,0
m_02204,kiosk,198,151,0.764812115,366,14.8,0.175,5416.16,0.0128,0.0227,0.8336,100,92.2,1.97,0.99,20,0.205,29.61,1400,6,7.9,0,0
m_02205,cafe_bakery,325,304,0.93636279,301,29.51,0.08,8883.95,0.0565,0.0273,0.9037,95.32,95.13,-1.362,5.015,54,0.471,10.19,3300,6,6.2,0,0
m_02206,takeaway,79,46,0.582898341,99,18.95,0.404,1875.87,0.0247,0.0294,0.8183,95.03,100,1.098,-1.04,37,0.217,27,800,6,8.1,0,1
m_02207,takeaway,340,173,0.509394836,374,14.73,0.475,5508.94,0.0272,0.0195,0.7266,94.49,100,-1.818,-2.102,79,0.382,26.38,1700,9,10.5,0,0
m_02208,cafe_bakery,116,54,0.470744078,145,23.58,0.393,3419.09,0.051,0.1665,0.9475,94.64,93.93,1.548,-1.241,29,0.203,44.37,1200,24,2.1,0,0
m_02209,grocer,81,42,0.523147845,109,32.24,0.451,3514.23,0.1121,0.0748,0.5672,99.17,100,0.176,-0.964,37,0.347,32.47,600,6,6.4,0,0
m_02210,kiosk,288,162,0.563022907,373,2.27,0.429,846.44,0.2213,0.0055,0.7889,92.97,98.55,0.439,1.12,32,0.29,24.09,100,24,24.3,0,1
m_02211,cafe_bakery,316,201,0.638614236,329,10.93,0.128,3595.46,0.0804,0.0997,0.729,93.99,85.83,-0.538,-2.221,65,0.587,41.98,800,9,11,0,0
m_02212,cafe_bakery,253,122,0.485764586,142,38.9,0.392,5523.35,0.1054,0.0862,0.7758,98.56,95.58,-0.623,0.991,35,0.236,26.82,1800,6,7.8,0,0
m_02213,grocer,72,61,0.85464057,134,49.56,0.548,6640.77,0.1527,0.0592,0.7592,90.49,100,0.745,0.368,32,0.339,26.72,2300,18,8.3,0,0
m_02214,grocer,72,50,0.704534209,94,9.6,0.376,902.48,0.2259,0.1021,0.8471,92.58,95.37,2.713,2.129,34,0.086,23,200,24,7.4,0,0
m_02215,kiosk,174,77,0.447928248,74,26.87,0.154,1988.56,0.231,0.055,0.9174,96.84,100,-1.574,1.539,7,0.352,39.6,900,6,9,0,0
m_02216,kiosk,196,158,0.809267609,458,9.58,0.3,4389.03,0.0678,0.0156,0.9847,98.22,90.26,-0.511,1.956,13,0.087,22.63,900,18,18.5,0,0
m_02217,cafe_bakery,399,241,0.604739233,359,7.86,0.434,2821.55,0.0172,0.108,0.9683,95.99,90.76,-0.919,1.282,22,0.145,34.5,1300,9,10.8,0,0
m_02218,kiosk,135,100,0.744851702,80,15.09,0.619,1207.07,0.0404,0.0475,0.7938,98.31,100,-2.268,2.636,39,0.101,32.01,600,18,18.3,0,1
m_02219,cafe_bakery,101,50,0.503505827,139,28.69,0.057,3987.93,0.0271,0.1622,0.7116,94.42,99.41,-2.287,-2.681,47,0.212,28.68,1300,18,14.1,1,1
m_02220,grocer,379,222,0.586520049,459,13.94,0.404,6396.5,0.0527,0.0778,0.8933,100,95.9,-1.099,-2.611,49,0.354,37.13,2800,18,6.3,0,0
m_02221,grocer,86,70,0.823937625,168,28.47,0.21,4783.25,0.0392,0.1107,0.9023,99.73,99.48,-0.594,0.259,46,0.273,43.42,1600,24,24.5,0,0
m_02222,cafe_bakery,39,27,0.700247241,30,30,0.426,900.01,0.0422,0.0583,0.8376,94.56,93.63,2.124,0.469,43,0.109,15.69,200,6,6.9,0,1
m_02223,cafe_bakery,186,75,0.405148268,126,12.02,0.438,1514.06,0.1205,0.0225,0.8845,96.43,91.49,1.484,-1.748,33,0.18,26.37,300,18,3.6,0,0
m_02224,grocer,178,131,0.739701709,290,11.79,0.315,3419.96,0.0247,0.0204,0.5945,91.11,97.55,-1.231,1.42,47,0.209,25.57,1100,18,19.3,0,0
m_02225,kiosk,259,160,0.618796004,216,14.17,0.445,3060.55,0.1353,0.0133,0.9255,99.79,94.85,1.159,-2.309,33,0.091,29.06,800,18,20.9,0,0
m_02226,grocer,354,302,0.853130145,707,16.46,0.521,11634.92,0.0702,0.1394,0.7296,93.16,97.67,-1.199,-0.236,74,0.218,22.2,4700,24,13.1,0,0
m_02227,cafe_bakery,375,291,0.776374903,382,15.27,0.325,5832.49,0.0169,0.0998,0.7219,95.38,96.83,-0.132,0.264,36,0.323,17.72,1500,6,7.6,0,0
m_02228,kiosk,137,107,0.782493973,134,17.39,0.149,2330.41,0.0923,0.0326,0.6,96.12,94.66,0.486,1.444,22,0.121,26.92,400,18,18.5,0,0
m_02229,kiosk,392,219,0.559812431,180,12.58,0.564,2264.52,0.0386,0.022,0.6392,92.87,100,3.165,-0.708,115,0.119,38.17,1000,18,20.7,0,0
m_02230,kiosk,264,214,0.813103291,303,7.36,0.474,2229.94,0.2007,0.2207,0.7112,94.5,91.85,0.403,2.731,9,0.479,25.98,800,24,5.1,0,0
m_02231,takeaway,55,19,0.351514677,25,44.03,0.435,1100.63,0.0493,0.0385,0.9612,98.12,96.61,-2.217,3.66,29,0.343,32.16,400,9,9.4,0,0
m_02232,kiosk,377,318,0.845528447,789,10.92,0.246,8616.93,0.23,0.0719,0.9723,95.51,95.63,1.116,3.376,37,0.259,43.31,2400,18,18.5,0,0
m_02233,cafe_bakery,81,73,0.912519761,149,4.89,0.498,728.97,0.1182,0.0116,0.9598,99.62,97.23,1.706,3.916,4,0.488,29.66,200,18,19.6,0,0
m_02234,takeaway,247,230,0.932380521,273,24.65,0.656,6729.68,0.1109,0.0178,0.8868,99.22,96.19,1.333,2.432,37,0.222,37.9,1300,9,11.3,0,0
m_02235,grocer,322,249,0.773917838,510,8.33,0.332,4247.46,0.0365,0.0054,0.8873,94.45,100,-1.491,1.53,25,0.336,38.83,1700,9,11.2,0,0
m_02236,grocer,122,58,0.481885426,75,23.24,0.364,1743.34,0.1017,0.1296,0.9038,95.64,97.25,0.186,-1.198,27,0.246,40.42,300,6,6.2,0,0
m_02237,grocer,130,113,0.870103057,196,10.61,0.19,2079.14,0.0712,0.0998,0.646,95.64,93.4,-0.027,-0.828,44,0.314,48.82,900,12,14.1,0,0
m_02238,takeaway,206,164,0.800855425,451,48.81,0.242,22011.35,0.0696,0.0845,0.2811,95.79,91.89,2.654,2.198,12,0.534,26.73,6700,9,11.9,0,0
m_02239,kiosk,357,323,0.906402501,769,35.13,0.189,27018.28,0.1255,0.0414,0.906,100,92.92,0.925,-3.262,40,0.552,37.13,4400,24,25.8,0,0
m_02240,cafe_bakery,112,95,0.854383255,212,14.56,0.37,3087.72,0.2411,0.0862,0.6832,97.57,92.75,2.575,2.947,67,0.131,30.17,1400,6,7.7,0,0
m_02241,grocer,275,128,0.46835543,181,21.94,0.299,3971.49,0.1567,0.0249,0.935,92.02,98.71,-1.064,-0.912,32,0.452,32.99,1800,6,7.9,0,0
m_02242,grocer,197,135,0.688115627,145,19.42,0.406,2815.34,0.0783,0.0206,0.827,95.04,95.67,-0.325,-0.768,55,0.056,32.11,500,24,7.5,0,0
m_02243,kiosk,71,47,0.668710332,115,10.36,0.216,1191.17,0.0443,0.0904,0.741,95.61,97.58,-0.806,1.852,40,0.179,39.94,200,18,5.3,0,0
m_02244,cafe_bakery,293,256,0.874569481,524,24.14,0.325,12650.97,0.0711,0.127,0.5389,98.27,90.49,1.468,0.861,16,0.024,22.93,3200,6,7.7,0,0
m_02245,kiosk,338,240,0.710586284,520,17.31,0.207,8998.95,0.2295,0.0316,0.8044,100,94.74,1.709,-0.539,10,0.357,31.93,2600,18,20.2,0,0
m_02246,cafe_bakery,242,160,0.665241464,471,18.78,0.378,8847.3,0.0483,0.0169,0.6504,99.36,97.93,0.586,-1.521,36,0.245,15.29,3000,12,12.1,0,1
m_02247,takeaway,95,49,0.525842422,76,23,0.105,1748.2,0.0885,0.0559,0.8459,96.69,100,0.142,-2.703,16,0.212,20.02,700,9,4,1,1
m_02248,kiosk,87,76,0.880059728,194,15.52,0.373,3011.7,0.0675,0.0331,0.5894,94.45,90.06,0.627,-4.026,54,0.131,22.23,1500,6,6.5,0,0
m_02249,grocer,186,58,0.314137012,117,9.51,0.308,1112.38,0.0629,0.0241,0.3654,100,100,-2.074,3.226,39,0.129,33.92,400,12,13.6,0,1
m_02250,grocer,217,159,0.735134633,209,21.94,0.377,4586.16,0.0281,0.0103,0.6212,96.11,100,-0.617,-0.133,74,0.116,32.19,1600,9,9,0,0
m_02251,cafe_bakery,234,120,0.513866712,109,25.37,0.102,2765.68,0.061,0.0368,0.716,92.74,100,-0.496,-1.478,22,0.31,42,1300,9,11.6,0,0
m_02252,takeaway,120,77,0.64469025,165,25.45,0.448,4199.04,0.1191,0.0261,0.7747,98.07,100,-0.02,1.803,19,0.427,37.87,1200,18,19.6,0,0
m_02253,grocer,215,129,0.601141239,187,25.76,0.305,4817.41,0.0767,0.0453,0.8682,93.29,94.49,-0.978,-1.259,46,0.089,27.85,2300,18,0.3,0,0
m_02254,cafe_bakery,139,68,0.490870372,158,20.35,0.383,3215.31,0.1241,0.083,0.7738,98.98,92.81,-1.274,-1.219,62,0.284,58.12,900,12,14.1,0,0
m_02255,kiosk,283,178,0.629388494,416,5.11,0.069,2123.82,0.0853,0.0649,0.7544,95.82,96.34,-2.397,2.679,58,0.513,29.89,900,18,2.4,0,0
m_02256,cafe_bakery,324,240,0.74119742,432,50.05,0.164,21623.36,0.1363,0.0031,0.8865,96.08,97.2,0.648,1.783,70,0.158,14.01,8600,9,9.7,0,0
m_02257,grocer,271,198,0.734302,392,25.27,0.291,9904.31,0.0701,0.08,0.5991,88.76,93.5,-2.058,0.666,47,0.054,15.35,4400,12,14.4,0,1
m_02258,kiosk,30,18,0.632696134,39,13.04,0.556,508.39,0.0737,0.0436,0.6996,100,98.36,1.499,-0.808,30,0.07,34.97,100,18,20.7,0,0
m_02259,takeaway,397,234,0.589752817,428,27.43,0.429,11740.65,0.102,0.0063,0.8777,93.46,100,0.486,0.767,30,0.153,12.37,3900,24,24.6,0,0
m_02260,grocer,38,29,0.783605123,79,7.69,0.369,607.9,0.1295,0.0732,0.7704,94.83,99.58,1.33,1.461,61,0.506,29.82,100,9,5.5,1,1
m_02261,takeaway,399,251,0.631083433,242,23.33,0.211,5645.8,0.3438,0.016,0.6689,97.57,96.19,-1.338,0.816,62,0.465,24.65,2500,9,11.8,0,0
m_02262,grocer,41,33,0.817730701,97,13.89,0.184,1347.47,0.0487,0.0555,0.9909,96.56,86.24,2.796,2.729,57,0.248,47.08,300,6,7.8,0,0
m_02263,grocer,221,129,0.587251183,112,7.99,0.391,895.16,0.1268,0.093,0.8945,100,89.86,3.33,-1.703,32,0.255,16.33,400,9,9.6,0,0
m_02264,grocer,69,54,0.79654635,67,7.9,0.455,529.47,0.1254,0.0119,0.8653,91.83,95.62,0.045,-0.216,7,0.232,37.95,200,12,12.3,0,0
m_02265,grocer,65,33,0.51359212,77,21.25,0.381,1636.37,0.1017,0.1047,0.8431,95.85,98.57,0.59,1.414,50,0.286,24.52,600,18,5.6,0,0
m_02266,kiosk,282,239,0.850052416,235,22.75,0.606,5345.44,0.0115,0.0429,0.6888,99.36,90.31,-0.019,-0.845,4,0.109,23.6,1300,12,12.6,0,0
m_02267,cafe_bakery,299,229,0.767950339,315,9.1,0.248,2865.29,0.0631,0.0468,0.8285,95.67,96.38,1.511,2.206,47,0.273,43.24,1000,9,9.6,0,0
m_02268,kiosk,73,56,0.77528557,63,14.01,0.377,882.86,0.0537,0.0192,0.4759,96.99,98.85,1.189,2.986,47,0.358,22.85,400,6,7.5,0,0
m_02269,kiosk,391,204,0.522149469,487,20.04,0.096,9757.1,0.0308,0.0405,0.8267,100,95.74,-2.663,0.419,45,0.238,19.01,3800,12,13.2,0,0
m_02270,grocer,148,79,0.534933563,163,11.86,0.382,1932.92,0.1248,0.0277,0.8308,97.2,93.52,-1.24,1.066,36,0.211,23.3,700,12,2.9,1,1
m_02271,cafe_bakery,147,81,0.555759889,76,45.36,0.57,3447.49,0.1509,0.0002,0.9753,100,90.07,0.589,-0.117,28,0.28,17.91,1300,12,7.4,0,0
m_02272,takeaway,139,68,0.491704368,123,21.41,0.194,2633.15,0.0943,0.0656,0.9205,98.95,99.09,1.161,-0.285,18,0.412,12.69,400,9,10.3,0,0
m_02273,kiosk,200,105,0.529782618,132,15.55,0.476,2052.31,0.0227,0.0082,0.8739,99.21,93.38,0.224,2.867,117,0.538,20.19,300,24,25.6,0,1
m_02274,grocer,95,62,0.654130814,181,29.81,0.566,5395.23,0.2486,0.0226,0.8598,96.4,100,-2.545,-1.372,27,0.43,11.89,2500,6,6.4,0,0
m_02275,takeaway,187,114,0.611501169,118,22.46,0.247,2650.01,0.086,0.1341,0.9144,92.11,96.71,0.835,1.953,48,0.152,19.36,1000,9,0.3,1,1
m_02276,kiosk,107,61,0.571095128,129,20.14,0.42,2598.38,0.0399,0.0877,0.773,100,97.48,2.737,-0.686,20,0.133,19.11,1100,6,6.1,0,1
m_02277,grocer,49,26,0.54392854,48,21.64,0.587,1038.8,0.1793,0.0019,0.9139,98.67,99.33,-3.444,-1.391,39,0.093,30.49,400,18,7.5,0,0
m_02278,kiosk,166,107,0.648367529,221,25.63,0.385,5664.7,0.26,0.0822,0.9506,98.61,94.54,1.409,2.316,42,0.337,15.07,2500,6,6.4,0,1
m_02279,cafe_bakery,278,198,0.71576463,575,11.16,0.468,6417.65,0.0783,0.0082,0.8681,96.55,97.88,2.748,1.693,12,0.699,33.94,2800,24,26,0,0
m_02280,takeaway,312,162,0.522349171,251,4.17,0.084,1047.68,0.0248,0.0661,0.6556,95.06,93.42,1.415,-1.007,12,0.336,6.41,200,18,4,0,0
m_02281,cafe_bakery,160,114,0.716910888,278,31.23,0.44,8680.58,0.0758,0.0297,0.9383,100,92.8,-0.121,-0.037,46,0.154,18.71,3100,9,9.1,0,0
m_02282,takeaway,149,73,0.493335928,130,17.34,0.428,2254.63,0.1266,0.0423,0.8152,97.98,92.35,1.345,0.051,31,0.469,25.85,700,18,2,1,1
m_02283,cafe_bakery,321,168,0.524439214,378,12.53,0.151,4734.7,0.1252,0.0143,0.8517,91.51,94.04,-0.13,0.77,15,0.15,23.96,1900,18,19.8,0,0
m_02284,cafe_bakery,282,216,0.768895573,346,9.48,0.205,3280.24,0.1127,0.0607,0.8044,96.84,100,0.813,-0.679,12,0.102,28.56,1500,12,12.1,0,0
m_02285,grocer,337,308,0.914857395,400,8.67,0.441,3469.18,0.0675,0.048,0.8292,96.09,92.38,0.125,3.773,37,0.09,14.54,1600,18,14,0,0
m_02286,cafe_bakery,365,298,0.817400493,293,18.46,0.305,5408.89,0.0957,0.106,0.8034,89.12,98.46,0.167,-1.917,66,0.218,47,1100,12,14.8,0,1
m_02287,kiosk,333,267,0.803096615,273,16.37,0.517,4467.93,0.0908,0.0265,0.7342,94.76,95.09,-1.143,-2.732,43,0.38,44.2,1700,18,19.7,0,0
m_02288,kiosk,376,129,0.345650083,375,30.03,0.397,11260.69,0.0407,0.1138,0.6703,100,91.46,-0.695,0.066,42,0.309,2.03,2400,18,19.1,0,1
m_02289,cafe_bakery,184,107,0.586864454,271,23.06,0.358,6250.22,0.0863,0.093,0.6855,89.92,99.17,2.437,-3.675,42,0.175,34.02,2200,24,7.1,0,0
m_02290,takeaway,176,79,0.449287046,105,25.38,0.324,2664.62,0.0088,0.0046,0.8805,93.54,93.99,-0.93,-1.254,17,0.203,24.46,600,18,18.1,0,0
m_02291,cafe_bakery,148,95,0.641972326,186,29.15,0.394,5422.24,0.1315,0.0836,0.732,89.7,94.21,-2.934,-0.966,7,0.451,26.75,900,12,13.7,0,0
m_02292,kiosk,117,36,0.310059246,85,19.04,0.47,1618.38,0.0639,0.0018,0.5668,92.25,100,5.273,0.33,25,0.083,26.96,300,9,12,0,0
m_02293,takeaway,307,174,0.568858549,274,37.77,0.43,10349.7,0.0791,0.0784,0.6994,91.48,94.95,-0.655,-0.095,18,0.068,20,3300,6,6.4,0,0
m_02294,grocer,294,171,0.581932658,302,10.79,0.287,3257.8,0.0961,0.1155,0.8957,93.45,96.9,-0.403,0.772,19,0.205,26.81,900,6,6.7,0,0
m_02295,kiosk,326,232,0.712277837,552,28.81,0.536,15904.06,0.0866,0.2491,0.8901,100,95.89,-0.603,-1.26,52,0.18,43.23,7600,12,14.9,0,0
m_02296,cafe_bakery,91,64,0.708290568,83,4.13,0.449,342.76,0.0348,0.0243,0.9846,99.72,95.62,0.024,-0.457,61,0.343,46.18,100,24,26.9,0,0
m_02297,kiosk,211,101,0.480103874,197,4.3,0.408,846.46,0.051,0.0252,0.8499,96.22,90.72,-1.139,1.457,10,0.132,26.77,400,6,2,0,0
m_02298,kiosk,112,96,0.862829278,121,7.55,0.364,913.86,0.0541,0.1059,0.8027,100,99.43,2.234,-4.239,9,0.108,11.7,300,6,7.7,0,1
m_02299,cafe_bakery,360,305,0.848186352,246,15.59,0.425,3835.93,0.0652,0.0067,0.6797,95.57,96.89,-0.299,1.141,53,0.178,25.39,1200,6,2.1,0,0
m_02300,takeaway,128,115,0.9042536,266,3.78,0.075,1006.16,0.0396,0.0377,0.9357,94.13,99.26,-1.568,-3.989,47,0.197,24.84,200,18,7.8,0,0
m_02301,grocer,83,72,0.877679225,169,15.28,0.386,2582.28,0.0812,0.1208,0.7294,95.7,96.46,-4.303,0.321,33,0.027,42.31,400,12,13,0,0
m_02302,kiosk,240,152,0.635501409,454,12.98,0.596,5894.73,0.1994,0.0344,0.5261,92.25,100,1.642,1.34,93,0.137,15.86,1800,6,6,0,0
m_02303,kiosk,355,232,0.655786227,277,47.59,0.383,13183.26,0.1204,0.0626,0.6172,91.34,96.61,-0.661,0.915,61,0.549,9.1,4000,9,9.9,0,0
m_02304,cafe_bakery,368,167,0.454683483,405,6.23,0.363,2522.61,0.1304,0.0747,0.7969,98.98,100,0.564,-0.94,49,0.352,20.84,600,9,3.6,0,0
m_02305,kiosk,65,52,0.806386876,150,17.98,0.261,2697.03,0.0181,0.0459,0.8043,97.99,92.38,-1.394,0.814,34,0.286,34.47,1100,9,3.7,0,0
m_02306,cafe_bakery,150,99,0.664371848,219,22.76,0.424,4984.53,0.0083,0.045,0.6546,93.14,92.84,0.141,-1.585,16,0.237,18.48,1900,24,25,0,0
m_02307,cafe_bakery,86,80,0.937414662,233,4.4,0.321,1025.27,0.0836,0.0679,0.9013,98.4,100,-0.041,3.064,64,0.168,25.35,300,6,6.8,0,0
m_02308,cafe_bakery,143,75,0.530472159,224,36.35,0.546,8142.05,0.0877,0.0712,0.8122,98.52,99.31,1.381,1.963,19,0.193,35.3,3900,12,14.7,0,0
m_02309,grocer,227,150,0.663125415,384,25.05,0.22,9618.81,0.1951,0.0212,0.7543,95.19,100,0.248,-1.598,44,0.168,12.41,4200,24,16.4,0,0
m_02310,kiosk,133,76,0.578909132,227,31.44,0.282,7136.01,0.0335,0.0201,0.94,94.14,98.45,-1.684,3.054,73,0.422,26.75,2500,12,12.9,0,1
m_02311,takeaway,54,39,0.735786243,84,19.49,0.26,1637.19,0.0564,0.0725,0.8656,99.37,94.89,3.604,0.689,19,0.136,30.21,700,18,20.6,0,0
m_02312,takeaway,218,189,0.869182431,357,10.07,0.625,3595.64,0.0999,0.0614,0.7458,98.34,100,0.652,-1.959,30,0.142,34.24,1600,9,10.6,0,0
m_02313,grocer,49,28,0.579255468,78,5.76,0.322,449.18,0.0217,0.0641,0.8309,100,88.73,-1.417,2.635,26,0.372,23.65,100,18,16.3,0,0
m_02314,kiosk,113,63,0.563987208,165,26.36,0.268,4349.14,0.052,0.0766,0.8581,98.31,99.2,0.284,3.587,34,0.205,43.19,2100,6,3.9,0,0
m_02315,takeaway,30,20,0.697551694,20,12.59,0.05,251.76,0.0657,0.0261,0.8055,91.68,85.84,0.587,-0.211,58,0.545,22.88,100,6,7.4,0,0
m_02316,grocer,62,46,0.75149233,67,3.33,0.213,222.93,0.0629,0.0269,0.8667,92.4,100,0.726,1.032,18,0.359,35.88,0,6,6.1,0,0
m_02317,takeaway,191,136,0.714955833,186,13.38,0.429,2489.24,0.0964,0.0268,0.5462,96.35,91.89,0.545,0.274,28,0.117,39.03,800,9,10.6,0,0
m_02318,kiosk,344,239,0.695803928,640,16.3,0.429,10430.48,0.0447,0.1156,0.7558,99.43,94.78,0.368,1.459,13,0.51,2.29,4400,9,7.8,0,0
m_02319,kiosk,316,191,0.606683301,250,34.08,0.252,8521.07,0.1249,0.0886,0.7516,97.96,92.13,1.377,1.89,41,0.188,43.21,2600,18,18.3,0,0
m_02320,grocer,66,53,0.813293424,77,14.11,0.261,1086.72,0.0955,0.1704,0.5833,95.15,98.37,1.092,2.272,27,0.336,16.92,500,24,12.1,1,1
m_02321,grocer,42,17,0.41826588,33,16.38,0.629,540.42,0.0349,0.0234,0.7189,91.95,95.26,1.12,-3.396,10,0.233,23.42,200,9,11.1,0,0
m_02322,takeaway,155,53,0.347413411,51,16.54,0.754,843.41,0.0611,0.0438,0.6678,100,100,-2.665,-0.736,41,0.105,38.72,300,12,13.2,0,1
m_02323,takeaway,271,153,0.565663101,445,28.43,0.522,12650.95,0.038,0.0356,0.7777,100,93.36,-2.601,2.231,48,0.589,23.44,3500,24,15.6,1,1
m_02324,kiosk,306,203,0.664961258,381,10.26,0.584,3907.18,0.0162,0.0281,0.6026,92.78,91.28,-1.19,-1.096,28,0.172,26.95,800,18,18.1,0,0
m_02325,takeaway,334,157,0.471737333,191,21.01,0.616,4012.46,0.0821,0.0409,0.8303,98.99,94.12,-0.373,0.994,54,0.134,37.05,1900,24,10.2,0,0
m_02326,grocer,156,126,0.812575075,175,11.87,0.682,2076.94,0.0898,0.148,0.7024,97.77,100,-1.14,-1.533,28,0.162,29.49,500,12,14.1,0,0
m_02327,cafe_bakery,92,76,0.833967111,194,33.64,0.305,6525.75,0.1833,0.0478,0.6782,99.05,100,-1.524,1.656,24,0.347,17.74,1600,12,2.9,1,1
m_02328,kiosk,39,14,0.382011794,30,38.05,0.218,1141.48,0.0194,0.0357,0.8528,100,100,0.358,0.375,17,0.251,39.73,400,6,6.3,0,0
m_02329,kiosk,84,67,0.798568974,122,18.03,0.625,2199.82,0.0758,0.0531,0.7152,100,93.8,-1.309,1.508,125,0.423,31.25,700,6,6.2,0,0
m_02330,grocer,54,31,0.578599073,47,20.14,0.205,946.51,0.0609,0.0466,0.704,98.52,90.72,-3.605,1.09,44,0.024,12.17,500,9,9.6,0,0
m_02331,cafe_bakery,348,254,0.730685425,706,14.32,0.196,10110.87,0.0959,0.173,0.7825,96.27,100,-2.037,-2.51,40,0.172,26.62,1900,9,3.5,0,0
m_02332,takeaway,129,56,0.438972001,139,4.28,0.199,595.43,0.1276,0.0876,0.8278,96.1,90.49,-0.915,4.49,36,0.252,31.17,300,12,8.2,1,1
m_02333,takeaway,334,225,0.673722293,535,16.63,0.33,8894.91,0.1554,0.0219,0.7325,96.34,96.02,-0.387,-2.316,54,0.305,23.8,1800,6,7.8,0,0
m_02334,takeaway,234,111,0.474530604,197,15.7,0.052,3093.05,0.1541,0.0308,0.9806,100,93.34,1.348,5.271,67,0.162,11.5,1000,18,0.6,0,0
m_02335,takeaway,229,153,0.671640313,452,13.18,0.135,5955.58,0.0372,0.0263,0.9298,97.14,96.3,0.652,-4.021,40,0.113,13.96,2700,9,11.3,0,1
m_02336,kiosk,198,120,0.610459944,283,14.15,0.257,4004.35,0.1626,0.0606,0.6078,99.34,89.16,-3.008,0.436,55,0.386,21.1,1700,9,9,0,1
m_02337,grocer,333,237,0.713207417,410,21.17,0.171,8680.86,0.2489,0.0562,0.9601,98.25,99.4,2.179,-2.515,61,0.228,31.4,4300,24,25.9,0,0
m_02338,cafe_bakery,46,34,0.7409254,99,20.17,0.509,1996.5,0.0746,0.0248,0.896,94.03,100,-0.299,3.532,64,0.154,39.42,700,18,20.8,0,0
m_02339,grocer,64,56,0.888594619,155,14.39,0.351,2229.94,0.0768,0.0237,0.9109,98.43,100,0.104,-1.729,33,0.074,13.74,900,9,10.4,0,0
m_02340,kiosk,186,110,0.592449642,267,35.36,0.437,9442.11,0.1241,0.0073,0.9739,95.01,91.55,0.182,-1.89,29,0.257,21.96,4600,6,8.2,0,0
m_02341,kiosk,175,156,0.897090925,388,3.77,0.42,1462.05,0.0963,0.0584,0.8171,94.16,97.74,-1.279,0.368,33,0.158,6.78,400,24,7.6,0,0
m_02342,grocer,231,184,0.800129854,318,10.59,0.319,3368.22,0.1253,0.0233,0.6408,98.78,95.31,0.845,3.161,38,0.421,27.42,1000,24,17.9,0,0
m_02343,takeaway,302,142,0.47252652,272,26.34,0.498,7163.18,0.0308,0.0144,0.7483,93.21,96,-2.922,2.766,43,0.329,42.86,2700,24,9.6,0,0
m_02344,kiosk,247,171,0.692980842,208,4.84,0.418,1006.42,0.3405,0.0146,0.805,99.63,100,2.01,-0.145,11,0.357,38,400,9,11.1,0,0
m_02345,kiosk,125,103,0.825578958,217,3.71,0.302,805.07,0.0593,0.0286,0.6576,98.71,94.26,0.281,-0.341,54,0.37,25.04,200,24,7.5,0,0
m_02346,takeaway,151,121,0.802652438,195,10.5,0.097,2048.4,0.1649,0.0433,0.9285,100,98.72,0.545,1.343,22,0.244,24.4,900,18,9.1,0,0
m_02347,kiosk,308,192,0.623744643,300,15.83,0.428,4749.08,0.0436,0.1289,0.8999,98.44,89.02,0.79,0.183,61,0.217,24.12,2100,24,21.7,0,0
m_02348,kiosk,104,37,0.357801499,106,12.15,0.161,1287.71,0.1973,0.0894,0.7811,94.13,96.29,-0.662,0.461,21,0.163,24.74,500,6,8.6,0,1
m_02349,grocer,216,158,0.732170113,183,18.44,0.407,3374.85,0.1464,0.1129,0.8399,100,99.72,1.907,0.017,37,0.183,27.97,800,6,3.7,0,0
m_02350,cafe_bakery,229,89,0.390736494,233,3.97,0.362,926.17,0.1827,0.2117,0.8938,100,95.4,-1.088,1.521,30,0.432,24.09,400,9,10.3,0,1
m_02351,takeaway,307,247,0.805404673,350,9.81,0.146,3433.44,0.1187,0.0235,0.8207,99.68,98.46,-1.501,1.202,10,0.201,27.64,1600,18,19.1,0,0
m_02352,grocer,294,200,0.680689815,172,23.98,0.389,4124.67,0.0792,0.0776,0.8993,99.2,92.76,0.224,3.343,22,0.13,16.43,1100,6,8.4,0,0
m_02353,kiosk,201,126,0.629738506,112,21.07,0.379,2359.98,0.3193,0.0305,0.9344,92.57,94.14,-2.067,-0.974,70,0.294,32.19,500,12,14.6,0,1
m_02354,grocer,144,81,0.568860319,141,11.08,0.379,1562.11,0.0967,0.0496,0.7653,99.57,95.46,-0.849,-0.992,24,0.135,33.91,700,6,7.9,0,0
m_02355,cafe_bakery,166,128,0.772278885,230,17.68,0.372,4065.4,0.0245,0.0935,0.7586,93.25,93.83,0.391,0.115,23,0.196,52.56,600,9,11.7,0,1
m_02356,kiosk,182,156,0.857852314,234,15.63,0.252,3656.86,0.1684,0.0379,0.9549,95.14,99.59,1.103,-0.104,70,0.104,32.68,1700,24,25.5,0,0
m_02357,cafe_bakery,111,53,0.483564155,120,15.91,0.439,1909.02,0.0622,0.0424,0.8648,94.5,100,-0.056,2.026,44,0.06,26.2,600,24,24.4,0,0
m_02358,kiosk,261,200,0.769897484,373,19.33,0.247,7210.16,0.1083,0.0182,0.5107,92.29,98.59,-1.356,-1.81,22,0.181,43.8,2800,18,18.3,0,0
m_02359,takeaway,107,55,0.519769768,52,39.35,0.189,2046.02,0.0106,0.0148,0.6205,97.53,85.87,-0.506,2.84,32,0.566,41.81,600,24,9.3,0,0
m_02360,kiosk,270,177,0.656310362,277,39.84,0.451,11035.07,0.1072,0.0423,0.6663,96.91,94.73,-1.002,-0.269,87,0.243,20.62,2900,18,20.4,0,1
m_02361,cafe_bakery,308,166,0.539812773,170,4.92,0.49,836.34,0.0968,0.0543,0.8928,100,99.37,-0.146,2.663,64,0.348,45.18,200,9,11.7,0,1
m_02362,cafe_bakery,385,364,0.947990855,341,13.89,0.441,4736.44,0.0722,0.029,0.9239,100,95.35,-0.93,5.363,24,0.085,31.21,1700,12,12,0,0
m_02363,grocer,73,50,0.685433481,62,7.29,0.319,451.7,0.0288,0.0248,0.6203,97.53,95.11,-1.466,2.353,37,0.16,13.83,200,24,1.9,0,0
m_02364,kiosk,311,245,0.78844245,573,20.31,0.059,11636.1,0.1185,0.0966,0.6938,99.36,99.74,-1.653,1.55,32,0.13,20.61,2300,18,19.3,0,0
m_02365,grocer,61,54,0.898277632,125,14.38,0.572,1797.19,0.0434,0.0418,0.6965,96.69,99.95,-2.758,2.531,32,0.51,21.67,800,24,14.1,0,0
m_02366,cafe_bakery,154,135,0.877377253,363,29.07,0.057,10553.45,0.0878,0.0751,0.6769,96.67,98.39,1.622,-0.289,35,0.292,42.76,2400,12,9.6,0,0
m_02367,grocer,95,83,0.874519181,204,16.32,0.438,3330.01,0.0937,0.0165,0.7314,97.38,90.05,1.074,0.826,13,0.416,29.69,900,24,24.3,0,0
m_02368,grocer,90,71,0.794281259,140,36.24,0.667,5073.13,0.0978,0.0176,0.9268,96.55,91.52,-1.843,-1.044,19,0.057,28.94,1000,24,15.4,1,1
m_02369,grocer,94,67,0.723236585,99,40.74,0.372,4033.02,0.0856,0.0095,0.6064,97.64,97.57,0.976,-0.917,57,0.332,27.35,1700,9,10,0,0
m_02370,cafe_bakery,46,35,0.761108833,28,35.48,0.394,993.42,0.0905,0.0168,0.7451,98.99,87.68,0.064,0.917,59,0.078,47.75,200,24,26.7,0,0
m_02371,takeaway,334,250,0.751258931,555,2.94,0.407,1634.06,0.0708,0.0395,0.7555,93.34,100,-1.938,0.491,36,0.211,25.87,400,6,8,0,0
m_02372,takeaway,52,30,0.584541642,43,19.2,0.38,825.56,0.0981,0.0137,0.6112,95.78,96.54,-1.576,1.163,29,0.162,23.79,200,24,8.2,0,0
m_02373,kiosk,177,68,0.387919094,91,13.11,0.703,1192.59,0.1616,0.0847,0.8051,99.33,93.18,-0.224,0.568,31,0.096,39.82,600,6,6.1,0,0
m_02374,cafe_bakery,288,248,0.862193054,730,14.39,0.224,10505.95,0.0698,0.026,0.7807,95.34,93.87,1.112,-0.265,70,0.244,29.61,4000,12,4.5,0,0
m_02375,cafe_bakery,396,263,0.665448505,311,26.34,0.205,8192.04,0.177,0.1452,0.8348,95.4,100,0.891,2.147,74,0.504,42.06,3200,6,6.5,0,1
m_02376,takeaway,345,284,0.823671652,247,13.68,0.301,3379.51,0.0744,0.0157,0.7935,100,90.96,-0.808,-0.935,64,0.223,23.8,1600,6,7,0,0
m_02377,grocer,80,62,0.781123204,179,16.95,0.611,3033.95,0.0382,0.1894,0.7867,94.78,88.31,0.689,0.802,38,0.051,29.73,900,9,11.6,0,0
m_02378,takeaway,395,236,0.599447831,347,17.53,0.263,6082.12,0.2111,0.0516,0.8424,98.3,92.03,-0.244,2.595,29,0.295,45.92,2000,12,12.2,0,0
m_02379,kiosk,271,216,0.800169099,359,3.77,0.415,1352.74,0.1424,0.0154,0.9268,97.45,97.18,-1.102,1.719,48,0.057,22.98,300,9,12,0,0
m_02380,grocer,96,36,0.38045863,35,12.41,0.511,434.34,0.0661,0.0622,0.4862,99.66,100,1.441,0.242,27,0.148,37.69,100,6,7.9,0,0
m_02381,grocer,196,156,0.798568876,263,30.25,0.467,7954.9,0.0809,0.1807,0.9583,96.8,100,0.234,-3.292,36,0.205,12.48,3100,24,24.9,0,0
m_02382,kiosk,369,282,0.765604593,828,3.29,0.503,2726.81,0.0631,0.247,0.9421,94.63,94.25,0.766,-0.38,36,0.174,35.33,600,18,16.6,0,0
m_02383,grocer,175,125,0.717665237,290,22.56,0.563,6541.24,0.0188,0.0113,0.9266,95.04,97.13,-1.647,4.549,34,0.243,21.43,1100,9,10.8,0,0
m_02384,grocer,97,56,0.586594903,103,9.13,0.396,940.58,0.2212,0.0087,0.8251,100,97.39,-0.779,-0.196,24,0.392,36.8,200,12,11.9,0,0
m_02385,takeaway,353,238,0.675342015,351,12.92,0.281,4533.34,0.155,0.065,0.8909,95.4,96.89,1.23,0.29,40,0.519,16.71,800,24,12,1,1
m_02386,grocer,382,173,0.453838451,277,25.15,0.372,6966.06,0.0225,0.0597,0.8302,95.2,88.12,-0.421,0.639,28,0.333,38.15,3000,12,12.2,0,0
m_02387,kiosk,390,333,0.85606432,714,7.7,0.299,5497.69,0.1844,0.092,0.9783,95.62,94.74,-0.334,1.155,11,0.218,27.25,2500,18,20.7,0,0
m_02388,grocer,383,371,0.968997513,504,13.64,0.728,6873.41,0.1186,0.003,0.6592,96.19,99.16,-1.592,-1.01,14,0.398,31.97,1700,6,7.9,0,0
m_02389,kiosk,352,239,0.67900765,271,4.93,0.27,1336.75,0.0289,0.0141,0.7354,95.78,100,0.295,1.816,31,0.339,29.08,300,6,7.9,0,1
m_02390,kiosk,198,134,0.681115163,312,20.78,0.422,6484.74,0.0913,0.0158,0.7702,98.69,97.59,-1.619,1.118,19,0.234,26.81,2500,12,13.4,0,0
m_02391,grocer,101,80,0.794759269,217,9.87,0.125,2142.4,0.0654,0.0046,0.5328,97.3,100,0.549,-3.145,31,0.327,21.24,900,24,16.5,0,0
m_02392,grocer,258,208,0.808843523,578,5.95,0.37,3441.09,0.0785,0.0063,0.9199,95.23,99.53,-1.489,-4.788,15,0.343,18.21,1400,9,11.3,0,0
m_02393,grocer,111,39,0.352032174,103,16.33,0.307,1682.28,0.0448,0.0333,0.9019,99.17,94.48,-0.314,-0.774,58,0.278,34.8,600,9,10.7,0,0
m_02394,grocer,205,134,0.653786277,263,4.76,0.451,1251.6,0.0334,0.0413,0.5835,97.85,90.66,2.363,-2.122,28,0.037,16.45,300,18,15.6,0,0
m_02395,kiosk,272,205,0.753991784,519,12.68,0.455,6581.07,0.1013,0.0103,0.6689,100,100,0.549,0.919,43,0.144,26.25,2500,18,19.3,0,0
m_02396,kiosk,380,198,0.52257783,561,9.28,0.563,5207.41,0.1253,0.0233,0.6881,97.95,100,-0.52,-0.449,61,0.146,17.68,2000,6,8.6,0,0
m_02397,cafe_bakery,136,89,0.657401333,75,18.53,0.551,1389.51,0.0663,0.0085,0.7147,96.62,94.31,1.285,1.24,58,0.515,24.35,300,18,8.3,0,0
m_02398,cafe_bakery,123,71,0.583182738,121,18.77,0.34,2271.45,0.317,0.1178,0.8195,96.39,100,-1.085,1.266,40,0.294,8.97,400,12,10.6,0,0
m_02399,kiosk,301,194,0.646404909,242,10.4,0.208,2515.92,0.106,0.1276,0.9283,97.44,96.6,-1.479,-1.711,60,0.045,39.59,1000,9,11.9,0,0
m_02400,kiosk,32,16,0.508977066,47,35.74,0.226,1679.59,0.2225,0.0132,0.495,98.1,90.48,-0.547,-0.429,18,0.374,34.98,400,9,4.3,1,1
m_02401,cafe_bakery,239,105,0.442892877,298,29.38,0.395,8756.62,0.0352,0.0855,0.8305,96.99,96.19,1.648,-0.807,24,0.387,27.3,1400,24,23,1,1
m_02402,cafe_bakery,305,217,0.711539914,556,8.39,0.374,4664.05,0.0382,0.1504,0.8475,95.68,93.73,1.564,2.166,86,0.135,29.62,700,18,4.8,0,0
m_02403,grocer,233,169,0.727415721,245,53.26,0.389,13048.02,0.0728,0.0851,0.6295,98.88,97.77,-0.745,-0.051,40,0.287,39.58,2600,24,25.6,0,0
m_02404,grocer,172,122,0.715091626,353,24.46,0.27,8635.99,0.1185,0.0237,0.9851,98.3,97.6,-0.426,2.802,44,0.268,22.43,1600,24,25.3,0,1
m_02405,kiosk,336,183,0.544733594,158,19.75,0.566,3120.35,0.1064,0.1347,0.8475,97.06,93.42,0.63,2.913,31,0.178,40.92,1200,18,7,0,0
m_02406,takeaway,167,113,0.676928803,137,20.53,0.129,2813.09,0.1777,0.0654,0.8979,99.01,90.77,3.642,0.029,29,0.239,20.75,1300,9,11.1,0,0
m_02407,grocer,292,185,0.636574956,399,6.89,0.261,2747.96,0.0111,0.1011,0.6331,96.77,94.17,-0.356,-0.885,25,0.09,27.43,500,24,25.8,0,0
m_02408,kiosk,201,155,0.774108359,394,32.13,0.188,12660.13,0.1046,0.0508,0.8019,97.04,100,2.074,-1.451,46,0.263,13.91,4900,9,11.4,0,0
m_02409,grocer,39,22,0.565839578,60,3.79,0.319,227.55,0.3665,0.1253,0.912,98.89,91.3,0.374,1.72,45,0.318,41.58,100,9,10.8,0,0
m_02410,kiosk,226,156,0.691275327,227,20.46,0.537,4645.34,0.0167,0.0276,0.7958,99.4,98.9,1.28,0.099,48,0.168,24.97,1800,24,26.7,0,0
m_02411,kiosk,48,30,0.633445752,49,29.61,0.307,1450.91,0.1013,0.0418,0.8417,98.96,98.39,1.52,-1.158,39,0.606,31.22,300,18,11.1,0,0
m_02412,grocer,374,309,0.828530405,556,8.87,0.365,4930.05,0.073,0.0027,0.8003,94.71,93.79,0.264,2.094,20,0.345,20.14,1000,18,17.2,0,0
m_02413,kiosk,252,203,0.805578262,174,25.48,0.45,4432.84,0.0524,0.0239,0.4787,98.13,92.63,-0.043,2.131,22,0.477,25.77,2000,12,14.3,0,0
m_02414,kiosk,167,164,0.986840091,442,17.29,0.3,7641.88,0.0157,0.0218,0.8819,97.13,98.38,-0.311,-1.597,27,0.162,17.75,3300,9,11.5,0,0
m_02415,grocer,209,116,0.556921665,179,26.41,0.407,4727.75,0.2012,0.0253,0.8946,98.18,95.89,0.526,1.023,59,0.033,19.34,2200,18,19.4,0,0
m_02416,cafe_bakery,259,225,0.872067285,278,28.84,0.388,8017.14,0.0444,0.0566,0.8483,100,93.99,1.782,1.477,42,0.438,11.49,1800,18,12.1,0,0
m_02417,grocer,126,107,0.856257412,181,37.59,0.18,6803.22,0.0256,0.0414,0.7512,96.37,97.89,1.984,3.703,53,0.164,25.15,2300,18,18.7,0,0
m_02418,takeaway,136,93,0.688462204,219,32.96,0.28,7218.89,0.0452,0.0221,0.8479,97.07,100,1.816,-0.03,33,0.187,20.64,2000,24,5.8,1,1
m_02419,kiosk,184,85,0.46733995,230,4.23,0.403,973.77,0.0352,0.1304,0.748,95.31,100,-0.699,0.3,46,0.13,49.82,400,18,20.7,0,0
m_02420,grocer,125,74,0.598065014,94,8.53,0.542,801.88,0.0222,0.1725,0.9583,96.42,96.51,-0.852,1.622,15,0.563,16.43,300,18,1.7,0,0
m_02421,grocer,310,205,0.663672323,241,21.74,0.542,5240.39,0.0793,0.0191,0.743,94.97,82.48,-1.242,2.838,28,0.447,20.68,1100,24,17,1,1
m_02422,kiosk,68,51,0.760555316,146,29.06,0.664,4243.19,0.1755,0.0763,0.8091,93.78,95.04,0.231,1.101,24,0.461,35.2,1100,6,5.6,0,0
m_02423,kiosk,335,261,0.779235771,525,7.73,0.423,4060.13,0.1188,0.0669,0.7784,91.13,91.99,1.399,0.751,89,0.138,17.62,1500,9,11.1,0,0
m_02424,kiosk,158,87,0.553927626,139,24.18,0.288,3360.34,0.0429,0.0344,0.7188,94.91,95.19,-0.848,-0.823,25,0.268,26.09,1200,24,22.3,0,0
m_02425,cafe_bakery,237,115,0.48654182,142,34.31,0.34,4872.6,0.0778,0.0368,0.961,95.12,94.6,-0.274,-0.347,19,0.131,34.62,2000,6,7.7,0,0
m_02426,cafe_bakery,88,70,0.803775563,209,28.43,0.333,5941,0.0753,0.1473,0.8453,96.82,94.74,0.97,0.002,48,0.097,33.86,3000,18,20.9,0,0
m_02427,cafe_bakery,172,127,0.743944038,302,23.96,0.289,7234.66,0.0671,0.0502,0.745,95.38,100,-0.482,1.703,48,0.145,27.79,2200,18,20.5,0,0
m_02428,kiosk,309,254,0.824094336,324,15.64,0.407,5067.04,0.0275,0.102,0.7432,100,95.09,-0.286,1.198,49,0.107,26.37,1600,18,18.7,0,0
m_02429,cafe_bakery,130,42,0.323835895,42,15.17,0.414,637.05,0.0561,0.1601,0.8638,97.68,94.92,1.672,-1.078,30,0.116,36.94,200,6,6.7,0,1
m_02430,grocer,78,46,0.596903594,56,48.38,0.174,2709.4,0.0692,0.1165,0.815,99.23,97.91,0.036,2,45,0.309,39.45,1100,24,1.2,0,0
m_02431,takeaway,223,100,0.44902564,134,0.68,0.513,91.31,0.0595,0.0186,0.8962,99.95,91.77,-1.08,-0.038,43,0.485,27.93,0,9,9.7,0,1
m_02432,kiosk,90,52,0.587794269,54,11.71,0.074,632.38,0.1673,0.0087,0.6606,100,94.65,0.145,-0.01,17,0.394,32.4,200,12,12.7,0,0
m_02433,takeaway,146,71,0.489404319,92,8.53,0.317,784.87,0.1248,0.0173,0.6366,99.92,90.52,0.65,1.836,7,0.335,22.04,200,6,5.1,0,0
m_02434,takeaway,196,138,0.706012803,145,5.92,0.522,858.87,0.1816,0.1041,0.9203,94.35,98.49,3.757,2.086,26,0.255,38.67,300,6,1.4,1,1
m_02435,takeaway,238,67,0.285525317,109,23.11,0.441,2518.59,0.2263,0.0255,0.8619,99.58,96.93,2.279,0.992,39,0.177,34.95,800,9,9.5,0,0
m_02436,takeaway,266,209,0.789132716,390,21.26,0.296,8292.71,0.0885,0.126,0.917,97.96,100,4.789,4.043,13,0.511,23.99,2600,6,8.2,0,0
m_02437,grocer,280,204,0.729926915,367,16.53,0.645,6066.73,0.0362,0.1335,0.7123,100,89.47,-1.598,-3.45,29,0.48,21.96,2100,24,24.5,0,0
m_02438,takeaway,342,185,0.543261504,485,21.25,0.284,10308.29,0.0164,0.1612,0.8281,97.08,99.88,2.087,2.231,39,0.265,45.27,2700,24,26.7,0,1
m_02439,kiosk,54,47,0.877601423,63,26.4,0.05,1662.95,0.0545,0.0697,0.7451,100,88.99,2.329,-1.699,40,0.12,22.16,800,18,18.7,0,0
m_02440,grocer,164,82,0.503033221,225,14.27,0.418,3210.37,0.0632,0.1254,0.8043,97.3,92.02,0.046,0.266,79,0.251,25.11,1200,9,9.7,0,0
m_02441,takeaway,30,18,0.604017492,50,22.15,0.083,1107.48,0.0802,0.0202,0.9295,97.42,87.42,-0.589,0.349,48,0.093,14.71,200,6,6.9,0,0
m_02442,kiosk,33,19,0.578419324,55,13.46,0.225,740.25,0.1007,0.0076,0.7014,99,96.28,1.106,0.201,11,0.317,37.47,300,12,5,1,1
m_02443,grocer,108,104,0.964240916,124,22.59,0.443,2801.25,0.0404,0.0854,0.9313,96.06,97.09,-0.489,-1.505,68,0.246,22.07,800,24,15.7,0,0
m_02444,cafe_bakery,251,156,0.624646057,209,34.44,0.281,7198.18,0.0474,0.0565,0.9461,98.66,94.71,-1.716,-2.399,28,0.298,27.45,1900,12,8.9,0,0
m_02445,cafe_bakery,360,262,0.72920084,569,27.94,0.437,15900.22,0.0831,0.1465,0.7243,92.44,87.26,-2.126,-3.528,19,0.412,26.57,6800,24,26.4,0,0
m_02446,grocer,316,155,0.490612597,172,41.38,0.176,7117.41,0.0057,0.0593,0.7642,98.45,93.87,-2.245,-0.099,28,0.259,50.93,2400,18,18.1,0,0
m_02447,takeaway,269,151,0.564472813,149,11.75,0.479,1750.62,0.0133,0.0518,0.7549,93.18,96.52,0.35,0.587,20,0.094,45.2,300,18,19.6,0,0
m_02448,grocer,317,131,0.413288801,126,10.05,0.096,1266.25,0.2432,0.056,0.6141,98.66,92.34,1.007,1.506,7,0.089,30.58,500,6,5.9,1,1
m_02449,cafe_bakery,93,41,0.442934589,87,20.98,0.548,1825.24,0.006,0.081,0.7648,87.64,95.89,-1.462,2.64,23,0.22,20.89,400,18,1.5,1,1
m_02450,takeaway,340,117,0.345231614,300,11.99,0.279,3597.66,0.0727,0.0725,0.6988,91.56,100,0.725,1.998,40,0.393,28.68,1400,9,11.3,0,1
m_02451,grocer,359,227,0.632528923,310,23.17,0.58,7183.02,0.0047,0.0308,0.8749,97.16,93.7,0.715,2.293,2,0.247,26.74,2500,6,8.1,0,0
m_02452,kiosk,65,18,0.280589575,51,18.52,0.224,944.38,0.0143,0.044,0.9161,97.21,91.65,0.52,-1.684,41,0.063,43.34,200,12,12.1,0,1
m_02453,takeaway,203,134,0.66068753,340,8.63,0.639,2932.81,0.035,0.015,0.7505,96.24,95.68,1.02,2.526,46,0.23,53.21,1400,12,12.6,0,1
m_02454,cafe_bakery,337,304,0.904325226,295,21.54,0.206,6354.83,0.0037,0.0182,0.6444,99.17,100,0.323,1.066,42,0.064,30.77,1500,9,9.3,0,0
m_02455,takeaway,206,148,0.722070894,251,9.04,0.081,2269.3,0.035,0.0113,0.9494,99.8,98.02,1.999,-2.281,41,0.201,35.49,600,12,13.3,0,0
m_02456,cafe_bakery,340,175,0.51493838,166,35.85,0.356,5951.84,0.1258,0.0757,0.7577,100,89.96,0.936,2.459,25,0.199,47.12,1500,9,8.3,0,0
m_02457,kiosk,376,231,0.616329896,649,14.46,0.535,9384.38,0.0791,0.1133,0.7738,97.13,100,-1.882,-1.447,22,0.172,32.79,3100,18,9.2,1,1
m_02458,grocer,205,129,0.632948916,314,9.98,0.469,3133.35,0.0689,0.1034,0.7275,100,94.34,2.76,-1.755,22,0.098,19.5,900,6,1.6,1,1
m_02459,cafe_bakery,52,22,0.440214042,50,18.86,0.524,942.94,0.0297,0.019,0.78,94.51,95.07,-1.441,3.402,28,0.406,26.48,300,18,18.1,0,0
m_02460,kiosk,155,112,0.723360315,257,20.11,0.472,5168.39,0.1875,0.1043,0.5505,95.36,90.84,-0.024,0.796,49,0.328,27.55,2100,12,8,0,0
m_02461,takeaway,109,53,0.487109567,75,11.5,0.227,862.24,0.1137,0.1537,0.9719,94.54,96.59,3.828,-1.768,11,0.283,20.38,400,9,6.2,0,0
m_02462,takeaway,205,114,0.55641608,325,11.14,0.465,3621.68,0.0428,0.0461,0.8296,96.67,88.18,0.735,-0.759,35,0.421,28.1,1100,9,10.8,0,1
m_02463,grocer,246,221,0.901861131,625,4.72,0.364,2947.41,0.0802,0.0835,0.6311,97.67,91.49,-1.234,2.433,30,0.495,12.44,1100,9,5.9,0,0
m_02464,takeaway,201,93,0.46642854,225,27.09,0.244,6095.27,0.1074,0.066,0.7176,100,98.43,0.505,-2.085,58,0.17,7.86,2500,24,14.6,1,1
m_02465,kiosk,102,83,0.813859635,152,35.28,0.377,5362.81,0.0336,0.0264,0.7399,98.04,96.51,0.784,0.033,64,0.151,27.08,2100,24,6.5,0,0
m_02466,grocer,141,98,0.701742202,88,29.52,0.342,2597.72,0.0148,0.0685,0.6791,100,92.98,0.302,0.032,36,0.207,25.48,1100,18,11.9,0,0
m_02467,cafe_bakery,281,230,0.820174627,198,9.77,0.562,1935.24,0.0332,0.0112,0.902,100,95.22,-0.76,5.761,36,0.155,45.58,800,9,9.7,0,0
m_02468,kiosk,39,29,0.748051472,32,21.21,0.273,678.69,0.2436,0.015,0.8412,97.12,98.79,-1.92,-2.599,34,0.231,22.99,300,24,22.3,0,0
m_02469,grocer,109,97,0.899065017,204,19.04,0.266,3884.17,0.0534,0.0631,0.4479,96.69,97.53,-1.747,-2.516,77,0.461,30.84,1800,9,9,0,0
m_02470,grocer,360,216,0.602086797,552,5.73,0.245,3161.61,0.0382,0.047,0.8963,92.43,98.65,-1.169,-0.818,21,0.351,23.62,1100,12,3.8,0,0
m_02471,takeaway,66,52,0.798434963,150,11.44,0.635,1715.56,0.0406,0.0763,0.9472,95.37,91.25,1.942,-0.964,12,0.39,9.49,500,18,18,0,0
m_02472,grocer,183,112,0.613976373,132,20.33,0.254,2683.14,0.0396,0.0343,0.7677,94.57,93.17,-1.828,0.386,23,0.347,27.34,1300,18,18.7,0,0
m_02473,grocer,106,30,0.288198512,42,3.3,0.545,138.52,0.0515,0.1381,0.589,94.7,100,0.234,-0.627,55,0.162,30.11,0,18,13.7,0,0
m_02474,grocer,68,33,0.494708281,30,7.67,0.195,230.18,0.0201,0.1284,0.8311,95.73,94.41,2.098,2.009,42,0.047,22.41,100,6,6.3,0,1
m_02475,grocer,186,130,0.700818357,386,25.26,0.426,9751.77,0.2087,0.0919,0.5601,98.58,94.16,0.976,0.491,19,0.168,25.91,1600,9,10.3,0,0
m_02476,kiosk,222,191,0.864843763,480,9.55,0.389,4583.91,0.0307,0.0443,0.7013,97.87,96.49,2.132,-1.615,35,0.551,37.36,2200,6,2.8,0,0
m_02477,grocer,95,87,0.92369155,161,5.79,0.535,931.42,0.0582,0.1179,0.8541,99.97,96.88,-0.88,-0.159,57,0.298,25.21,400,24,24.8,0,0
m_02478,grocer,58,42,0.734197205,86,28.64,0.513,2463.08,0.021,0.1209,0.9827,98.15,92.01,0.942,-0.224,50,0.248,40.69,600,6,7.6,0,0
m_02479,cafe_bakery,79,57,0.723945046,116,9.55,0.362,1108.04,0.0237,0.0129,0.6536,95.23,86.04,1.726,2.605,13,0.478,30.12,300,9,11.3,0,0
m_02480,kiosk,271,133,0.491354553,180,25.37,0.269,4567.4,0.0387,0.0452,0.9074,99.27,94.71,1.412,2.048,48,0.435,38.54,1000,24,24.3,0,0
m_02481,cafe_bakery,348,116,0.334658123,140,40.83,0.594,5716.25,0.368,0.0292,0.8956,92.89,95.92,1.335,1.746,55,0.371,43.82,2800,9,10.9,0,1
m_02482,cafe_bakery,96,67,0.708135491,97,7.5,0.254,727.92,0.0472,0.0966,0.8588,99.93,88.92,-1.792,-1.135,28,0.174,18.96,100,24,5.8,0,0
m_02483,kiosk,148,95,0.646859195,127,14.79,0.05,1878.19,0.0221,0.0301,0.6346,94.7,97.07,1.001,0.945,32,0.511,38.74,300,6,6.8,0,0
m_02484,cafe_bakery,157,106,0.676751394,214,19.15,0.071,4098.84,0.1289,0.131,0.4342,90.11,97.34,0.732,-1.983,34,0.069,41.21,1600,24,4.9,0,0
m_02485,cafe_bakery,163,114,0.703653426,168,28.34,0.108,4761.3,0.1343,0.0776,0.8464,98.63,99.89,-0.225,1.625,88,0.067,38.73,1000,9,9.6,0,0
m_02486,grocer,120,95,0.793636515,228,11.41,0.439,2600.5,0.1112,0.1478,0.7044,96.07,91.61,-0.907,2.752,45,0.507,25.33,400,18,8.1,0,0
m_02487,cafe_bakery,50,18,0.372652642,36,1.88,0.682,67.71,0.0257,0.0601,0.7294,100,97.47,0.676,-3.854,36,0.318,2,0,18,5.1,0,0
m_02488,takeaway,224,161,0.71929816,317,7.5,0.05,2377.66,0.0246,0.0696,0.9333,99.89,98.21,-1.481,0.152,38,0.229,52.51,700,18,16.4,0,0
m_02489,grocer,162,133,0.82576998,384,12.93,0.233,4964.98,0.1368,0.04,0.8874,94.04,100,-0.647,0.15,12,0.132,12.29,1400,6,7.3,0,0
m_02490,takeaway,156,67,0.433926514,101,25.35,0.363,2560.05,0.154,0.0172,0.5453,100,99.41,1.413,2.144,49,0.166,47.96,400,9,9.2,0,0
m_02491,cafe_bakery,127,37,0.296103759,81,14.88,0.582,1205.58,0.0182,0.0374,0.513,91.35,100,1.563,-0.849,70,0.461,16.35,200,6,2.2,1,1
m_02492,cafe_bakery,373,274,0.737208819,219,24.38,0.232,5338.52,0.0145,0.0313,0.736,98.39,96.61,0.723,-0.877,68,0.482,15.44,2400,24,6.1,0,0
m_02493,kiosk,255,211,0.828944113,510,12.63,0.439,6441.9,0.0902,0.0148,0.9244,100,94.19,-0.69,0.657,8,0.24,28.8,3100,9,11.3,0,0
m_02494,takeaway,184,121,0.661716913,230,18.07,0.312,4156.31,0.0374,0.1003,0.8824,93.95,100,-1.667,1.554,24,0.202,27.34,1100,24,8.3,0,0
m_02495,kiosk,105,70,0.667500782,88,26.46,0.741,2328.91,0.1022,0.0266,0.7278,100,90.92,-1.169,0.751,44,0.453,49.84,1000,12,12.5,0,0
m_02496,grocer,326,245,0.751975439,196,30.59,0.372,5995.82,0.092,0.0817,0.8075,97.49,100,1.928,2.102,14,0.266,21.47,2700,24,6.2,1,1
m_02497,cafe_bakery,358,199,0.557911539,468,46.04,0.403,21547.98,0.1325,0.097,0.7745,98.12,99.17,0.292,1.718,52,0.403,37.18,9300,9,10.4,0,0
m_02498,grocer,41,26,0.63548075,58,19.58,0.363,1135.37,0.0658,0.0117,0.7919,100,94.65,-0.153,-0.694,20,0.201,33.11,500,12,13.3,0,0
m_02499,grocer,373,130,0.348584603,294,3.94,0.288,1156.92,0.1043,0.1376,0.8381,98.25,89.64,0.245,0.388,59,0.024,19.15,600,6,3.7,1,1
m_02500,grocer,288,166,0.577362123,292,21.64,0.492,6320.2,0.0852,0.1281,0.7675,93.03,95.72,1.027,1.44,45,0.325,33.62,1600,24,25,0,0
m_02501,takeaway,66,56,0.854221282,123,3.71,0.176,456.81,0.0871,0.0597,0.8608,87.35,93.46,-1.54,-1.242,12,0.242,27.26,100,18,6.7,0,0
m_02502,grocer,308,190,0.61833514,390,23.19,0.05,9045.04,0.0587,0.0355,0.9602,94.07,89.67,-0.73,-1.016,56,0.237,39.85,2600,9,10.9,0,0
m_02503,kiosk,69,52,0.764529184,68,17.68,0.327,1202.17,0.0297,0.0615,0.7782,94.34,93.71,0.969,-2.575,9,0.051,25.9,500,9,11,0,0
m_02504,kiosk,48,31,0.666228164,60,29.64,0.472,1778.62,0.0966,0.0339,0.745,94.15,99.61,0.36,2.705,22,0.22,42.91,500,18,19.7,0,0
m_02505,kiosk,72,38,0.530911515,73,12.58,0.263,918.07,0.184,0.0009,0.5518,95.1,95.96,1.659,4.681,15,0.391,31.8,300,9,6.7,0,0
m_02506,takeaway,200,121,0.608131027,316,18.2,0.378,5751.55,0.0587,0.0383,0.7979,88.46,95.03,1.13,-1.008,94,0.25,15.99,1600,18,19.2,0,1
m_02507,cafe_bakery,259,178,0.688207233,312,21.86,0.167,6821.62,0.1202,0.0128,0.9266,93.42,89.73,-1.158,1.498,44,0.361,10.28,2000,9,9.4,0,1
m_02508,cafe_bakery,180,138,0.768229846,242,2.3,0.509,557.5,0.1201,0.0823,0.8568,98.64,95.27,-5.006,2.845,37,0.214,46.38,200,12,14.8,0,0
m_02509,cafe_bakery,75,69,0.93123636,204,21.27,0.448,4338.37,0.0614,0.067,0.8352,100,100,0.306,-1.987,29,0.239,27.51,2000,12,12.3,0,0
m_02510,cafe_bakery,103,91,0.886012672,251,2.49,0.353,624.89,0.135,0.1019,0.8113,94.81,96.15,-1.568,1.045,106,0.091,27.44,300,9,9.1,0,0
m_02511,takeaway,345,288,0.836871208,383,10,0.375,3829.59,0.0435,0.0857,0.897,99.07,94.55,0.761,3.005,34,0.238,30.59,1800,9,10.4,0,0
m_02512,kiosk,386,333,0.864119279,933,19.97,0.141,18628.25,0.0757,0.0802,0.742,89.23,98.99,2.386,-0.174,104,0.304,27.68,4400,9,10.6,0,0
m_02513,cafe_bakery,309,275,0.892676581,303,3.14,0.148,950.83,0.1466,0.0389,0.7761,97.81,100,-1.544,0.198,36,0.299,29.23,300,18,18.8,0,0
m_02514,takeaway,68,58,0.853315424,155,23.84,0.332,3694.58,0.0452,0.0424,0.8319,100,100,0.97,3.124,65,0.282,11.74,1400,9,6.3,0,0
m_02515,kiosk,333,211,0.634093706,253,22.67,0.427,5736.41,0.1067,0.0293,0.755,98.55,97.38,1.305,-0.484,71,0.242,37.43,1900,18,15.7,0,0
m_02516,kiosk,286,167,0.584880157,289,28.9,0.435,8352.05,0.0894,0.0156,0.9026,96.92,89.43,0.519,-0.783,24,0.304,29.79,2500,18,20,0,0
m_02517,takeaway,224,156,0.699135178,462,4.71,0.296,2178.31,0.0454,0.0176,0.8607,89.35,99.97,0.492,-0.003,44,0.189,35.07,400,6,6.9,0,0
m_02518,kiosk,82,58,0.710012659,58,45.3,0.462,2627.12,0.0359,0.1328,0.9173,100,94.43,-3.115,4.012,63,0.431,22.54,900,18,6.9,0,0
m_02519,takeaway,398,336,0.846140245,889,6.54,0.563,5818.23,0.0687,0.0229,0.9194,100,93.89,0.098,1.969,10,0.279,27.99,2800,9,11.1,0,0
m_02520,cafe_bakery,193,127,0.660144261,239,18.12,0.337,4331.47,0.0396,0.0212,0.8508,99.1,92.1,-0.013,1.455,55,0.155,13.73,1800,18,18.1,0,0
m_02521,cafe_bakery,46,27,0.590191299,28,13.09,0.396,366.61,0.1091,0.0406,0.8471,100,98.17,1.575,1.434,50,0.074,39.2,100,12,1,0,0
m_02522,cafe_bakery,107,50,0.47084688,144,15.13,0.319,2178.74,0.0219,0.0087,0.9482,97.01,99.83,1.44,-1.849,48,0.272,26.87,800,9,9.1,0,0
m_02523,cafe_bakery,178,124,0.699706103,249,41.55,0.331,10345.96,0.0908,0.1797,0.7369,99.28,93.33,-0.766,1.514,23,0.352,4.04,2100,24,3.6,1,1
m_02524,cafe_bakery,53,25,0.487713445,68,7.28,0.375,495.17,0.0219,0.0516,0.7379,99.52,98.57,-2.85,-0.452,9,0.487,24.48,200,24,7.6,1,1
m_02525,kiosk,149,85,0.576819219,230,37.9,0.605,8716.9,0.0124,0.1652,0.6906,96.81,100,-2.394,0.02,28,0.3,31.9,3200,9,10.8,0,0
m_02526,cafe_bakery,203,130,0.642504786,108,25.86,0.487,2793.06,0.1243,0.1327,0.7616,94.52,97.46,2.113,-0.083,29,0.161,42.82,700,12,12.5,0,1
m_02527,cafe_bakery,380,200,0.527759221,276,16.21,0.474,4473.77,0.0152,0.0271,0.5294,99.63,96,-0.116,2.302,50,0.678,13.44,2200,6,2.9,1,1
m_02528,takeaway,61,35,0.574788968,53,16.11,0.282,853.64,0.3142,0.0126,0.6386,100,95.39,-2.17,4.082,25,0.174,41.14,200,6,6.6,0,0
m_02529,takeaway,243,150,0.620755636,296,22.73,0.215,6727.66,0.0705,0.0337,0.6501,100,93.38,-1.984,-1.401,52,0.072,35.18,1900,24,26.3,0,0
m_02530,grocer,368,213,0.57882488,204,12.48,0.408,2546.76,0.1233,0.0997,0.8662,98.02,99.04,0.346,2.572,10,0.091,23.56,800,24,20.1,1,1
m_02531,cafe_bakery,328,284,0.866500932,470,14.1,0.537,6627.17,0.1209,0.0044,0.8788,97.79,100,0.181,0.139,55,0.139,37.01,3200,18,20.5,0,1
m_02532,cafe_bakery,372,295,0.7943745,764,18.06,0.609,13798.49,0.0839,0.053,0.9158,97.96,96.53,2.484,2.023,27,0.526,31.2,3800,24,26.3,0,0
m_02533,grocer,93,62,0.672846423,73,35.45,0.05,2587.94,0.0151,0.0586,0.8302,90.15,94.22,-0.12,1.108,42,0.297,22.5,900,12,12.4,0,0
m_02534,takeaway,326,215,0.660479366,503,15,0.717,7542.49,0.0276,0.083,0.935,96.68,97.97,0.579,-0.719,19,0.31,39.12,1900,9,6.9,0,0
m_02535,cafe_bakery,392,161,0.411680517,291,4.26,0.413,1240.41,0.148,0.025,0.51,96.35,92.39,-0.063,-0.75,48,0.281,42.02,200,12,12.6,0,0
m_02536,takeaway,150,111,0.74000809,106,18.53,0.486,1963.87,0.1035,0.0526,0.6249,93.38,100,1.228,0.086,38,0.38,13.97,600,9,4.3,1,1
m_02537,cafe_bakery,214,173,0.811779004,205,15.57,0.089,3191.68,0.2398,0.0348,0.5292,100,100,2.64,1.234,46,0.226,31.67,1400,18,2.5,1,1
m_02538,kiosk,226,113,0.501052406,125,10.63,0.314,1328.5,0.0728,0.0497,0.8613,97.85,97.99,1.417,1.511,85,0.115,26.45,400,9,10,0,1
m_02539,cafe_bakery,212,99,0.470468474,214,20.31,0.473,4345.53,0.1485,0.0015,0.7957,89.15,94.29,2.957,6.46,27,0.247,32.74,1500,12,14.8,0,0
m_02540,kiosk,137,80,0.590792828,79,10.88,0.174,859.51,0.074,0.0859,0.8766,97.7,95.23,0.811,1.614,18,0.007,24.74,300,24,24.4,0,1
m_02541,cafe_bakery,389,163,0.42028517,425,14.76,0.05,6272.96,0.0814,0.0257,0.8833,100,89.04,-2.379,-2.07,41,0.176,43.17,2100,18,20,0,0
m_02542,kiosk,383,287,0.750416426,738,18.11,0.4,13366.1,0.154,0.084,0.7284,95.21,92.94,-1.236,3.044,25,0.463,9.24,3400,6,6.3,0,0
m_02543,kiosk,170,105,0.621218743,102,19.22,0.343,1960.12,0.0213,0.1134,0.9079,93.93,98.94,1.231,1.722,33,0.228,29.82,1000,24,26.1,0,0
m_02544,cafe_bakery,327,241,0.739685677,663,21.3,0.566,14123.3,0.1164,0.0229,0.851,93.13,92.91,-0.362,0.206,35,0.282,22.72,3400,12,12.1,0,0
m_02545,grocer,177,33,0.191482051,96,23.11,0.326,2218.29,0.0976,0.0518,0.8156,97.3,100,0.003,-1.685,97,0.184,25.66,500,9,9.3,0,0
m_02546,kiosk,324,275,0.849456535,246,17.87,0.337,4396.54,0.0518,0.0443,0.7739,94.82,94.01,-1.215,-0.025,30,0.212,8.68,1900,18,5.9,0,0
m_02547,takeaway,246,187,0.760332002,540,5.11,0.455,2758.79,0.0396,0.0596,0.7446,92.59,92.29,2.167,2.875,60,0.168,40.75,400,18,19.7,0,1
m_02548,cafe_bakery,203,137,0.676777891,193,19.64,0.505,3791.06,0.0403,0.1707,0.9206,100,97.35,2.297,1.531,10,0.337,13.98,1200,6,7.5,0,1
m_02549,cafe_bakery,77,62,0.813372554,140,28.45,0.244,3982.44,0.2391,0.0377,0.7683,97.61,97.53,-0.343,3.248,29,0.457,32.55,1100,18,19.9,0,0
m_02550,grocer,272,127,0.470418646,150,4.16,0.492,624.49,0.0607,0.0587,0.7695,95.43,100,-0.329,3.142,36,0.069,22.44,200,12,10.1,0,0
m_02551,grocer,148,116,0.785274111,301,5.15,0.272,1551.06,0.1476,0.0489,0.4073,100,94.97,1.913,0.945,31,0.14,25.22,500,6,6.2,0,0
m_02552,kiosk,110,71,0.650692873,188,9.7,0.352,1824.45,0.0698,0.021,0.876,97.82,92.45,1.569,-5.765,35,0.37,33.86,600,6,7.6,0,0
m_02553,kiosk,101,71,0.706774745,209,27.42,0.451,5731.39,0.0741,0.0148,0.8188,96.6,93.67,-2.446,-1.272,22,0.184,40.36,1700,24,24.8,0,0
m_02554,grocer,393,200,0.509148706,596,9.32,0.477,5552.61,0.0365,0.0773,0.5431,97.65,100,1.019,-2.551,58,0.581,14.72,2600,9,10.5,0,1
m_02555,cafe_bakery,68,41,0.603637554,39,27.65,0.398,1078.3,0.0668,0.148,0.8855,95.41,100,0.744,3.367,24,0.166,23.87,500,9,9.2,0,0
m_02556,cafe_bakery,325,168,0.517831789,377,18.92,0.188,7133.41,0.0619,0.0119,0.884,96.58,93.61,0.28,1.56,20,0.243,30.78,1200,18,19.3,0,0
m_02557,takeaway,350,205,0.586942877,287,11.2,0.069,3215.82,0.1409,0.0325,0.5556,98.75,95.4,-1.316,0.098,41,0.284,27.55,1500,18,7.2,0,0
m_02558,cafe_bakery,41,18,0.443096612,19,67.32,0.322,1279.03,0.0628,0.0294,0.9685,100,100,-1.284,-0.513,46,0.258,36.5,400,6,8.8,0,0
m_02559,takeaway,248,190,0.766679406,214,6.63,0.496,1418.28,0.1871,0.0281,0.8381,95.35,98.94,-4.648,2.697,35,0.175,43.06,400,18,18.3,0,0
m_02560,kiosk,243,146,0.603337195,417,16.66,0.417,6945.6,0.1013,0.096,0.8781,98.88,93.65,-0.985,-1.27,19,0.543,21.32,2900,12,12.3,0,0
m_02561,kiosk,162,129,0.798316958,297,8.54,0.386,2536.85,0.1511,0.0761,0.8709,92.58,91.25,-2.956,-2.054,62,0.303,19.63,1000,12,13.4,0,0
m_02562,kiosk,276,186,0.677242031,169,20.2,0.349,3413.33,0.2001,0.0418,0.7747,98.52,93.29,-0.811,-2.226,38,0.29,33.52,1500,6,3.4,0,0
m_02563,cafe_bakery,181,152,0.840005008,450,8.82,0.396,3970.48,0.0708,0.0202,0.8704,100,99.29,0.603,0.741,34,0.382,16.11,700,24,26.3,0,0
m_02564,takeaway,192,66,0.348609974,170,12.28,0.201,2087.25,0.2553,0.0013,0.8915,97.07,89.92,-1.752,-1.105,36,0.012,32.75,400,24,22.9,1,1
m_02565,kiosk,189,128,0.682252871,189,10.02,0.467,1894.42,0.1359,0.1472,0.925,95.27,96.71,1.998,2.519,77,0.555,27.47,700,12,2.4,1,1
m_02566,takeaway,326,175,0.539870901,321,13.85,0.477,4445.13,0.0614,0.0219,0.906,95.41,94.43,2.934,0.489,20,0.173,26.35,1700,18,2.5,0,0
m_02567,kiosk,264,213,0.81059664,510,28.29,0.297,14427.88,0.1048,0.1138,0.8419,98.45,92.96,0.355,-2.294,58,0.386,35.08,6400,12,14.9,0,0
m_02568,cafe_bakery,170,111,0.655703381,253,5.91,0.416,1496.28,0.2281,0.0246,0.8433,97.18,93.94,0.913,0.006,18,0.584,23.13,700,12,12.5,0,1
m_02569,kiosk,372,282,0.759706263,512,9.43,0.093,4826.24,0.1361,0.0114,0.751,95.79,99.39,-2.428,-1.474,47,0.463,60.84,1500,12,12.5,0,0
m_02570,grocer,326,248,0.761149686,477,12.63,0.377,6023.48,0.0868,0.058,0.7609,98.96,98.02,0.275,0.217,18,0.384,25.03,1700,12,12,0,0
m_02571,grocer,375,236,0.631982883,211,14.22,0.33,2999.78,0.0894,0.045,0.9773,94.37,100,-2.108,2.642,67,0.167,20.56,1000,24,2.2,1,1
m_02572,cafe_bakery,300,153,0.512248106,290,34.1,0.539,9888.43,0.1141,0.0329,0.7773,99.6,92.64,-2.586,0.146,46,0.385,50.72,2300,12,12.2,0,0
m_02573,grocer,174,104,0.598920317,161,9.74,0.32,1567.74,0.1377,0.0056,0.8386,96.05,89.18,-1.899,-0.886,11,0.285,27.74,300,24,8.2,0,0
m_02574,grocer,315,141,0.447698054,201,27.57,0.48,5541.16,0.0835,0.071,0.8237,98.98,96.63,-0.232,1.333,49,0.354,17.34,2400,9,9.6,0,0
m_02575,kiosk,151,135,0.899917003,188,36.61,0.291,6883.32,0.1416,0.0416,0.5142,99.52,95.84,-0.061,-0.412,37,0.084,26.35,1500,24,25.6,0,0
m_02576,grocer,130,86,0.66713114,191,14.8,0.05,2826,0.1066,0.1196,0.8128,91.17,93.93,-0.109,1.508,14,0.398,46.26,600,18,10.4,0,0
m_02577,grocer,196,99,0.506399391,172,8.13,0.316,1398.68,0.1872,0.1703,0.9417,96.79,87.97,-1.746,1.092,85,0.21,30.54,300,24,9.1,0,0
m_02578,kiosk,388,149,0.384327201,258,31.61,0.38,8155.28,0.1329,0.1196,0.7236,92.41,99.34,0.159,-1.673,37,0.123,18.8,2000,12,5.4,1,1
m_02579,grocer,240,181,0.755371092,208,26.2,0.373,5449.7,0.1657,0.0761,0.8533,91.81,84.09,-1.043,-2.193,40,0.626,37.54,900,12,5.7,1,1
m_02580,takeaway,171,100,0.589973125,291,7.57,0.375,2203.98,0.0618,0.0203,0.9868,96.3,98.74,0.193,-0.31,33,0.27,34.32,400,6,7,0,1
m_02581,grocer,200,162,0.814481116,209,39.9,0.274,8340.13,0.0907,0.0076,0.8391,97.92,98.55,-0.354,1.25,42,0.212,34.05,2800,9,10.7,0,0
m_02582,kiosk,137,72,0.529374333,121,10.36,0.301,1253.96,0.0561,0.0716,0.7117,92.37,98.3,-2.704,3.888,21,0.234,11.62,600,6,3.4,0,0
m_02583,kiosk,273,163,0.600310809,198,14.65,0.181,2901.42,0.0056,0.0623,0.9095,97.81,95.62,-1.019,-1.841,19,0.087,17.45,1400,24,5.8,0,0
m_02584,cafe_bakery,159,107,0.673419722,251,23.7,0.051,5948.54,0.1118,0.0662,0.8165,94.38,86.79,0.816,-1.599,38,0.378,12.52,1500,9,11.8,0,0
m_02585,cafe_bakery,235,159,0.679853907,279,37.16,0.334,10366.68,0.0415,0.0717,0.5819,97.2,89.46,1.258,2.36,14,0.292,24.58,3000,6,6.9,0,0
m_02586,cafe_bakery,166,133,0.805874951,227,19.5,0.238,4426.97,0.0791,0.1147,0.8757,100,92.54,-1.848,0.786,30,0.203,42.61,1000,18,18.2,0,0
m_02587,takeaway,148,122,0.825789127,332,13.7,0.512,4547.12,0.0922,0.1028,0.5797,96.05,100,-1.146,0.037,20,0.267,9.37,1500,6,1.5,0,0
m_02588,kiosk,388,328,0.847542514,810,12.45,0.05,10084.56,0.1158,0.0409,0.8498,93.58,99.7,-0.671,1.738,6,0.081,16.05,3800,18,15.3,1,1
m_02589,takeaway,157,123,0.788447734,239,13.69,0.394,3271.34,0.0254,0.1003,0.8222,96.95,95.16,1.757,2.875,24,0.212,10.82,1500,12,2.6,0,0
m_02590,cafe_bakery,56,41,0.743570704,75,52.7,0.668,3952.65,0.0595,0.0165,0.9641,96.43,93.43,0.704,2.467,64,0.303,35.82,1000,18,20.1,0,0
m_02591,takeaway,170,140,0.823737062,407,21.14,0.323,8604.62,0.0458,0.0275,0.9512,95.96,96.41,-1.92,-1.013,43,0.412,46.69,3900,18,0.4,0,0
m_02592,cafe_bakery,226,130,0.578634663,377,17.92,0.35,6754.34,0.0273,0.0721,0.845,97.1,99.27,0.738,1.269,69,0.418,30.53,2500,18,9.7,1,1
m_02593,takeaway,65,59,0.922373755,138,26.36,0.414,3637.54,0.129,0.1022,0.773,96.45,97.08,1.903,2.653,26,0.007,32.72,1700,18,20.8,0,0
m_02594,grocer,143,94,0.657654063,232,14.3,0.426,3318.46,0.0772,0.0344,0.8402,93.29,90.32,0.325,-0.187,53,0.358,27.6,800,18,1.3,0,0
m_02595,kiosk,91,79,0.869404917,219,36.04,0.289,7892.83,0.2299,0.1504,0.7209,99.47,100,-1.163,1.139,60,0.448,26.15,2100,12,6.1,1,1
m_02596,takeaway,215,120,0.561593721,350,22.21,0.199,7771.77,0.0795,0.0697,0.8598,100,97.81,1.272,-0.781,14,0.16,34.95,1200,9,11.7,0,0
m_02597,grocer,297,221,0.746550861,216,13.48,0.448,2911.38,0.1036,0.0482,0.6891,95.88,93.86,0.277,-1.513,26,0.089,18.84,900,24,14.5,1,1
m_02598,grocer,388,327,0.842904052,979,11.76,0.064,11509.12,0.0888,0.0451,0.8885,98.05,97.29,-0.375,1.223,50,0.086,34.37,3200,9,10.8,0,0
m_02599,takeaway,173,112,0.650417141,262,4.62,0.475,1211.1,0.158,0.0152,0.8747,90.86,100,1.34,2.242,29,0.277,24.82,600,18,20,0,0
m_02600,grocer,349,177,0.507779878,372,28.25,0.291,10508.84,0.0733,0.0407,0.9457,96.94,97.42,-0.006,1.924,20,0.275,27.56,4500,6,8,0,1
m_02601,grocer,109,34,0.314061313,58,5.86,0.35,340.03,0.0365,0.0269,0.5506,100,97.65,0.121,-2.276,99,0.199,22.36,200,24,0,1,1
m_02602,cafe_bakery,318,151,0.477681915,232,34.86,0.271,8087.24,0.0415,0.0997,0.6518,99.4,100,1.29,3.027,12,0.057,6.82,3400,9,9.2,0,1
m_02603,grocer,238,176,0.740060279,452,9.26,0.565,4185.6,0.0445,0.0324,0.6929,97.46,93.39,-0.751,1.567,22,0.457,35.39,1100,24,25.1,0,0
m_02604,grocer,310,276,0.893399824,618,10.06,0.387,6217.63,0.0434,0.0142,0.6628,96.87,92.06,-1.735,2.662,29,0.061,26.76,2200,24,26.7,0,0
m_02605,takeaway,309,159,0.514656187,197,45.32,0.302,8927.49,0.2619,0.0221,0.8627,96.1,94.12,0.488,-1.448,34,0.469,27.28,3500,24,4.2,1,1
m_02606,cafe_bakery,226,96,0.428810282,205,27.01,0.298,5537.27,0.1341,0.0378,0.8121,98.26,99.37,2.335,2.098,33,0.026,46.91,2300,18,19.1,0,0
m_02607,kiosk,125,80,0.643862185,88,17.64,0.328,1552.07,0.051,0.0114,0.9345,100,99.83,-3.412,1.697,30,0.572,29.34,600,12,13.1,0,0
m_02608,kiosk,224,122,0.544745133,230,42.87,0.71,9860.21,0.05,0.043,0.9494,95.5,96.65,1.1,-2.11,27,0.119,20.46,2000,12,9.2,0,0
m_02609,grocer,335,155,0.464546128,322,15.66,0.152,5041.38,0.0471,0.027,0.834,99.25,92.61,0.052,1.305,27,0.281,12.45,1400,6,4.9,1,1
m_02610,grocer,389,202,0.521397968,444,12.15,0.512,5395.38,0.0918,0.0173,0.7577,94.57,100,-0.801,-1.636,44,0.075,24.69,900,18,7,1,1
m_02611,kiosk,373,321,0.861639217,359,18.65,0.435,6695.8,0.205,0.0641,0.6615,95.69,91.35,-0.969,0.458,33,0.087,32.02,1700,9,10.3,0,0
m_02612,takeaway,97,46,0.475183453,46,29.38,0.581,1351.61,0.1432,0.0572,0.9094,93.67,94.17,1.354,5.065,16,0.351,13.41,600,12,1.9,0,0
m_02613,kiosk,251,223,0.88857644,305,6.89,0.444,2102.05,0.1477,0.0155,0.8581,97.48,93.18,1.02,1.009,32,0.2,38.71,600,6,7.6,0,1
m_02614,kiosk,68,41,0.615487887,87,9.91,0.351,861.75,0.1043,0.0136,0.9296,97.25,100,-1.556,0.202,40,0.095,23.88,100,9,10.5,0,0
m_02615,kiosk,277,203,0.733251973,578,8.27,0.503,4780.86,0.0143,0.0745,0.8579,98.19,95.29,0.457,-2.539,114,0.193,26.18,2400,12,14,0,0
m_02616,kiosk,397,205,0.517994821,515,7.34,0.384,3778.04,0.0545,0.0186,0.8512,97.93,100,2.058,1.01,28,0.296,27.66,800,12,5.5,0,0
m_02617,grocer,49,38,0.786472118,92,14.65,0.463,1347.48,0.1166,0.081,0.8131,99.17,99.2,1.046,0.128,52,0.352,13.58,400,6,7.1,0,0
m_02618,kiosk,272,138,0.508987389,210,7.22,0.564,1517.11,0.2512,0.0742,0.8404,100,92.28,-2.502,-3.589,58,0.365,22.57,300,24,8.3,1,1
m_02619,cafe_bakery,379,285,0.752754007,298,4.15,0.364,1237.94,0.2896,0.1312,0.8324,99.2,94.73,0.969,-1.75,29,0.329,31.91,600,9,9.7,0,0
m_02620,cafe_bakery,343,251,0.732583394,693,9.85,0.286,6826.47,0.2325,0.0438,0.7614,91.08,93.86,-1.871,2.213,60,0.156,26.99,1800,18,1.7,1,1
m_02621,kiosk,175,149,0.852751154,283,9.42,0.253,2665.72,0.0258,0.1405,0.8767,96.26,100,0.327,3.015,52,0.162,22.82,600,9,10.6,0,1
m_02622,takeaway,68,32,0.481414379,32,21.45,0.418,686.54,0.0114,0.0896,0.841,96.89,99.38,-1.122,0.58,55,0.084,24.46,300,18,9.6,0,0
m_02623,cafe_bakery,371,186,0.503539356,367,27.9,0.218,10239.37,0.0842,0.026,0.8839,92.25,89.66,0.604,2.455,24,0.344,33.32,3600,18,18.9,0,0
m_02624,grocer,370,265,0.716402483,605,10.88,0.298,6584.91,0.1378,0.0131,0.911,99.49,98.1,-1.005,0.501,97,0.188,41.86,3100,6,6.9,0,0
m_02625,grocer,244,210,0.861792111,315,9.98,0.205,3143.95,0.048,0.0729,0.8026,100,95.75,-1.57,-1.078,52,0.066,26.02,1300,18,11.5,0,0
m_02626,kiosk,392,155,0.397241683,127,43.88,0.426,5572.26,0.1085,0.1482,0.8311,94.4,90.9,0.472,4.837,20,0.325,18.94,1300,6,1,1,1
m_02627,grocer,31,23,0.750099864,49,27.31,0.237,1338.31,0.2256,0.029,0.8015,100,92.69,0.173,-2.389,29,0.289,52.38,300,24,18.1,0,0
m_02628,grocer,258,167,0.649869318,148,20.05,0.157,2967.92,0.1519,0.1821,0.9302,100,95.14,1.232,1.281,42,0.068,38,1000,12,8.1,0,0
m_02629,grocer,44,30,0.683639451,52,13.21,0.183,687.1,0.1676,0.0021,0.7795,97.82,87.15,-0.795,-0.867,42,0.251,26.62,200,6,8.5,0,0
m_02630,kiosk,376,204,0.544323529,533,26.96,0.264,14368.48,0.078,0.0222,0.8204,99.49,96.89,-2.271,0.018,51,0.707,21.81,4500,18,20.1,0,0
m_02631,kiosk,281,214,0.764684681,641,7.78,0.278,4989.91,0.0811,0.1068,0.8502,94.71,96.34,1.014,3.613,47,0.071,45.02,1700,18,18.7,0,0
m_02632,takeaway,367,222,0.606934689,358,27.67,0.388,9906.57,0.1019,0.0539,0.8886,100,94.98,2.17,0.525,25,0.09,19.34,4900,18,20.5,0,0
m_02633,kiosk,238,123,0.519529387,103,22.08,0.326,2273.88,0.0374,0.0703,0.8617,100,96.14,-0.867,-0.212,64,0.23,27.98,700,6,6.7,0,0
m_02634,takeaway,60,29,0.48959134,54,24.58,0.406,1327.33,0.1383,0.0325,0.8082,98.43,95.1,0.729,-0.657,67,0.077,34.79,400,24,25.7,0,0
m_02635,cafe_bakery,39,28,0.734010764,39,17.76,0.418,692.7,0.21,0.0176,0.5648,97.92,91.5,-0.468,1.559,49,0.276,29.87,300,9,9.7,0,0
m_02636,cafe_bakery,154,99,0.644482268,273,6.23,0.461,1701.73,0.0146,0.1717,0.9255,94.62,93.44,2.899,-1.459,56,0.131,18.37,800,18,3.8,0,0
m_02637,grocer,305,110,0.36380512,260,7.94,0.064,2064.69,0.0166,0.0112,0.9322,99.84,92.89,-0.789,0.624,30,0.089,23.89,500,6,7.2,0,0
m_02638,kiosk,85,37,0.446076962,62,22.79,0.181,1412.81,0.1204,0.063,0.3993,97.04,98.52,-0.069,0.166,26,0.161,27.78,600,12,13.6,0,0
m_02639,grocer,345,174,0.506955683,430,21.41,0.433,9207.38,0.03,0.0139,0.9373,96.59,91.74,-3.033,-1.131,29,0.327,16.21,4100,18,15.5,0,0
m_02640,cafe_bakery,118,76,0.650952017,117,11.65,0.382,1363.6,0.0646,0.1354,0.7432,99.83,93.79,2.36,-2.429,73,0.218,26.13,300,18,18.1,0,0
m_02641,grocer,213,151,0.709468023,294,11.5,0.497,3380.85,0.2432,0.0335,0.7401,96.13,96.11,-0.802,0.503,31,0.456,42.58,800,9,0.9,1,1
m_02642,takeaway,105,93,0.886289219,263,32.04,0.118,8425.37,0.0628,0.0254,0.8,94.88,89.9,1.948,-0.31,4,0.135,45.97,3300,6,8.4,0,1
m_02643,kiosk,202,178,0.882147451,220,16.38,0.279,3603.34,0.1766,0.0154,0.7386,100,94.18,-1.005,0.882,39,0.348,25.68,1500,12,13.3,0,0
m_02644,cafe_bakery,197,117,0.598580756,174,9.5,0.306,1653.15,0.0898,0.05,0.897,92.47,96.09,-0.118,-3.902,27,0.44,27.27,700,24,10.1,1,1
m_02645,grocer,32,18,0.583884484,49,35.01,0.375,1715.28,0.1036,0.0451,0.814,99.18,96.62,-1.172,-0.484,15,0.294,25.85,300,6,7.1,0,0
m_02646,cafe_bakery,240,190,0.792245178,345,33.16,0.355,11440.32,0.1235,0.0732,0.3854,93.31,97.35,-1.402,2.14,24,0.276,6.84,4500,24,5.5,1,1
m_02647,kiosk,321,254,0.791380455,380,16.36,0.42,6216.94,0.1308,0.0875,0.8073,91.57,92.91,-0.44,-2.864,33,0.241,32.41,3000,6,6.3,0,0
m_02648,cafe_bakery,376,307,0.817108049,270,18.46,0.333,4984.86,0.0411,0.0596,0.7704,98.97,91.58,-0.208,4.183,45,0.131,30.46,1400,9,11.5,0,0
m_02649,grocer,152,131,0.868118246,225,27.37,0.556,6157.66,0.1343,0.0593,0.8733,97.97,94.08,-0.547,1.159,54,0.09,38.17,1200,24,24.5,0,0
m_02650,takeaway,355,217,0.612657961,412,23.74,0.604,9782.72,0.0122,0.1059,0.6389,95.1,96.73,-2.283,0.149,15,0.34,38.45,3600,12,13.9,0,1
m_02651,cafe_bakery,355,216,0.610531059,365,6.07,0.182,2216.2,0.0989,0.0373,0.9651,93.53,94.79,0.426,0.648,43,0.318,34.01,500,24,26.8,0,0
m_02652,grocer,395,350,0.88739215,493,35.66,0.357,17582.81,0.0439,0.0001,0.6544,98.02,91.49,-2.935,-1.274,17,0.257,34.13,4000,12,13,0,0
m_02653,kiosk,168,94,0.562861313,151,5.22,0.47,787.56,0.2475,0.0534,0.8612,95.6,100,-0.507,3.27,21,0.335,17.47,100,9,0.2,0,0
m_02654,kiosk,344,228,0.665087198,504,21.29,0.438,10730.24,0.0855,0.0226,0.8846,99.37,92.79,-2.371,0.788,50,0.089,29.61,2600,18,19.6,0,0
m_02655,grocer,239,212,0.890424572,585,7.07,0.289,4134.64,0.0301,0.0355,0.8858,95.27,90.65,1.35,0.563,20,0.284,13.77,1500,24,9.6,0,0
m_02656,cafe_bakery,51,33,0.660826755,73,23.72,0.388,1731.4,0.0901,0.0413,0.8818,95.72,93.18,1.848,2.436,34,0.187,24.01,400,12,3.2,0,0
m_02657,kiosk,130,86,0.663025349,191,10.22,0.112,1952.06,0.1226,0.0201,0.7487,100,99.45,0.888,1.205,26,0.248,44.13,700,6,6.7,0,0
m_02658,takeaway,278,174,0.629087239,451,10.69,0.347,4821.87,0.0663,0.0155,0.6599,93.92,98.28,-0.714,-0.929,51,0.182,33.09,2000,6,8.9,0,0
m_02659,takeaway,89,63,0.718861679,73,26.47,0.131,1932.1,0.1686,0.0226,0.6277,92.63,100,-1.112,0.363,45,0.092,30.75,600,6,7.8,0,1
m_02660,kiosk,190,133,0.703534224,194,7.06,0.426,1370.6,0.0535,0.0607,0.8591,94.2,91.95,-0.381,1.565,43,0.166,27.49,600,6,0.4,1,1
m_02661,cafe_bakery,316,152,0.482409873,138,11.64,0.183,1606.44,0.1208,0.0647,0.6897,97.73,94.79,-0.082,0.547,22,0.207,27.63,400,12,12.7,0,1
m_02662,takeaway,85,59,0.696168338,92,7.26,0.374,667.51,0.0716,0.0493,0.5714,100,100,0.724,-2.264,39,0.154,29.48,300,18,19.1,0,0
m_02663,cafe_bakery,213,148,0.699367773,443,17.65,0.398,7817.77,0.2489,0.0631,0.7739,97.46,91.8,0.597,3.229,47,0.168,28.69,1800,18,18.3,0,1
m_02664,cafe_bakery,109,61,0.565195441,92,7.16,0.361,658.78,0.0853,0.1307,0.892,94.38,100,-3.057,0.749,31,0.62,34.45,200,18,20.2,0,1
m_02665,kiosk,228,188,0.825383849,506,20.23,0.255,10234.83,0.2096,0.0139,0.9234,94.51,96.14,0.993,-0.363,21,0.197,48.19,3500,9,10.1,0,0
m_02666,grocer,119,114,0.963742176,112,32.91,0.318,3686.21,0.0207,0.0274,0.8695,98.23,92.81,0.578,1.729,35,0.394,42.32,900,9,5.8,0,0
m_02667,grocer,387,269,0.695584502,487,3.38,0.527,1643.99,0.1008,0.1155,0.6352,91.8,89.14,-1.173,-0.561,35,0.166,23.51,400,12,2.7,1,1
m_02668,grocer,58,49,0.858306884,77,10.25,0.286,789.54,0.0145,0.0525,0.8704,91.36,98.09,-1.451,-2.637,69,0.015,21.75,100,24,25.8,0,0
m_02669,grocer,386,223,0.579719117,277,7.74,0.353,2144.8,0.152,0.0193,0.9497,97.59,100,0.092,0.416,38,0.088,22.65,900,6,6.5,0,0
m_02670,kiosk,322,275,0.855179763,445,6.15,0.266,2738.72,0.1252,0.0395,0.4706,99.65,97.36,0.27,1.763,30,0.344,21.58,600,6,6.4,0,0
m_02671,kiosk,346,258,0.747434764,576,19.91,0.503,11465.99,0.1188,0.0221,0.8698,99.73,97.59,-1.653,-0.118,34,0.114,10.52,4300,24,10.4,0,0
m_02672,grocer,345,267,0.774437957,501,18.53,0.362,9282.91,0.0596,0.0026,0.9401,98.04,97.05,0.087,-0.041,26,0.512,29.07,2000,12,13.3,0,0
m_02673,kiosk,99,60,0.606346916,159,35.54,0.235,5650.77,0.0145,0.0029,0.8049,100,99.69,0.277,0.049,24,0.331,23.86,1900,6,7,0,0
m_02674,kiosk,374,232,0.62286607,647,24.84,0.351,16070.95,0.1964,0.0372,0.9378,96.43,100,1.287,0.214,30,0.107,27.69,3000,18,16.1,0,0
m_02675,grocer,249,105,0.424923199,195,16.91,0.314,3296.67,0.0192,0.0097,0.6796,95.86,84.46,-0.167,0.713,32,0.201,22.95,900,6,6.5,0,0
m_02676,takeaway,385,241,0.628299469,713,19.37,0.559,13810.63,0.0735,0.0337,0.927,96.85,94.72,-3.042,2.015,29,0.149,28.55,5200,9,10.6,0,0
m_02677,grocer,354,230,0.652312316,220,11.63,0.343,2557.53,0.2072,0.0172,0.7855,97.89,93.53,0.378,1.891,24,0.386,21.37,1100,6,8.8,0,0
m_02678,cafe_bakery,244,165,0.67759367,232,19.76,0.143,4583.6,0.0805,0.1073,0.9565,100,96.75,-2.536,4.483,73,0.181,21.58,2200,18,17.1,0,0
m_02679,grocer,168,120,0.714637612,206,5.26,0.425,1083.48,0.0356,0.0129,0.8278,96.41,94.41,-1.275,3.906,26,0.03,47.93,500,9,9.1,0,0
m_02680,takeaway,73,49,0.679287642,102,14.97,0.618,1526.72,0.1094,0.0562,0.8231,97.54,97.78,-2.026,-1.304,63,0.106,15.71,400,18,18.5,0,0
m_02681,grocer,67,47,0.709289717,94,21.67,0.53,2036.76,0.0879,0.0388,0.8094,100,97.34,0.741,-0.04,31,0.149,59.17,400,6,7.8,0,0
m_02682,takeaway,174,89,0.515958967,182,14.47,0.185,2634.23,0.0336,0.0229,0.7365,98.66,88.34,-1.629,1.86,23,0.377,14.4,600,6,6.5,0,0
m_02683,takeaway,330,139,0.423218336,385,10.52,0.31,4051.47,0.2109,0.0714,0.7344,91.96,87.29,1.499,-3.167,27,0.183,19.66,2000,9,3.9,1,1
m_02684,takeaway,216,133,0.618205088,187,17.37,0.345,3248.94,0.0808,0.0547,0.9308,100,99.03,-1.737,1.044,15,0.393,15.35,1600,18,2.9,0,0
m_02685,takeaway,208,97,0.466688124,251,9.48,0.347,2379.35,0.1043,0.091,0.6519,97.97,92.68,-3.02,-1.298,40,0.104,24.08,1200,6,2.2,1,1
m_02686,takeaway,120,81,0.676895577,164,13.93,0.407,2283.71,0.0558,0.0427,0.8992,88.49,100,-0.522,0.308,55,0.186,2,900,6,8.8,0,0
m_02687,takeaway,238,202,0.849540847,379,26.25,0.298,9950.53,0.0899,0.1384,0.87,95.78,99.41,-1.992,0.438,43,0.295,37.81,3000,9,11.3,0,0
m_02688,grocer,266,193,0.727165328,281,27.22,0.213,7650.17,0.0554,0.0347,0.8593,94.84,88.85,1.975,-3.126,37,0.337,19.73,3400,24,24.9,0,0
m_02689,kiosk,393,281,0.717211454,412,18.77,0.493,7733.03,0.0777,0.045,0.9587,95.58,92.81,-1.019,5.25,103,0.223,31.15,3500,9,10.7,0,1
m_02690,cafe_bakery,299,213,0.712434653,352,8.25,0.181,2903.22,0.1627,0.054,0.8466,96.89,96.96,1.731,-0.668,22,0.291,45.25,700,18,19,0,0
m_02691,grocer,254,164,0.647026982,406,13.08,0.23,5309.06,0.2474,0.0947,0.8815,99.17,94.22,-0.459,3.29,59,0.341,22.77,1300,6,6.1,0,0
m_02692,kiosk,366,310,0.847875064,573,17.57,0.181,10067.52,0.0499,0.1702,0.7232,100,95.31,0.534,-2.857,44,0.433,31.88,5000,24,17.9,0,0
m_02693,takeaway,187,168,0.899484356,191,10.18,0.442,1945.05,0.0986,0.1137,0.7296,100,91.57,-0.794,-0.899,16,0.175,18.82,700,6,8.8,0,0
m_02694,kiosk,375,213,0.56860026,526,41.08,0.366,21608.27,0.0964,0.0066,0.652,100,97.38,3.566,1.977,25,0.429,36.28,10800,9,11.4,0,0
m_02695,grocer,166,127,0.767723614,286,10.34,0.483,2956.82,0.0884,0.0246,0.6753,96.4,96.08,-1.723,-0.103,22,0.337,31.45,1100,18,18,0,0
m_02696,kiosk,77,47,0.615341204,135,16.85,0.232,2275.03,0.0328,0.0953,0.9858,90.73,99.02,-4.578,1.978,49,0.467,15.42,1100,18,19.1,0,0
m_02697,grocer,184,132,0.718647226,259,4.33,0.162,1121.31,0.0109,0.1032,0.8664,89.49,95.81,0.39,1.647,38,0.44,41.56,400,18,20.1,0,0
m_02698,kiosk,77,38,0.50400692,85,28.22,0.283,2398.86,0.0471,0.009,0.6583,99.32,93.49,-1.537,-1.282,32,0.297,26.9,1000,6,8,0,0
m_02699,cafe_bakery,73,22,0.306826216,40,37.35,0.323,1494.09,0.1251,0.0606,0.9138,96.82,96.55,0.306,2.825,28,0.144,26.29,500,9,9.7,0,0
m_02700,cafe_bakery,356,280,0.788255199,643,8.12,0.381,5222.79,0.2073,0.1058,0.87,100,97.45,-0.104,1.525,10,0.145,34.87,2500,6,7.2,0,0
m_02701,kiosk,324,194,0.600043126,341,5.38,0.098,1836.12,0.012,0.0558,0.8345,98.39,96.01,-0.794,-2.521,48,0.171,38.28,500,18,20.2,0,0
m_02702,kiosk,111,71,0.639883918,78,18.63,0.422,1453.42,0.1144,0.113,0.8222,91.74,100,-0.61,0.578,85,0.139,17.65,500,9,6.4,0,0
m_02703,kiosk,339,142,0.420551215,421,43.88,0.216,18473.74,0.0366,0.0299,0.7885,95.19,91.66,0.614,1.674,63,0.371,37.28,3900,12,13,0,0
m_02704,cafe_bakery,55,49,0.892146583,116,6.04,0.253,700.96,0.2441,0.0236,0.669,98.28,99.63,-0.542,0.168,36,0.143,28.39,300,12,12.3,0,0
m_02705,cafe_bakery,135,100,0.746626874,213,13.39,0.526,2851.85,0.0634,0.0202,0.6572,93.66,91.12,-0.229,0.465,61,0.199,25.54,700,9,9.1,0,0
m_02706,grocer,291,248,0.854989984,461,19.61,0.05,9040.16,0.1533,0.0402,0.8559,100,98.61,-0.747,1.34,46,0.358,21.52,1400,12,13.3,0,0
m_02707,takeaway,142,86,0.611008481,203,17.32,0.398,3515,0.0728,0.0834,0.8377,95.68,87.78,2.443,-2.902,6,0.184,30.24,800,18,16.9,0,0
m_02708,kiosk,300,167,0.558273215,180,21.46,0.398,3862.48,0.1385,0.1323,0.9002,96.03,94.8,1.964,-0.034,75,0.219,13.86,1800,18,17.8,0,0
m_02709,kiosk,353,150,0.425026951,227,34.33,0.227,7793.2,0.0786,0.0276,0.9241,92.19,99.81,-2.209,-0.382,14,0.035,19.65,2300,24,11.3,0,0
m_02710,cafe_bakery,54,45,0.837279804,48,28.55,0.283,1370.45,0.0498,0.0566,0.9269,100,94.34,0.004,1.878,34,0.365,11.17,300,6,5.8,0,0
m_02711,kiosk,38,20,0.538472659,21,13.2,0.533,277.2,0.006,0.0163,0.9416,96.41,95.58,-1.222,-0.761,78,0.45,36.36,100,12,2.8,0,0
m_02712,cafe_bakery,377,236,0.626486584,199,5.97,0.644,1188.55,0.1078,0.0071,0.9492,97.87,97.05,-1.868,4.261,18,0.186,29.66,600,24,26.6,0,0
m_02713,grocer,222,142,0.640820652,349,29.8,0.51,10399.78,0.2378,0.0135,0.5977,94.68,86.65,-4.798,-0.808,36,0.349,30.36,4200,12,12.1,0,0
m_02714,grocer,217,134,0.618937601,174,13.36,0.633,2324.93,0.0473,0.0204,0.7237,95.82,97.13,-0.488,-1.89,31,0.112,23.36,900,18,19.2,0,0
m_02715,kiosk,201,114,0.571341432,299,17.18,0.246,5135.48,0.1219,0.0397,0.7974,97.92,92.12,-0.373,2.818,23,0.177,26.04,1900,12,8.4,0,0
m_02716,kiosk,190,121,0.640330534,337,26.87,0.113,9055.67,0.0517,0.0041,0.9286,98.3,99.69,2.034,1.551,75,0.138,26.08,3000,9,10.4,0,0
m_02717,grocer,285,231,0.81269396,270,29.27,0.342,7902.14,0.0428,0.1093,0.7396,98.73,95.5,1.571,1.124,23,0.213,31.38,2400,9,11.8,0,0
m_02718,cafe_bakery,244,189,0.776990716,445,25.98,0.471,11561.14,0.0231,0.0291,0.6503,100,96.97,0.738,-0.135,31,0.209,12.66,2800,18,5.4,0,0
m_02719,kiosk,90,68,0.765348478,123,39.79,0.072,4894.72,0.1116,0.0142,0.7908,99.08,91.11,1.107,-0.357,31,0.23,28.94,1700,18,4.1,0,0
m_02720,takeaway,261,51,0.196637654,143,16.05,0.211,2295.09,0.1258,0.1103,0.679,98.64,99.05,1.278,1.266,29,0.321,32.54,400,9,8.6,1,1
m_02721,takeaway,277,206,0.745851466,384,10.77,0.228,4135.3,0.1477,0.0872,0.9179,95.03,95.72,0.731,-0.788,28,0.191,32.93,700,18,16.2,0,0
m_02722,cafe_bakery,72,25,0.358833895,40,8.78,0.403,351.15,0.0565,0.0249,0.7928,96.32,89.79,2.077,3.906,20,0.159,48.03,100,9,11.9,0,0
m_02723,cafe_bakery,169,75,0.448893341,108,11.17,0.384,1206.5,0.1978,0.1083,0.8092,93.32,93.77,-1.904,0.823,27,0.057,30.66,300,18,17.6,0,0
m_02724,cafe_bakery,322,198,0.615640389,552,11.46,0.234,6328.28,0.0101,0.064,0.9386,95.5,98.48,-0.731,-0.195,74,0.107,36.71,2700,9,11.8,0,0
m_02725,cafe_bakery,258,175,0.678336944,227,18.81,0.377,4268.85,0.0193,0.0071,0.6252,98.28,96.33,-0.943,-0.482,37,0.022,37.52,1800,24,26.4,0,1
m_02726,grocer,80,63,0.794159413,165,22.76,0.178,3755.29,0.0859,0.0557,0.8052,98.2,98.63,-0.827,-2.089,34,0.215,20.58,1700,18,15,1,1
m_02727,kiosk,44,31,0.706108864,38,7.94,0.286,301.74,0.0103,0.0925,0.8363,98.99,94.33,-0.227,1.759,56,0.083,35.91,100,24,5.1,0,0
m_02728,kiosk,245,149,0.611298837,330,26.92,0.16,8882.67,0.052,0.0133,0.7953,100,100,2.449,-1.236,29,0.27,8.8,4000,24,3.4,1,1
m_02729,takeaway,200,165,0.827382206,295,28.43,0.327,8386.14,0.1311,0.0224,0.9323,93.06,100,1.343,0.042,13,0.273,19.87,3200,24,21.6,0,0
m_02730,takeaway,385,278,0.723971056,286,2.26,0.23,646.1,0.0392,0.1321,0.6294,91.4,88.77,1.835,5.395,52,0.185,34.93,300,6,8.4,0,0
m_02731,grocer,223,142,0.636993006,152,23.08,0.454,3508.47,0.1615,0.0012,0.8652,96.21,98.14,-0.117,-3.307,19,0.181,16.8,1100,18,6.6,1,1
m_02732,cafe_bakery,374,209,0.559453806,296,12.23,0.346,3619.73,0.0773,0.1463,0.8869,100,100,-0.185,0.101,28,0.058,38.88,1400,9,11,0,0
m_02733,cafe_bakery,109,98,0.905444454,243,33.62,0.316,8170.01,0.0642,0.0136,0.9185,100,97.7,0.868,-2.437,15,0.194,38.46,1900,9,11.1,0,1
m_02734,cafe_bakery,195,77,0.396096421,185,15.87,0.615,2936.27,0.0219,0.055,0.8382,97.6,95.62,0.648,-0.775,22,0.11,32.39,1300,18,20.1,0,0
m_02735,kiosk,81,70,0.874613816,87,9.9,0.407,861.32,0.0704,0.1706,0.715,96.14,90.48,0.647,0.015,22,0.199,31,400,18,18.5,0,0
m_02736,kiosk,242,148,0.611784674,273,7.89,0.295,2153,0.074,0.0619,0.7587,97.78,94.54,3.478,-2.307,40,0.508,25.75,800,24,21.6,0,0
m_02737,kiosk,99,63,0.646235659,63,17.89,0.262,1126.95,0.1296,0.0187,0.9173,100,93.75,0.879,1.118,13,0.201,29.95,200,24,24.6,0,1
m_02738,kiosk,212,130,0.614095087,308,12.37,0.173,3809.89,0.2917,0.1141,0.7495,94.66,99.31,-1.181,3.237,56,0.167,38.33,1200,18,19,0,1
m_02739,kiosk,157,104,0.66526335,264,6.46,0.34,1704.69,0.1286,0.2062,0.9224,95.29,99.77,-1.056,0.966,29,0.187,39.65,800,6,7.5,0,0
m_02740,grocer,98,53,0.548255045,146,5.16,0.396,753.45,0.0439,0.0339,0.5016,97.29,95.12,1.263,1.98,30,0.173,29.12,400,24,5.5,0,0
m_02741,cafe_bakery,65,44,0.678823971,120,19.53,0.063,2343.51,0.1615,0.0453,0.7974,100,91.99,1.146,3.548,33,0.395,14.74,1100,6,0.9,0,0
m_02742,kiosk,219,146,0.66816211,225,5.78,0.145,1300.2,0.0736,0.0601,0.7903,99.51,87.27,1.468,1.514,15,0.523,25.23,600,24,2.9,1,1
m_02743,cafe_bakery,380,283,0.746601194,384,2.57,0.273,988.56,0.1127,0.1028,0.7863,91.09,98.14,0.781,-4.411,47,0.149,30.69,400,18,2.8,1,1
m_02744,cafe_bakery,103,56,0.544093543,155,28.66,0.185,4442.73,0.0474,0.0263,0.7707,99.51,97.8,-1.56,0.658,46,0.324,36.1,1700,6,7.2,0,0
m_02745,takeaway,179,143,0.79948448,160,8.58,0.356,1373.6,0.0976,0.0195,0.4762,96.96,87.43,2.305,-4.705,46,0.527,32.39,600,12,6.7,0,0
m_02746,cafe_bakery,113,87,0.770715001,80,21.38,0.377,1710.3,0.1319,0.0065,0.7203,98.91,97.87,2.014,-1.145,18,0.159,41.02,500,6,6.1,0,0
m_02747,cafe_bakery,329,214,0.652156251,319,17.67,0.332,5636.45,0.0341,0.0338,0.9381,96.35,99.27,-0.578,-2.698,19,0.109,21.3,1500,9,11.7,0,1
m_02748,kiosk,183,109,0.599421167,269,10.6,0.433,2852.72,0.0074,0.0145,0.6022,98.5,84.78,0.55,0.846,36,0.131,21.34,1300,9,2,1,1
m_02749,cafe_bakery,390,289,0.742577592,672,35.78,0.262,24045.81,0.0898,0.005,0.9842,97.14,91.75,0.279,-1.495,26,0.15,38.07,4400,9,11.5,0,0
m_02750,cafe_bakery,120,86,0.721575746,255,23.39,0.343,5963.89,0.1395,0.1345,0.8493,95.37,100,-0.557,0.901,31,0.116,18.96,1700,24,25.7,0,0
m_02751,grocer,59,36,0.617864185,57,15.27,0.2,870.63,0.0934,0.0131,0.7128,94.72,96.09,-1.739,1.862,27,0.324,17.74,400,9,8.8,1,1
m_02752,takeaway,245,73,0.299101649,102,9.13,0.393,931.31,0.0631,0.0305,0.8892,96.43,100,0.862,-1.617,71,0.097,28.67,400,24,25,0,0
m_02753,kiosk,271,173,0.638970184,282,22.32,0.361,6293.68,0.1901,0.0407,0.7317,93.12,96.77,-2.238,0.803,46,0.104,35.63,1800,18,20.1,0,0
m_02754,takeaway,396,233,0.588597518,587,24.36,0.17,14297.19,0.0858,0.0628,0.7478,95.67,100,-0.893,-4.938,21,0.255,30.3,4300,9,10.7,0,1
m_02755,cafe_bakery,352,259,0.737491865,329,16.72,0.327,5500.38,0.0104,0.0213,0.9147,96.04,94.68,2.568,-2.685,31,0.14,2,1600,18,18.5,0,0
m_02756,grocer,357,294,0.823836816,848,15.52,0.344,13157.34,0.0974,0.1019,0.772,100,93.23,0.625,2.835,19,0.068,26.64,5500,24,25.8,0,0
m_02757,takeaway,264,228,0.86741106,439,23.35,0.392,10250.65,0.135,0.0615,0.6514,98.99,89.52,0.575,-1.464,27,0.177,20.63,2600,9,10.2,0,0
m_02758,kiosk,163,69,0.424255288,174,15.05,0.398,2619.37,0.1547,0.0397,0.834,100,98.08,-0.442,-0.75,29,0.227,39.99,900,9,5.7,0,0
m_02759,kiosk,188,119,0.636020116,311,9.78,0.242,3042.15,0.0595,0.0571,0.8575,91.97,92.52,-2.342,-1.336,24,0.409,12.65,700,12,6.7,0,0
m_02760,takeaway,79,40,0.516302116,74,6.1,0.465,451.05,0.0985,0.0706,0.8712,96.23,92.09,0.621,-3.166,35,0.486,33.76,200,9,1.8,1,1
m_02761,grocer,189,126,0.670123252,306,15.13,0.428,4628.49,0.0378,0.0594,0.8819,100,89.69,0.748,-1.768,43,0.434,28.19,2300,6,8.9,0,0
m_02762,kiosk,164,146,0.896294652,233,5.96,0.241,1388.32,0.1971,0.1119,0.941,97.82,96.08,1.191,0.288,29,0.277,30.67,300,18,18.1,0,0
m_02763,kiosk,43,35,0.834196908,90,24.53,0.179,2207.83,0.0204,0.0015,0.9083,96.35,99,-0.589,-0.471,19,0.156,36,700,6,7.4,0,0
m_02764,kiosk,105,30,0.287116958,78,15.13,0.253,1179.88,0.0776,0.0584,0.8438,94.2,95,-0.613,2.447,31,0.268,25.96,400,6,6.1,0,1
m_02765,cafe_bakery,227,191,0.842371338,390,26.71,0.129,10418.31,0.1104,0.0164,0.5956,99.08,94.66,0.852,-0.937,33,0.056,28.99,2800,6,7.3,0,0
m_02766,kiosk,166,97,0.589658053,124,18.48,0.381,2290.99,0.0114,0.0307,0.9026,97.56,100,-1.887,0.276,83,0.132,45.41,500,12,9.3,1,1
m_02767,kiosk,397,303,0.763731229,889,21.43,0.528,19054.75,0.0607,0.0881,0.6379,95.99,89.51,1.22,-0.788,43,0.458,38.04,3400,12,6,0,0
m_02768,takeaway,207,152,0.735073632,438,10.38,0.563,4544.71,0.1133,0.0277,0.9065,100,100,-0.24,2.168,12,0.208,37.32,1500,24,25.6,0,0
m_02769,cafe_bakery,384,199,0.518678996,430,14.51,0.187,6241.32,0.0997,0.049,0.6601,100,90.58,0.44,-2.566,34,0.105,37,1700,24,24.4,0,0
m_02770,kiosk,274,225,0.824817338,667,18.33,0.468,12223.12,0.1694,0.0201,0.8974,94.33,95.5,3.462,1.255,55,0.299,47.03,1900,9,10.5,0,0
m_02771,takeaway,44,33,0.76268601,62,17.09,0.363,1059.79,0.0687,0.0015,0.8992,98.75,97.46,-0.408,1.11,42,0.186,33.83,400,9,7.4,0,0
m_02772,takeaway,105,71,0.682226245,115,16.66,0.05,1915.45,0.1844,0.0135,0.7782,97.42,99.91,0.209,-1.343,35,0.04,29.27,700,6,7.6,0,1
m_02773,cafe_bakery,291,188,0.648982377,340,7.82,0.3,2658.9,0.1223,0.0212,0.7951,98.95,89.59,0.045,0.101,22,0.265,34.38,1300,18,8.3,0,0
m_02774,grocer,231,130,0.566731799,117,4.23,0.283,494.68,0.1084,0.0281,0.9044,100,96.65,-2.968,1.074,42,0.225,22.46,200,6,7.4,0,0
m_02775,grocer,141,104,0.739286684,208,7.44,0.532,1548.55,0.0706,0.0763,0.7493,100,93.53,0.917,-1.084,27,0.051,36.5,400,12,12.5,0,0
m_02776,cafe_bakery,223,97,0.435058334,219,2.01,0.219,440.29,0.1137,0.0897,0.4972,95.5,99.97,-3.507,-1.125,43,0.217,38.3,100,12,12.8,0,0
m_02777,kiosk,364,226,0.62145702,235,4.71,0.434,1107.71,0.0111,0.0112,0.94,92.02,93.48,1.136,-2.159,51,0.246,24.73,500,12,13.8,0,0
m_02778,takeaway,173,118,0.684094149,160,19.11,0.334,3058.03,0.1433,0.0391,0.8445,96.72,88.24,-1.037,4.345,59,0.127,26.74,500,24,24.7,0,0
m_02779,kiosk,46,31,0.682878486,73,13.38,0.133,976.81,0.0969,0.0681,0.7328,96.74,97.46,-1.107,-0.634,52,0.236,31.54,500,6,7.5,0,0
m_02780,kiosk,145,105,0.727596943,267,9.4,0.267,2508.63,0.0051,0.1722,0.7523,88.74,95.87,-0.058,-2.152,38,0.105,21.7,600,9,11.7,0,0
m_02781,takeaway,376,213,0.567701224,632,13.22,0.58,8354.41,0.0913,0.0301,0.8528,100,100,-1.989,-3.236,17,0.184,17.69,1600,6,6,0,0
m_02782,cafe_bakery,311,216,0.69712044,293,3.55,0.324,1039.1,0.1018,0.0981,0.9052,95.42,99.84,-0.168,-1.306,20,0.545,25.64,400,12,6.2,1,1
m_02783,grocer,339,235,0.694170966,623,14.9,0.486,9282.33,0.0591,0.0251,0.8096,96.85,92.48,-1.644,0.834,32,0.084,28.77,3400,18,19.8,0,0
m_02784,kiosk,367,206,0.562723527,242,6.42,0.478,1553.23,0.068,0.02,0.5592,95.29,99.89,-1.934,-0.211,48,0.276,34.69,600,6,8.9,0,0
m_02785,grocer,73,24,0.342434616,26,30.93,0.283,804.07,0.0242,0.1121,0.7314,96.38,96.38,-0.328,1.001,35,0.201,33.59,200,9,11.9,0,0
m_02786,cafe_bakery,134,86,0.647032841,206,22.01,0.157,4533.85,0.0299,0.1216,0.9367,100,98.85,1.835,1.731,41,0.09,27.59,2000,6,8.4,0,0
m_02787,kiosk,52,18,0.357181807,32,20.92,0.177,669.39,0.0672,0.0186,0.6886,97.25,92.97,1.083,-0.002,57,0.037,33.79,100,18,20.6,0,0
m_02788,takeaway,31,23,0.755534288,58,16.91,0.568,981,0.0669,0.1313,0.8681,100,94.48,-0.816,0.045,43,0.092,22.8,500,18,19.8,0,0
m_02789,kiosk,338,167,0.49517515,237,23.11,0.373,5477.19,0.0578,0.0709,0.8285,98.89,98.6,-0.246,3.431,28,0.035,12.96,1700,18,19.2,0,1
m_02790,takeaway,376,272,0.724852401,345,14.95,0.09,5156.66,0.117,0.0101,0.7642,99.1,98.92,-0.814,1.773,77,0.346,26.01,1200,9,11.1,0,0
m_02791,cafe_bakery,87,62,0.722266039,124,9.23,0.475,1144.05,0.1966,0.0492,0.7425,96.39,87.57,-1.791,1.069,48,0.225,30.51,400,18,18.5,0,0
m_02792,kiosk,297,253,0.854225617,266,21.13,0.082,5620.55,0.1198,0.0658,0.9279,96.82,98.31,-1.571,-0.386,50,0.033,22.23,1600,6,8.1,0,0
m_02793,grocer,227,169,0.748852378,238,27.56,0.226,6558.72,0.0338,0.1185,0.8479,100,92.62,0.397,1.651,40,0.154,13.39,1200,18,19.8,0,1
m_02794,cafe_bakery,55,33,0.615358533,38,8.13,0.362,308.98,0.0496,0.0257,0.7995,100,96.94,-1.095,1.005,68,0.198,19.37,100,24,7.9,0,0
m_02795,kiosk,368,193,0.52603319,290,5.2,0.728,1508.72,0.0574,0.0501,0.955,97.8,89.38,-0.091,0.929,76,0.501,15.97,600,12,1,0,0
m_02796,grocer,352,243,0.691975964,603,41.86,0.472,25241.85,0.1842,0.034,0.8462,98.67,99.53,-1.531,1.734,47,0.127,14.37,10900,18,13.2,0,0
m_02797,cafe_bakery,239,206,0.863183205,219,33.16,0.278,7261.08,0.1172,0.0105,0.9328,96.58,98.7,1.188,0.952,61,0.192,28.6,2300,12,12.5,0,0
m_02798,kiosk,291,86,0.296068621,184,15.93,0.354,2931.04,0.2803,0.0319,0.9415,97.66,92.7,0.958,-2.738,31,0.572,39.92,1000,12,8.2,1,1
m_02799,cafe_bakery,176,46,0.266155548,95,2.92,0.488,277.65,0.1978,0.0588,0.8117,97.26,97.61,2.335,0.409,59,0.196,28.44,100,18,9.9,1,1
m_02800,grocer,323,131,0.407395298,259,18.38,0.563,4761.67,0.0723,0.0331,0.6846,97.12,95.85,2.042,-1.93,53,0.213,39.8,1000,9,9.6,0,0
m_02801,kiosk,194,166,0.857171515,309,54.36,0.313,16797.75,0.0629,0.0236,0.6172,100,98.42,-1.382,1.567,18,0.251,2,5100,24,6.7,0,0
m_02802,kiosk,395,310,0.784818687,700,23,0.317,16101.65,0.0683,0.0052,0.8151,96.85,90.46,-1.29,-2.837,51,0.492,30,4900,12,10.2,0,0
m_02803,takeaway,53,36,0.682010168,96,21.9,0.225,2102.55,0.0267,0.0489,0.9122,95.11,91.15,0.527,0.238,11,0.309,33.66,900,12,13.4,0,0
m_02804,takeaway,93,61,0.6618247,70,15.22,0.45,1065.23,0.1183,0.046,0.7428,96.19,93.07,-1.329,0.416,19,0.283,20.39,200,6,6.9,0,0
m_02805,grocer,388,326,0.842352585,844,20.76,0.504,17520.54,0.0805,0.0947,0.6647,96.14,95.79,0.353,-1.994,55,0.557,19.17,4200,24,2.4,0,0
m_02806,kiosk,136,70,0.517144038,65,22.94,0.059,1490.93,0.0481,0.0396,0.8545,98.32,100,-0.519,0.138,15,0.275,24.48,500,12,14.7,0,0
m_02807,takeaway,144,53,0.368517163,98,17.48,0.29,1713.27,0.0148,0.047,0.7674,95.33,96.69,1.375,1.835,20,0.229,36.96,400,9,11.4,0,0
m_02808,kiosk,322,276,0.859466654,531,13.9,0.168,7380.11,0.1788,0.0542,0.948,100,99.78,1.418,-0.813,53,0.12,16.26,2300,9,9.7,0,0
m_02809,grocer,100,71,0.715894326,87,17.66,0.373,1536.23,0.0193,0.0515,0.7903,96.19,92.49,-0.46,0.879,37,0.079,19.81,500,6,7.8,0,1
m_02810,grocer,220,131,0.599091991,130,17.17,0.164,2232.11,0.0573,0.033,0.8007,100,93.71,-2.744,1.315,22,0.196,14.93,500,6,7.3,0,0
m_02811,cafe_bakery,135,86,0.638621588,82,3.38,0.152,277.37,0.0499,0.075,0.5121,97.08,93.3,1.516,-1.835,31,0.069,34.06,100,18,12.4,1,1
m_02812,cafe_bakery,103,85,0.832061495,74,48.53,0.519,3591.57,0.033,0.0634,0.8224,98.58,95.21,-0.917,0.383,42,0.177,21,1300,24,3.7,0,0
m_02813,cafe_bakery,386,291,0.756209763,600,21.91,0.325,13146.89,0.0725,0.0948,0.6176,99.98,98.67,-0.035,-0.122,30,0.32,27.03,5500,9,11.5,0,1
m_02814,cafe_bakery,103,63,0.6151301,71,30.24,0.341,2146.76,0.0713,0.0095,0.6513,100,94.66,-0.205,0.27,95,0.171,32.78,700,6,8.4,0,0
m_02815,grocer,64,31,0.499905581,79,18.76,0.415,1482.33,0.092,0.015,0.8064,98.88,94.79,0.576,-2.908,66,0.033,23.04,200,18,19.8,0,0
m_02816,takeaway,279,232,0.832478901,644,11.35,0.496,7311.82,0.105,0.0826,0.9161,100,98.32,-0.934,-2.515,18,0.067,13.35,2800,24,7.5,0,0
m_02817,cafe_bakery,350,270,0.772693134,389,26.64,0.287,10361.6,0.2111,0.0081,0.7939,97.01,93.97,-1.678,2.74,59,0.312,33.06,2900,6,8.7,0,0
m_02818,takeaway,77,58,0.765271165,67,4.98,0.291,333.59,0.1616,0.0313,0.7946,92.47,92.9,0.227,1.813,37,0.088,33.8,100,24,26.1,0,0
m_02819,cafe_bakery,291,152,0.524710966,258,22.43,0.291,5787.69,0.0363,0.0651,0.8953,96.9,94.66,1.24,0.74,4,0.436,44.05,2700,9,9.9,0,0
m_02820,takeaway,230,86,0.377521198,235,26.46,0.512,6218.85,0.0906,0.0278,0.9235,99.38,100,-0.185,2.103,63,0.276,31.11,1800,12,3.6,1,1
m_02821,kiosk,337,186,0.554637069,312,15.06,0.34,4697.17,0.0247,0.0014,0.6804,98.36,99.52,-0.189,-2.352,54,0.153,28.74,2200,24,13,0,0
m_02822,kiosk,76,47,0.629299515,48,21.18,0.306,1016.85,0.0732,0.0376,0.579,93.95,100,-1.78,-0.154,18,0.168,30.78,200,24,25.9,0,0
m_02823,kiosk,391,316,0.8101234,937,3.43,0.409,3214.63,0.0626,0.0536,0.8353,95.99,90.79,0.771,-0.342,36,0.178,26.19,1300,9,4.6,0,0
m_02824,kiosk,259,189,0.731641328,358,21.73,0.625,7780.07,0.0184,0.0334,0.8511,94.57,97.56,0.88,-1.24,26,0.198,27.68,2300,18,18.6,0,0
m_02825,takeaway,341,110,0.324033829,170,12.74,0.361,2165.42,0.0634,0.0523,0.8241,95.01,94.51,-0.161,-1.967,35,0.218,22.02,1000,24,13.8,0,0
m_02826,kiosk,163,127,0.781196901,351,21.25,0.31,7457.75,0.1491,0.0869,0.955,96.72,94.75,-1.462,2.932,30,0.148,30.66,3100,12,13.6,0,0
m_02827,kiosk,379,212,0.560489219,602,15.46,0.641,9308.98,0.1091,0.0457,0.8375,98.4,89.84,0.123,-0.959,57,0.112,30.85,2200,12,13.4,0,0
m_02828,kiosk,261,150,0.577737646,283,15.35,0.549,4342.97,0.0574,0.0596,0.5435,94.81,100,0.249,1.201,30,0.282,26.36,1300,18,8.5,0,0
m_02829,kiosk,76,58,0.775752064,85,21.63,0.528,1838.82,0.2581,0.0084,0.9016,95.1,89.51,-0.061,0.964,73,0.162,18.59,900,18,18.1,0,0
m_02830,cafe_bakery,371,345,0.93047919,642,13.13,0.275,8431.52,0.1699,0.0436,0.9346,99.13,99.56,-1.625,2.391,40,0.249,13.17,3200,12,6.7,0,0
m_02831,grocer,324,257,0.796045118,329,15,0.26,4935.56,0.1323,0.0725,0.7607,94.43,94.42,0.38,1.768,29,0.268,22.67,2200,9,10.2,0,0
m_02832,kiosk,141,115,0.816311634,212,42.89,0.075,9092.47,0.0347,0.069,0.7321,94.3,92.36,0.244,-0.315,36,0.423,21.62,2400,6,2,0,0
m_02833,kiosk,231,117,0.507979984,152,31.38,0.495,4769.6,0.0486,0.0211,0.8772,100,92.18,0.628,-2.23,29,0.579,24.05,2000,12,8.3,0,0
m_02834,takeaway,173,110,0.638167814,238,13.89,0.362,3306.69,0.0339,0.0615,0.7643,95.42,96.2,-0.204,2.085,21,0.303,23.4,700,6,8.7,0,0
m_02835,kiosk,231,74,0.322145311,182,15.65,0.08,2847.47,0.0118,0.0451,0.5947,91.52,94.53,1.925,2.744,25,0.338,45.16,1300,12,11.3,0,0
m_02836,grocer,387,257,0.665041192,753,10.85,0.53,8172.36,0.0962,0.0845,0.8662,93.28,96.02,-0.003,5.226,40,0.399,24.1,2800,9,10.5,0,0
m_02837,grocer,362,263,0.727314601,697,12.77,0.299,8897.76,0.0244,0.0411,0.883,91.02,88.06,2.093,2.256,37,0.284,14.66,1500,18,12.5,1,1
m_02838,grocer,109,85,0.785304045,84,13.14,0.318,1104.12,0.1463,0.1056,0.8082,100,87.74,0.334,-0.978,43,0.277,28.18,300,6,7.5,0,0
m_02839,cafe_bakery,389,275,0.70726765,347,16.98,0.123,5890.66,0.097,0.0369,0.8731,96.78,88.72,-1.737,-0.718,35,0.102,24.19,1900,6,7,0,0
m_02840,grocer,192,143,0.746197477,281,3.79,0.424,1066.03,0.1376,0.047,0.7829,93.88,99.21,1.254,-3.853,29,0.289,46.59,400,12,13,0,0
m_02841,kiosk,290,163,0.564355684,222,12.55,0.425,2786.13,0.0556,0.073,0.9153,98.68,100,-0.546,-1.323,21,0.232,30.97,1100,12,7.4,1,1
m_02842,kiosk,312,173,0.557094481,143,11.28,0.343,1612.59,0.101,0.0046,0.8251,100,94.95,-0.666,-2.238,30,0.056,36.97,600,12,13.1,0,0
m_02843,takeaway,208,148,0.715320487,364,33.73,0.287,12278.78,0.1502,0.0472,0.7422,96.49,98.98,1.557,1.476,43,0.546,28.3,5200,6,8.3,0,0
m_02844,cafe_bakery,198,124,0.627524299,196,15.54,0.744,3045.67,0.0509,0.0459,0.6163,100,97.39,-1.874,2.215,22,0.345,29.92,1300,18,19.7,0,0
m_02845,grocer,198,187,0.944897189,176,18.35,0.169,3229.6,0.1143,0.0562,0.6536,95.99,100,-2.628,4.816,25,0.222,22.66,1200,18,19.4,0,0
m_02846,kiosk,349,269,0.772212256,516,12.33,0.242,6363.45,0.11,0.0708,0.9474,93.47,100,-0.329,6.475,40,0.43,27.5,1400,9,11.5,0,1
m_02847,cafe_bakery,172,98,0.569994283,289,15.61,0.456,4512.65,0.1651,0.0183,0.733,100,91.06,0.452,0.798,40,0.202,18.97,1700,6,7.4,0,0
m_02848,grocer,133,102,0.769234957,233,12.77,0.198,2974.41,0.0622,0.021,0.8318,94.84,96.77,1.301,-0.866,21,0.083,23.61,900,6,7.3,0,0
m_02849,kiosk,163,51,0.316675132,58,17.13,0.187,993.26,0.0718,0.0733,0.7555,95.3,99.43,0.217,-0.482,44,0.077,31.15,200,12,12.5,0,0
m_02850,grocer,102,74,0.731494675,142,21.16,0.52,3004.26,0.0232,0.0098,0.7898,100,99.44,-3.376,-1.085,40,0.262,31.85,1000,12,14.9,0,1
m_02851,kiosk,174,87,0.505122613,242,6.62,0.441,1602.67,0.056,0.1161,0.7454,97.11,99.07,-1.456,4.987,85,0.17,30.19,700,9,3.2,0,0
m_02852,grocer,72,52,0.729142739,47,22.88,0.423,1075.5,0.0115,0.0402,0.7126,96.67,95.87,-1.89,-5.24,21,0.359,21.89,300,18,1.5,1,1
m_02853,kiosk,63,43,0.682714298,94,8.69,0.377,816.56,0.1021,0.0943,0.7125,96.24,98.71,-2.828,3.54,77,0.182,50.17,200,9,9.1,0,0
m_02854,cafe_bakery,297,249,0.840799155,594,43.74,0.246,25980.92,0.017,0.0603,0.8108,95,90.32,-0.255,-1.567,40,0.43,27.07,5700,9,11.3,0,0
m_02855,takeaway,58,41,0.7141812,96,16.91,0.312,1623.65,0.1207,0.0863,0.936,97.54,90.51,0.766,-0.482,14,0.055,30.43,600,6,3.2,0,0
m_02856,cafe_bakery,240,64,0.267508498,72,18.2,0.338,1310.6,0.2472,0.0291,0.5362,98.46,100,1.457,-4.86,30,0.219,40.63,300,9,3.6,1,1
m_02857,takeaway,318,185,0.584077527,517,18.62,0.477,9628.56,0.1758,0.0469,0.6037,96.33,100,0.745,2.41,30,0.269,18.69,3500,18,15,0,0
m_02858,cafe_bakery,298,205,0.689455769,309,16.29,0.414,5032.27,0.0589,0.0298,0.8915,98.7,100,-0.837,1.886,58,0.075,26.21,800,9,11.7,0,0
m_02859,cafe_bakery,195,154,0.790618575,140,10.2,0.211,1427.43,0.0379,0.0396,0.8838,98.24,95.38,1.624,-1.887,25,0.357,46.36,400,9,10.1,0,0
m_02860,takeaway,101,57,0.567795949,56,18.23,0.468,1020.89,0.1554,0.0333,0.9011,98.16,92.09,-0.316,2.515,17,0.266,32.57,400,6,6.8,0,0
m_02861,cafe_bakery,374,243,0.651674632,439,17.63,0.098,7739.57,0.0269,0.0764,0.888,96.15,95.25,0.091,2.13,43,0.263,35.95,1200,12,12.4,0,0
m_02862,kiosk,339,215,0.634973832,190,9.44,0.302,1794.21,0.036,0.0037,0.7939,95.89,100,-0.993,-0.76,39,0.173,24.27,300,12,13.7,0,0
m_02863,cafe_bakery,256,159,0.624006309,399,6.68,0.179,2663.92,0.0825,0.0236,0.5063,98.11,92.65,-0.368,-3.805,50,0.092,23.9,1300,24,4,0,0
m_02864,kiosk,62,45,0.726576295,121,26.54,0.221,3211.29,0.1125,0.0465,0.9441,93.4,95.31,-0.632,-0.138,66,0.268,17.23,500,18,7.6,0,0
m_02865,kiosk,43,9,0.209436551,7,12.54,0.639,87.76,0.2293,0.0808,0.9045,100,100,-2.072,2.383,63,0.205,48.01,0,12,13.5,0,0
m_02866,grocer,146,119,0.816566933,307,14.4,0.129,4420.8,0.0455,0.0361,0.807,89.45,96.32,0.956,-1.53,96,0.099,23.51,1200,12,14.7,0,0
m_02867,kiosk,88,42,0.481882212,124,17.68,0.227,2191.95,0.0847,0.105,0.902,95.32,94.45,0.252,2.463,77,0.211,14.5,600,12,7.9,0,0
m_02868,takeaway,348,240,0.690251794,208,10.02,0.427,2084.95,0.0585,0.0572,0.9395,98.54,99.02,1.192,-1.421,48,0.407,39.77,800,12,12.7,0,0
m_02869,takeaway,106,87,0.826741631,208,19.15,0.279,3982.69,0.0216,0.0265,0.975,99.19,94.09,-1.056,0.119,37,0.23,21.34,1800,6,7.2,0,0
m_02870,cafe_bakery,134,68,0.510187055,203,14.81,0.373,3006.63,0.06,0.0115,0.9284,94.47,97.91,1.058,-1.173,39,0.128,35.05,900,6,6.3,0,0
m_02871,kiosk,391,167,0.42848029,426,15.65,0.564,6665.92,0.0823,0.139,0.9,95.05,86.34,-2.353,0.613,56,0.26,34.74,1000,18,18.2,0,0
m_02872,kiosk,332,254,0.767357114,485,29.48,0.448,14299.06,0.0405,0.0149,0.823,97.15,88.99,0.812,1.942,27,0.256,38.37,6600,18,5.6,0,0
m_02873,kiosk,110,62,0.56716613,170,17.3,0.28,2940.96,0.1357,0.0672,0.8847,92.93,95.07,1.014,3.561,31,0.361,14.05,1400,9,9.3,0,0
m_02874,cafe_bakery,171,120,0.705599971,282,13.98,0.33,3943.2,0.0279,0.115,0.8347,93.39,100,-1.558,0.717,48,0.069,31.76,1400,12,14,0,0
m_02875,grocer,220,122,0.555282915,176,8.2,0.43,1442.65,0.0355,0.0296,0.6485,99.63,95.34,1.675,-2.817,17,0.269,17.14,300,12,9.4,1,1
m_02876,kiosk,275,223,0.812751873,288,18.57,0.445,5348.59,0.0903,0.0621,0.9408,99.45,95.79,2.338,1.564,26,0.08,28.59,2600,12,12.3,0,0
m_02877,cafe_bakery,376,177,0.47132018,341,25.93,0.353,8841.61,0.2717,0.1994,0.7489,97.04,97,-0.862,-0.296,22,0.275,36.58,2700,12,10.9,0,0
m_02878,kiosk,352,273,0.776395726,442,14.13,0.404,6244.44,0.0678,0.0744,0.8288,99.31,94.35,2.174,-0.339,67,0.143,10.87,2900,18,18.1,0,0
m_02879,cafe_bakery,391,294,0.752679715,448,25.81,0.404,11563.85,0.0126,0.0272,0.5971,97.28,89.56,-2.553,0.512,19,0.177,23.6,2700,9,10.9,0,1
m_02880,takeaway,45,29,0.662681423,34,18.72,0.336,636.51,0.1445,0.056,0.7112,94.68,98.75,-0.204,1.418,29,0.138,18.54,300,24,6.3,1,1
m_02881,grocer,117,29,0.25265543,77,16.52,0.259,1271.83,0.0619,0.0452,0.7584,93.52,97.06,-3.921,-0.527,25,0.197,29.61,500,6,5.6,0,0
m_02882,takeaway,238,129,0.542445628,303,20.04,0.461,6071.19,0.1248,0.0536,0.6229,98.87,97.37,1.394,1.462,31,0.384,16.83,1900,24,26.3,0,1
m_02883,takeaway,48,17,0.362156005,25,6.86,0.394,171.46,0.2196,0.0129,0.8983,94.98,91.54,-2.296,1.109,46,0.365,34.83,0,18,19.1,0,0
m_02884,kiosk,161,119,0.7437119,157,12.66,0.05,1987.06,0.0248,0.0976,0.6562,99.43,100,-2.927,1.463,43,0.206,25.52,600,12,6.2,1,1
m_02885,kiosk,86,65,0.759754947,70,12.95,0.226,906.52,0.0672,0.039,0.6742,96.08,94.28,0.393,2.06,40,0.13,27.46,400,24,4.9,0,0
m_02886,grocer,375,340,0.907945029,356,14.49,0.278,5159.71,0.1595,0.0367,0.7596,100,100,1.554,-4.113,48,0.436,30.3,2000,18,17.8,0,0
m_02887,takeaway,53,39,0.744893811,84,39.8,0.32,3343.38,0.0583,0.0196,0.7423,94.13,87.56,-0.607,-0.486,42,0.288,2,900,6,6.2,0,0
m_02888,cafe_bakery,84,37,0.443716638,38,16.84,0.531,639.77,0.0874,0.0997,0.6081,93.58,94.29,0.204,-0.005,7,0.284,17.32,200,24,4.6,1,1
m_02889,kiosk,102,77,0.755959488,224,6.15,0.83,1377.61,0.1116,0.0558,0.8276,97.62,100,2.643,-0.198,49,0.26,42.59,700,9,9.2,0,0
m_02890,grocer,84,56,0.678545702,79,10.86,0.05,858.01,0.0002,0.0685,0.9462,95.96,95.43,-1.426,-1.432,40,0.157,15.69,200,9,9.8,0,1
m_02891,kiosk,240,168,0.700464009,143,15.66,0.396,2238.71,0.1103,0.0048,0.9162,97.44,86.18,-1.472,-1.005,69,0.15,17.45,500,9,11.1,0,1
m_02892,kiosk,164,110,0.675392962,294,17.26,0.36,5074.78,0.0894,0.0288,0.867,96.78,92.16,1.628,1.342,21,0.371,24.4,2300,9,3.4,0,0
m_02893,cafe_bakery,367,165,0.451840341,265,1.93,0.323,510.18,0.1133,0.0224,0.7361,95.45,97.12,0.336,1.222,36,0.395,35.81,200,6,6.9,0,0
m_02894,takeaway,126,70,0.556093604,108,21.04,0.431,2272.56,0.0572,0.0338,0.7077,96.19,100,2.137,0.365,43,0.356,14.14,800,6,7.5,0,1
m_02895,takeaway,228,179,0.786866981,189,21.56,0.372,4074.2,0.0932,0.0598,0.942,90.43,94.85,-1.944,-1.708,78,0.364,25.36,1900,9,10.8,0,0
m_02896,kiosk,274,191,0.69756387,430,7.96,0.296,3421.28,0.2241,0.0481,0.8538,100,100,-2.683,2.019,17,0.22,40.21,1000,18,19.7,0,0
m_02897,takeaway,261,180,0.690095057,286,25.52,0.354,7298.97,0.0079,0.0015,0.945,95.08,97.58,-2.151,1.875,39,0.048,31.18,3000,12,14.7,0,0
m_02898,kiosk,324,260,0.802642121,678,14.07,0.433,9537.43,0.1223,0.0098,0.8429,98.31,94.35,1.06,2.525,40,0.08,18.09,4300,18,12.9,0,0
m_02899,kiosk,104,57,0.554179727,124,8.98,0.419,1113.79,0.0545,0.2164,0.9346,90.76,99.15,1.801,-1.263,22,0.202,38.35,400,24,17,0,0
m_02900,kiosk,217,140,0.646287501,383,7.58,0.378,2904.82,0.051,0.0426,0.59,94.34,99.84,1.606,7.554,31,0.14,24.67,1100,9,11,0,0
m_02901,cafe_bakery,326,211,0.649734387,457,20.79,0.262,9500.24,0.0563,0.0344,0.7561,97.75,94.85,0.833,0.74,31,0.347,32.58,3100,6,6.8,0,1
m_02902,kiosk,349,298,0.856411436,749,11.31,0.773,8474.91,0.1563,0.0471,0.6578,100,93.12,1.879,-1.215,24,0.126,20.18,1500,18,17.6,1,1
m_02903,grocer,258,138,0.538145741,321,18.32,0.404,5879.56,0.0624,0.0327,0.8711,98.32,89.53,-0.911,5.058,40,0.384,37.89,1500,12,12.5,0,0
m_02904,grocer,271,214,0.792148727,388,7.43,0.464,2884.45,0.026,0.0051,0.9383,98.65,97.67,-2.979,1.795,43,0.349,24.7,800,18,20.1,0,0
m_02905,kiosk,349,215,0.61823345,497,13.04,0.274,6483.07,0.1688,0.021,0.7626,95.5,93.69,-2.425,0.706,40,0.048,30.24,1500,9,9.5,0,0
m_02906,kiosk,261,235,0.90228002,531,20.02,0.378,10631.7,0.1392,0.0852,0.7804,96.93,98.09,-2.18,0.947,16,0.408,9.73,2600,18,1.6,0,0
m_02907,kiosk,381,199,0.523694835,162,28.98,0.377,4694.37,0.1037,0.0769,0.9192,96.38,97.17,-2.903,2.865,26,0.169,42.97,2100,24,8.1,0,0
m_02908,kiosk,77,53,0.701172573,123,30.73,0.063,3779.54,0.0502,0.0225,0.8209,97.89,97.41,-2.041,0.804,83,0.162,41.07,1300,6,7.9,0,0
m_02909,grocer,158,82,0.521353368,112,28.65,0.243,3209.03,0.0236,0.0325,0.7058,100,95.34,-1.388,-3.149,25,0.303,16.18,1500,24,6.7,1,1
m_02910,grocer,71,62,0.876318319,123,56.18,0.24,6910.15,0.1156,0.0299,0.7633,95.92,90.9,0.91,0.264,17,0.094,43.34,2100,18,19.1,0,0
m_02911,kiosk,63,25,0.397927319,26,18.48,0.26,480.48,0.0183,0.0161,0.9771,97.05,97.89,0.441,2.099,31,0.146,14.6,200,24,5.9,1,1
m_02912,cafe_bakery,204,178,0.875570784,151,7.29,0.19,1100.35,0.0737,0.09,0.9086,95.79,99.35,2.263,0.204,9,0.11,15.36,400,9,2.6,0,0
m_02913,kiosk,113,73,0.653847406,60,11.02,0.357,661.28,0.095,0.0894,0.8999,96.19,100,-1.859,-1.67,106,0.355,25.92,300,9,9.5,0,1
m_02914,kiosk,180,131,0.728058584,150,30.26,0.56,4539.38,0.0965,0.0379,0.8024,100,93.62,0.56,0.227,15,0.234,29.85,900,24,8,0,0
m_02915,takeaway,192,119,0.620980835,100,10.13,0.37,1013.27,0.051,0.1029,0.8597,98.31,91.81,1.974,2.029,22,0.298,36.89,300,9,9.4,0,0
m_02916,kiosk,259,93,0.361137704,101,1.49,0.173,150.76,0.124,0.068,0.8985,97.92,91.33,-0.766,2.852,24,0.249,27.11,100,24,7.4,1,1
m_02917,grocer,379,238,0.630346486,483,13.34,0.195,6443.9,0.0707,0.0088,0.6458,96.59,95.8,-0.668,-1.918,42,0.25,17.39,2700,6,7.7,0,0
m_02918,grocer,344,242,0.705454615,406,25.22,0.293,10240.94,0.0641,0.0659,0.784,94.38,99.21,2.073,-2.055,13,0.139,38.73,1900,18,20.3,0,0
m_02919,takeaway,169,64,0.382952549,189,10.89,0.138,2057.61,0.083,0.0251,0.9746,99.06,99.56,-0.534,0.182,123,0.394,26.27,700,24,0.4,1,1
m_02920,takeaway,150,119,0.798537188,306,31.11,0.396,9518.63,0.1152,0.1017,0.9393,99.49,100,2.15,-1.086,35,0.416,34.42,2300,12,12.3,0,0
m_02921,kiosk,315,276,0.877484603,309,41.98,0.553,12971.89,0.1388,0.0206,0.7866,99.62,97.54,-2.222,-0.856,12,0.259,37.55,5800,9,3.1,0,0
m_02922,kiosk,75,64,0.859624598,109,18.22,0.264,1986.44,0.0068,0.1167,0.6316,96.93,91.2,2.429,-0.237,84,0.154,22.44,800,12,1.8,0,0
m_02923,grocer,229,96,0.420943836,167,46.15,0.361,7706.65,0.1871,0.0066,0.9712,94.64,96.96,1.886,1.832,42,0.254,25.52,2700,18,15.5,1,1
m_02924,grocer,186,112,0.605656136,178,36.12,0.286,6429.22,0.1002,0.0284,0.844,98.9,87.6,-1.435,-1.388,30,0.286,34.53,2400,9,11.5,0,0
m_02925,kiosk,97,69,0.715987194,130,25.68,0.256,3338.04,0.2984,0.092,0.6801,100,94.61,-0.462,-2.032,12,0.406,37.67,1600,9,6.2,0,0
m_02926,cafe_bakery,258,186,0.72391527,422,19.66,0.378,8297.48,0.043,0.0276,0.8778,99.49,94.3,-1.862,-1.178,37,0.429,21.93,1300,18,18.5,0,1
m_02927,takeaway,148,104,0.703454893,229,18.65,0.251,4271.66,0.0222,0.0067,0.7901,94.64,97.84,-0.74,-2.726,30,0.078,27.71,1600,9,5.9,0,0
m_02928,kiosk,98,60,0.612587827,95,15.1,0.229,1434.1,0.0576,0.1058,0.5994,98.11,97.76,-2.346,0.405,15,0.157,14.17,300,9,11.6,0,1
m_02929,cafe_bakery,271,196,0.724833432,460,21.99,0.107,10113.97,0.0985,0.0205,0.8631,91.14,93.04,-2.67,0.518,38,0.081,23.98,4900,18,20.2,0,0
m_02930,kiosk,94,79,0.849198822,113,3.68,0.36,415.43,0.0174,0.0584,0.9034,100,93.16,-1.881,2.32,28,0.19,42.86,100,6,6.3,0,0
m_02931,takeaway,278,173,0.625235065,456,37.03,0.51,16886.08,0.0389,0.0786,0.4554,97.49,96.26,1.555,-1.817,28,0.591,9.73,4100,18,5.8,0,0
m_02932,cafe_bakery,89,73,0.824223577,213,46.6,0.456,9926.67,0.121,0.0579,0.9577,97.58,97.91,-2.79,0.546,60,0.116,46.19,1500,9,5.9,0,0
m_02933,cafe_bakery,190,112,0.593096165,162,3.46,0.574,560.39,0.0032,0.0651,0.9622,100,98.94,2.059,0.97,68,0.287,46.45,100,9,10,0,0
m_02934,takeaway,328,296,0.902854619,747,24.79,0.249,18519.39,0.052,0.0292,0.7829,95.22,94.06,1.372,-2.796,52,0.282,16.08,9100,9,9.1,0,0
m_02935,cafe_bakery,114,96,0.845801037,248,35.36,0.478,8769.24,0.0979,0.0188,0.6366,97.35,95.8,1.976,0.738,48,0.103,17.52,3700,12,14.3,0,1
m_02936,takeaway,314,194,0.620338965,364,17.19,0.185,6256.91,0.0525,0.0971,0.9697,94.41,91.83,0.517,0.813,52,0.102,28.2,3000,12,6.7,0,0
m_02937,cafe_bakery,297,222,0.749669861,220,14.64,0.456,3220.64,0.0482,0.0239,0.9751,92.51,91.89,2.474,0.044,22,0.236,23.96,900,12,13.4,0,0
m_02938,kiosk,363,234,0.645561682,591,12.7,0.597,7507.41,0.1244,0.0328,0.9469,97.84,88.27,-2.151,-2.263,31,0.468,38.62,1900,12,14.4,0,0
m_02939,grocer,92,45,0.492930731,76,11.23,0.425,853.32,0.0082,0.0194,0.7965,97.7,93.47,2.053,0.148,51,0.265,35.81,300,24,15.5,0,0
m_02940,kiosk,294,222,0.756270811,279,19.15,0.599,5343.28,0.227,0.028,0.6406,90.63,100,4.562,-3.612,47,0.217,27.27,2100,9,10.8,0,1
m_02941,takeaway,376,240,0.64086902,522,30.96,0.26,16163.06,0.0465,0.0443,0.5796,99.19,100,-0.395,0.95,21,0.233,14.87,7800,18,18,0,0
m_02942,grocer,312,225,0.721743656,396,4,0.33,1585.74,0.0112,0.0188,0.7961,96.87,98.27,-0.083,1.783,39,0.072,25.37,400,18,9.3,1,1
m_02943,cafe_bakery,99,53,0.536930027,52,8.42,0.213,437.92,0.1537,0.006,0.8577,99.26,100,-1.382,-0.138,20,0.42,53.52,200,9,11.7,0,0
m_02944,grocer,334,118,0.354137797,349,10.72,0.355,3741.56,0.2062,0.0662,0.9189,97.71,99.24,0.1,2.859,22,0.164,30.4,1300,9,6.3,0,0
m_02945,kiosk,69,50,0.730704199,66,5.54,0.39,365.84,0.161,0.0374,0.8722,100,96.69,0.279,-1.094,52,0.303,42.52,100,6,8.6,0,0
m_02946,kiosk,247,174,0.705541649,334,23.24,0.354,7763.04,0.0433,0.0349,0.8631,100,86.26,-3.545,-1.156,43,0.385,31.91,3800,18,19,0,1
m_02947,kiosk,214,142,0.664885431,322,21.47,0.279,6913.23,0.1596,0.0106,0.9684,97.6,100,0.918,-0.257,42,0.14,45.54,3300,24,17.8,0,0
m_02948,grocer,226,184,0.818551942,193,26.58,0.276,5129.26,0.0672,0.0172,0.8719,99.77,95.17,1.664,4.827,32,0.133,27.52,2100,6,7,0,0
m_02949,grocer,222,170,0.769870136,412,2.96,0.402,1218.18,0.1687,0.033,0.5947,99.65,95.15,-1.322,-0.268,42,0.1,40.32,300,6,8.4,0,0
m_02950,kiosk,41,16,0.405307701,35,24.76,0.326,866.53,0.0574,0.0035,0.9687,93.45,100,-0.637,4.587,34,0.602,37.92,200,12,12.1,0,0
m_02951,takeaway,218,123,0.566111329,232,30.86,0.177,7159.67,0.2688,0.0879,0.8596,94.35,96.64,1.272,0.223,25,0.3,29.06,2800,24,26.7,0,0
m_02952,kiosk,376,189,0.504429256,370,23.51,0.065,8699.65,0.1425,0.0826,0.4984,93.97,100,-1.394,-1.314,51,0.114,29.1,2400,24,20.4,0,0
m_02953,grocer,191,75,0.396376803,217,16.36,0.261,3550.68,0.2967,0.0639,0.8895,98.99,92.68,1.115,4.206,11,0.381,13.51,1500,9,7.4,0,0
m_02954,kiosk,132,74,0.563886059,207,14.99,0.143,3102.27,0.0084,0.1071,0.7753,94.88,100,0.429,0.669,30,0.057,24.41,1500,18,3.3,0,0
m_02955,cafe_bakery,398,307,0.773751044,321,20.28,0.225,6509.82,0.1657,0.0166,0.4618,90.9,95.02,3.502,-0.288,68,0.305,53.14,2400,12,14.4,0,0
m_02956,grocer,66,26,0.405745148,41,18.9,0.287,774.7,0.0592,0.0243,0.6739,93.97,96.4,-0.192,2.022,28,0.083,46.19,300,18,20.9,0,0
m_02957,takeaway,209,195,0.935119507,377,10.94,0.328,4123.15,0.1841,0.0078,0.9918,95.85,92.48,-0.801,2.795,26,0.16,27.38,1600,18,20.4,0,0
m_02958,cafe_bakery,219,111,0.509576155,313,3.18,0.25,993.98,0.0632,0.0119,0.9176,98.38,93.48,0.371,-0.863,12,0.098,19.73,400,24,10.6,0,0
m_02959,grocer,206,140,0.683822908,363,11.96,0.679,4341.82,0.0961,0.0435,0.7838,100,100,0.174,2.104,28,0.032,40.63,1400,12,12.9,0,0
m_02960,takeaway,371,189,0.511141717,311,43.56,0.161,13548.27,0.0891,0.0279,0.796,99.86,98.07,2.448,-0.153,55,0.083,31.17,5900,6,7.1,0,0
m_02961,cafe_bakery,186,139,0.74815117,382,3.59,0.531,1370.58,0.0541,0.0199,0.5551,97.53,97.69,2.369,-1.662,75,0.281,33.05,200,6,2.5,0,0
m_02962,grocer,390,232,0.595601206,378,18.71,0.326,7072.35,0.0828,0.0734,0.5995,94.52,89.47,-1.094,-1.115,43,0.747,25.26,2800,12,7.4,1,1
m_02963,grocer,54,29,0.546508641,40,37.78,0.251,1511.1,0.0708,0.0056,0.5772,90.99,89.58,-0.288,-2.044,26,0.216,43.23,300,9,10.7,0,0
m_02964,cafe_bakery,301,168,0.56078245,359,26.95,0.438,9676.11,0.0711,0.0813,0.631,95.54,92.31,-1.042,0.474,67,0.324,30.88,4100,12,13.9,0,0
m_02965,grocer,249,145,0.585430804,229,29.37,0.282,6724.81,0.186,0.0209,0.9043,96.14,94.42,-1.308,0.481,66,0.126,34.55,2500,24,18.6,0,0
m_02966,cafe_bakery,119,76,0.643566242,164,27.49,0.229,4507.71,0.1028,0.019,0.8289,97.3,95.59,-4.891,2.584,45,0.183,17.74,1300,6,6.3,0,0
m_02967,kiosk,114,95,0.841787081,161,5.59,0.618,900.45,0.1185,0.0207,0.7594,99.68,97.27,2.533,2.037,19,0.071,20.46,300,12,2.6,0,0
m_02968,kiosk,296,198,0.670467066,505,33.97,0.05,17155.24,0.1276,0.0715,0.88,99.01,100,-1.005,-0.508,27,0.508,16.78,3900,24,1.3,0,0
m_02969,cafe_bakery,265,193,0.73006679,559,36.72,0.313,20524.08,0.152,0.1104,0.8345,97.28,100,-0.669,-0.086,30,0.079,32.71,5600,24,9.4,0,0
m_02970,grocer,256,211,0.824844443,294,6.91,0.379,2030.14,0.0264,0.0347,0.5682,95.8,96.78,4.155,-0.998,22,0.168,29.04,400,24,26.4,0,1
m_02971,takeaway,48,39,0.821294046,74,12.64,0.561,935.01,0.0271,0.0327,0.5072,92.43,92.62,-0.96,0.519,47,0.554,14.85,300,18,18.3,0,0
m_02972,takeaway,251,142,0.569447929,339,17.35,0.29,5880.24,0.1478,0.0019,0.7536,94.6,98.92,-0.275,-0.142,34,0.256,31.32,1800,9,1.7,1,1
m_02973,grocer,393,251,0.639150673,288,12.73,0.749,3667.45,0.1813,0.0997,0.8917,94.11,96.74,0.401,0.399,28,0.59,29.43,800,24,10.2,1,1
m_02974,kiosk,36,17,0.486774651,43,10.31,0.464,443.34,0.0994,0.0622,0.8561,100,97.87,0.507,3.224,34,0.121,9.43,100,9,11.6,0,1
m_02975,grocer,203,175,0.864719788,364,10.47,0.05,3811.76,0.188,0.04,0.912,100,100,-0.928,3.328,17,0.235,20.85,1700,12,13.3,0,0
m_02976,kiosk,212,89,0.420426138,100,24.71,0.132,2470.98,0.0308,0.0214,0.7346,93.22,94.45,1.685,-0.949,31,0.448,30.53,1100,12,15,0,0
m_02977,takeaway,361,326,0.903400956,883,28.86,0.386,25484.65,0.2206,0.01,0.8444,98.18,100,0.241,1.854,68,0.206,17.73,11900,9,11.4,0,0
m_02978,cafe_bakery,134,86,0.642854026,149,10.5,0.178,1564.73,0.0352,0.039,0.8877,92.95,90.3,0.168,1.607,36,0.156,25.43,300,12,13.4,0,0
m_02979,kiosk,205,176,0.860208971,209,28.75,0.432,6009.16,0.0441,0.0238,0.9495,97.67,98.91,-1.011,-0.799,24,0.144,20.55,1200,18,18.7,0,0
m_02980,cafe_bakery,295,198,0.673696449,243,12.7,0.282,3085.66,0.0945,0.036,0.8575,95.53,93.4,-0.196,3.124,25,0.208,12.21,700,18,1.2,0,0
m_02981,grocer,52,30,0.586619208,75,7.24,0.171,542.84,0.0675,0.0527,0.9492,96.57,96.9,1.462,-2.657,19,0.283,6.82,100,12,7.7,0,0
m_02982,takeaway,326,232,0.714608333,663,19.99,0.205,13250.23,0.0295,0.0031,0.864,100,97.32,1.467,2.451,43,0.068,16.2,5000,12,12.5,0,1
m_02983,takeaway,334,258,0.774969301,421,16.87,0.478,7101.19,0.0332,0.0561,0.6534,98.12,94.6,-0.644,0.066,28,0.087,47.86,2700,24,24.6,0,0
m_02984,cafe_bakery,296,167,0.564963641,162,20.43,0.05,3310.15,0.0933,0.0189,0.7614,99.61,93.43,-1.161,-1.843,72,0.418,15.59,800,18,14.2,0,0
m_02985,kiosk,269,243,0.903922725,248,20.24,0.507,5018.46,0.1955,0.0585,0.9839,98.51,92.6,1.318,-0.068,87,0.282,26.25,2000,9,9.8,0,0
m_02986,kiosk,306,241,0.78980223,539,19,0.511,10241.28,0.098,0.0106,0.9328,94.8,97.15,0.452,4.056,6,0.308,27.31,2500,6,7.1,0,0
m_02987,cafe_bakery,319,273,0.858314505,441,15.7,0.3,6923.96,0.0565,0.1438,0.876,93.07,98.54,1.315,5.322,45,0.058,47.38,2900,6,8.7,0,1
m_02988,cafe_bakery,364,310,0.851707235,538,28.38,0.139,15270.85,0.075,0.0186,0.8191,96.1,100,-1.453,-1.257,31,0.624,7.26,3900,18,12.2,0,0
m_02989,takeaway,188,164,0.873251685,252,23.64,0.433,5956.1,0.1444,0.1044,0.7972,96.1,94.98,-0.032,0.222,29,0.073,20.76,1800,12,9.2,0,0
m_02990,kiosk,198,110,0.556904122,200,12.98,0.277,2595.96,0.1025,0.0191,0.853,95.43,89.86,1.319,-0.072,57,0.351,30.84,1200,6,8.4,0,0
m_02991,kiosk,266,113,0.427694407,250,12.78,0.123,3194.87,0.0527,0.0922,0.9081,94.89,97.89,-1.068,0.262,51,0.149,26.68,1300,9,10.7,0,0
m_02992,cafe_bakery,101,83,0.821917315,165,5.23,0.636,863.5,0.0794,0.09,0.9298,97.2,89.04,2.831,3.55,83,0.388,23.63,200,9,5.6,0,0
m_02993,cafe_bakery,346,199,0.577893366,231,5.85,0.217,1352.22,0.2327,0.0512,0.8564,100,100,2.445,-0.482,32,0.51,33.39,400,12,9.8,1,1
m_02994,cafe_bakery,315,146,0.466330686,274,15.02,0.129,4116.55,0.0273,0.068,0.6405,90.7,99.03,-0.306,-1.264,94,0.253,6.68,1000,9,12,0,1
m_02995,cafe_bakery,263,180,0.685721033,326,26.34,0.393,8587.13,0.1959,0.0627,0.637,93.27,91.97,-0.295,-0.589,32,0.598,24.85,2600,12,9.6,0,0
m_02996,grocer,141,82,0.585541949,164,9.38,0.34,1538.72,0.1195,0.0074,0.8667,97.78,89.66,0.482,-0.075,46,0.35,22.05,400,6,8,0,0
m_02997,kiosk,158,89,0.567042125,92,24.26,0.573,2231.52,0.0278,0.0249,0.9187,91.43,92.55,0.255,1.84,20,0.157,36.59,400,9,5.2,0,0
m_02998,kiosk,190,93,0.491287733,105,18.6,0.293,1953.12,0.0484,0.0173,0.7684,92.67,98.12,1.822,0.551,22,0.199,6.51,900,6,6.6,0,1
m_02999,takeaway,275,196,0.715246548,385,9.78,0.295,3765.08,0.1052,0.0363,0.9127,100,92.92,-1.321,1.631,26,0.289,25.49,1800,24,4.7,0,0
